Date,Open,High,Low,Close,Volume,Day,Month,Momentum,MovingAverage,Return,LogReturn
2006-08-25,1295.9200439453125,1298.8800048828125,1292.3900146484375,1295.0899658203125,1667580000.0,Friday,August,28.3499755859375,1283.2925048828124,-0.0007484936882400373,-0.0007487739494986201
2006-08-28,1295.0899658203125,1305.02001953125,1293.969970703125,1301.780029296875,1834920000.0,Monday,August,33.570068359375,1284.5485046386718,0.005165713311912734,0.005152416785938775
2006-08-29,1301.5699462890625,1305.02001953125,1295.2900390625,1304.280029296875,2093720000.0,Tuesday,August,18.7000732421875,1286.21650390625,0.0019204473442031578,0.0019186056427523657
2006-08-30,1303.699951171875,1306.739990234375,1302.1500244140625,1305.3699951171875,2060690000.0,Wednesday,August,9.93994140625,1287.614501953125,0.0008356838990319915,0.0008353349096587734
2006-08-31,1304.25,1306.1099853515625,1302.449951171875,1303.8199462890625,1974540000.0,Thursday,August,6.3399658203125,1288.7919982910157,-0.0011874402153588814,-0.0011881457810914624
2006-09-01,1303.800048828125,1312.030029296875,1303.800048828125,1311.010009765625,1800520000.0,Friday,September,8.7099609375,1290.3744995117188,0.00551461380616769,0.005499463994837353
2006-09-04,1303.800048828125,1312.030029296875,1303.800048828125,1311.010009765625,1800520000.0,Monday,September,13.489990234375,1292.1364990234374,0.0,0.0
2006-09-05,1310.93994140625,1314.6700439453125,1308.8199462890625,1313.25,2114480000.0,Tuesday,September,14.4300537109375,1294.225,0.0017085988800158436,0.0017071408854651042
2006-09-06,1313.0400390625,1313.0400390625,1299.280029296875,1300.260009765625,2329870000.0,Wednesday,September,7.27001953125,1295.9405029296875,-0.009891483140586299,-0.00994072887125942
2006-09-07,1300.2099609375,1301.25,1292.1300048828125,1294.02001953125,2325850000.0,Thursday,September,-2.0400390625,1297.0510009765626,-0.004799032645401269,-0.004810584977398314
2006-09-08,1294.02001953125,1300.1400146484375,1294.02001953125,1298.9200439453125,2132890000.0,Friday,September,3.830078125,1298.6600036621094,0.0037866681659510792,0.003779516785635686
2006-09-11,1298.8599853515625,1302.3599853515625,1290.9300537109375,1299.5400390625,2506430000.0,Monday,September,-2.239990234375,1300.2265075683595,0.00047731584409493877,0.0004772019651234773
2006-09-12,1299.530029296875,1314.280029296875,1299.530029296875,1313.0,2791580000.0,Tuesday,September,8.719970703125,1301.597509765625,0.010357480749273451,0.010304209566623772
2006-09-13,1312.739990234375,1319.9200439453125,1311.1199951171875,1318.0699462890625,2597220000.0,Wednesday,September,12.699951171875,1302.7295043945312,0.00386134523157855,0.003853909373543101
2006-09-14,1318.0,1318.0,1313.25,1316.280029296875,2351220000.0,Thursday,September,12.4600830078125,1303.6695068359375,-0.0013579833128180008,-0.001358906207768862
2006-09-15,1316.280029296875,1324.6500244140625,1316.280029296875,1319.6600341796875,3198030000.0,Friday,September,8.6500244140625,1304.5375061035156,0.0025678463606395585,0.002564555076311261
2006-09-18,1319.8499755859375,1324.8699951171875,1318.1600341796875,1321.1800537109375,2325080000.0,Monday,September,10.1700439453125,1305.7205078125,0.0011518266007009004,0.0011511637573800798
2006-09-19,1321.1700439453125,1322.0400390625,1312.1700439453125,1317.6400146484375,2390850000.0,Tuesday,September,4.3900146484375,1306.6615112304687,-0.0026794523975416373,-0.002683048555375884
2006-09-20,1318.280029296875,1328.530029296875,1318.280029296875,1325.1800537109375,2543070000.0,Wednesday,September,24.9200439453125,1308.271014404297,0.005722381666218412,0.005706071034442844
2006-09-21,1324.8900146484375,1328.18994140625,1315.449951171875,1318.030029296875,2627440000.0,Thursday,September,24.010009765625,1309.3695129394532,-0.005395511646919315,-0.005410119989902893
2006-09-22,1318.030029296875,1318.030029296875,1310.93994140625,1314.780029296875,2162880000.0,Friday,September,15.8599853515625,1310.3540161132812,-0.002465801178850091,-0.00246884627333857
2006-09-25,1314.780029296875,1329.3499755859375,1311.5799560546875,1326.3699951171875,2710240000.0,Monday,September,26.8299560546875,1311.583514404297,0.00881513680011592,0.008776510314245868
2006-09-26,1326.3499755859375,1336.5999755859375,1325.300048828125,1336.3499755859375,2673350000.0,Tuesday,September,23.3499755859375,1313.18701171875,0.007524280936307193,0.007496114733216495
2006-09-27,1336.1199951171875,1340.0799560546875,1333.5400390625,1336.5899658203125,2749190000.0,Wednesday,September,18.52001953125,1314.7480102539062,0.00017958636491899327,0.00017957024121812985
2006-09-28,1336.56005859375,1340.280029296875,1333.75,1338.8800048828125,2397820000.0,Thursday,September,22.5999755859375,1316.5010131835938,0.0017133444968626677,0.0017118783965645722
2006-09-29,1339.1500244140625,1339.8800048828125,1335.6400146484375,1335.8499755859375,2273430000.0,Friday,September,16.18994140625,1317.7430114746094,-0.0022631074374287463,-0.002265672135253866
2006-10-02,1335.8199462890625,1338.5400390625,1330.280029296875,1331.3199462890625,2154480000.0,Monday,October,10.139892578125,1318.7585083007812,-0.00339112129330843,-0.003396884177235413
2006-10-03,1331.3199462890625,1338.31005859375,1327.0999755859375,1334.1099853515625,2682690000.0,Tuesday,October,16.469970703125,1319.8015075683593,0.0020956938790537283,0.0020935009758710986
2006-10-04,1333.81005859375,1350.199951171875,1331.47998046875,1350.199951171875,3019880000.0,Wednesday,October,25.0198974609375,1322.2985046386718,0.012060449286025232,0.01198830157743166
2006-10-05,1349.8399658203125,1353.7900390625,1347.75,1353.219970703125,2817240000.0,Thursday,October,35.18994140625,1325.2585021972657,0.002236720219570998,0.0022342224846966835
2006-10-06,1353.219970703125,1353.219970703125,1344.2099609375,1349.5899658203125,2523000000.0,Friday,October,34.8099365234375,1327.7919982910157,-0.0026824943182935934,-0.002686098653359275
2006-10-09,1349.5799560546875,1352.68994140625,1346.550048828125,1350.6600341796875,1935170000.0,Monday,October,24.2900390625,1330.347998046875,0.0007928840510640356,0.000792569884558926
2006-10-10,1350.6199951171875,1354.22998046875,1348.5999755859375,1353.4200439453125,2376140000.0,Tuesday,October,17.070068359375,1332.3690002441406,0.0020434526052304225,0.0020413675958842036
2006-10-11,1353.280029296875,1353.969970703125,1343.5699462890625,1349.949951171875,2521000000.0,Wednesday,October,13.3599853515625,1333.9630004882813,-0.002563943683974057,-0.002567236216697791
2006-10-12,1349.93994140625,1363.760009765625,1349.93994140625,1362.8299560546875,2514350000.0,Thursday,October,23.949951171875,1336.2904968261719,0.009541098076733423,0.009495869261272884
2006-10-13,1362.8199462890625,1366.6300048828125,1360.5,1365.6199951171875,2482920000.0,Friday,October,29.77001953125,1338.5884948730468,0.002047239312655602,0.0020451465739917867
2006-10-16,1365.6099853515625,1370.199951171875,1364.47998046875,1369.06005859375,2305920000.0,Monday,October,37.7401123046875,1340.9824951171875,0.0025190488487738527,0.002515881363474249
2006-10-17,1369.050048828125,1369.050048828125,1356.8699951171875,1364.050048828125,2519620000.0,Tuesday,October,29.9400634765625,1343.302996826172,-0.0036594521432252725,-0.003666164318479104
2006-10-18,1363.9300537109375,1372.8699951171875,1360.949951171875,1365.800048828125,2658840000.0,Wednesday,October,15.60009765625,1345.3339965820312,0.0012829441276758224,0.0012821218580672926
2006-10-19,1365.949951171875,1368.0899658203125,1362.06005859375,1366.9599609375,2619830000.0,Thursday,October,13.739990234375,1347.7804931640626,0.0008492546990097605,0.0008488942862782346
2006-10-20,1366.93994140625,1368.6600341796875,1362.0999755859375,1368.5999755859375,2526410000.0,Friday,October,19.010009765625,1350.4714904785155,0.0011997532446470505,0.0011990341158502982
2006-10-23,1368.5799560546875,1377.4000244140625,1363.93994140625,1377.02001953125,2480430000.0,Monday,October,26.3599853515625,1353.0039916992187,0.006152304614580828,0.006133456455451609
2006-10-24,1377.02001953125,1377.780029296875,1372.4200439453125,1377.3800048828125,2876890000.0,Tuesday,October,23.9599609375,1355.0554931640625,0.0002614234698528062,0.0002613893046917648
2006-10-25,1377.3599853515625,1383.6099853515625,1376.0,1382.219970703125,2953540000.0,Wednesday,October,32.27001953125,1357.3369934082032,0.003513892900401272,0.003507733603266655
2006-10-26,1382.2099609375,1389.449951171875,1379.469970703125,1389.0799560546875,2793350000.0,Thursday,October,26.25,1359.846990966797,0.004963019994619788,0.004950744808794787
2006-10-27,1388.8900146484375,1388.8900146484375,1375.8499755859375,1377.3399658203125,2458450000.0,Friday,October,11.719970703125,1361.9214904785156,-0.00845163029183671,-0.008487547836851525
2006-10-30,1377.300048828125,1381.219970703125,1373.4599609375,1377.9300537109375,2770440000.0,Monday,October,8.8699951171875,1364.2519958496093,0.00042842573748558266,0.00042833398938320956
2006-10-31,1377.9300537109375,1381.2099609375,1372.18994140625,1377.93994140625,2803030000.0,Tuesday,October,13.889892578125,1366.4434936523437,7.175759964006545e-06,7.175734218364178e-06
2006-11-01,1377.760009765625,1381.949951171875,1366.260009765625,1367.81005859375,2821160000.0,Wednesday,November,2.010009765625,1367.3239990234374,-0.007351469035843494,-0.00737862425334979
2006-11-02,1367.43994140625,1368.3900146484375,1362.2099609375,1367.3399658203125,2646180000.0,Thursday,November,0.3800048828125,1368.0299987792969,-0.0003436827873022352,-0.00034374185976655965
2006-11-03,1367.31005859375,1371.6800537109375,1360.97998046875,1364.300048828125,2419730000.0,Friday,November,-4.2999267578125,1368.7655029296875,-0.0022232342125417803,-0.0022257092668210425
2006-11-06,1364.27001953125,1381.4000244140625,1364.27001953125,1379.780029296875,2533550000.0,Monday,November,2.760009765625,1370.221502685547,0.011346463325312195,0.011282575026932747
2006-11-07,1379.75,1388.18994140625,1379.18994140625,1382.8399658203125,2636390000.0,Tuesday,November,5.4599609375,1371.6924987792968,0.002217698805944357,0.0022152433415975263
2006-11-08,1382.5,1388.6099853515625,1379.3299560546875,1385.719970703125,2814820000.0,Wednesday,November,3.5,1373.4809997558593,0.0020826740288086842,0.002080508269778957
2006-11-09,1385.4300537109375,1388.9200439453125,1377.31005859375,1378.3299560546875,3012050000.0,Thursday,November,-10.75,1374.2559997558594,-0.005332978382845854,-0.005347249472951695
2006-11-10,1378.3299560546875,1381.0400390625,1375.5999755859375,1380.9000244140625,2290200000.0,Friday,November,3.56005859375,1375.020001220703,0.0018646249021037065,0.0018628886470654841
2006-11-13,1380.5799560546875,1387.6099853515625,1378.800048828125,1384.4200439453125,2386340000.0,Monday,November,6.489990234375,1375.7880004882813,0.0025490763045961096,0.0025458329201797896
2006-11-14,1384.3599853515625,1394.489990234375,1379.0699462890625,1393.219970703125,3027480000.0,Tuesday,November,15.280029296875,1377.2464965820313,0.006356399415263114,0.006336282710039514
2006-11-15,1392.9100341796875,1401.3499755859375,1392.1300048828125,1396.5699462890625,2831130000.0,Wednesday,November,28.7598876953125,1378.7849914550782,0.002404484328664136,0.0024015981817582426
2006-11-16,1396.530029296875,1403.760009765625,1396.530029296875,1399.760009765625,2835730000.0,Thursday,November,32.4200439453125,1380.4249938964845,0.002284213178895156,0.0022816083299046206
2006-11-17,1399.760009765625,1401.2099609375,1394.550048828125,1401.199951171875,2726100000.0,Friday,November,36.89990234375,1382.0549926757812,0.0010287059183031744,0.001028177162961429
2006-11-20,1401.1700439453125,1404.3699951171875,1397.8499755859375,1400.5,2546710000.0,Monday,November,20.719970703125,1383.2289916992188,-0.0004995369656483062,-0.0004996617758049194
2006-11-21,1400.4300537109375,1403.489990234375,1399.989990234375,1402.81005859375,2597940000.0,Tuesday,November,19.9700927734375,1384.5004943847657,0.001649452762406245,0.0016480939092360738
2006-11-22,1402.68994140625,1407.8900146484375,1402.260009765625,1406.0899658203125,2237710000.0,Wednesday,November,20.3699951171875,1385.693994140625,0.0023380978817977294,0.002335368784049262
2006-11-23,1402.68994140625,1407.8900146484375,1402.260009765625,1406.0899658203125,2237710000.0,Thursday,November,27.760009765625,1386.5444946289062,0.0,0.0
2006-11-24,1405.93994140625,1405.93994140625,1399.25,1400.949951171875,832550000.0,Friday,November,20.0499267578125,1387.7249938964844,-0.0036555375355650233,-0.0036622353406025425
2006-11-27,1400.949951171875,1400.949951171875,1381.43994140625,1381.9599609375,2711210000.0,Monday,November,-2.4600830078125,1387.9264892578126,-0.013555081120842472,-0.013647789970175506
2006-11-28,1381.6099853515625,1387.9100341796875,1377.8299560546875,1386.719970703125,2639750000.0,Tuesday,November,-6.5,1388.3654907226562,0.0034443905034671207,0.0034384721766224924
2006-11-29,1386.1099853515625,1401.1400146484375,1386.1099853515625,1399.47998046875,2790970000.0,Wednesday,November,2.9100341796875,1389.9489868164062,0.009201576407062984,0.00915949981987441
2006-11-30,1399.469970703125,1406.300048828125,1393.8299560546875,1400.6300048828125,4006230000.0,Thursday,November,0.8699951171875,1391.6134887695312,0.0008217512433992269,0.0008214137907016746
2006-12-01,1400.6300048828125,1402.4599609375,1385.9300537109375,1396.7099609375,2800980000.0,Friday,December,-4.489990234375,1393.233984375,-0.002798771932377986,-0.0028026958176261096
2006-12-04,1396.6700439453125,1411.22998046875,1396.6700439453125,1409.1199951171875,2766320000.0,Monday,December,8.6199951171875,1394.7009826660155,0.00888519057411008,0.008845949539756107
2006-12-05,1409.0999755859375,1415.27001953125,1408.780029296875,1414.760009765625,2755700000.0,Tuesday,December,11.949951171875,1396.2969848632813,0.00400250842226435,0.003994519694966535
2006-12-06,1414.4000244140625,1415.9300537109375,1411.050048828125,1412.9000244140625,2725280000.0,Wednesday,December,6.81005859375,1397.655987548828,-0.0013147002592126533,-0.0013155652358048573
2006-12-07,1412.8599853515625,1418.27001953125,1406.800048828125,1407.2900390625,2743150000.0,Thursday,December,1.2000732421875,1399.1039916992188,-0.003970546574156186,-0.003978450122078702
2006-12-08,1407.27001953125,1414.0899658203125,1403.6700439453125,1409.8399658203125,2440460000.0,Friday,December,8.8900146484375,1400.5509887695312,0.001811941168510689,0.0018103015833673987
2006-12-11,1409.81005859375,1415.5999755859375,1408.56005859375,1413.0400390625,2289900000.0,Monday,December,31.080078125,1401.9819885253905,0.002269813113380925,0.0022672409790369433
2006-12-12,1413.0,1413.780029296875,1404.75,1411.56005859375,2738170000.0,Tuesday,December,24.840087890625,1402.898992919922,-0.0010473733424651854,-0.0010479222212118867
2006-12-13,1411.3199462890625,1416.6400146484375,1411.050048828125,1413.2099609375,2552260000.0,Wednesday,December,13.72998046875,1403.7309936523438,0.0011688502615989638,0.0011681676879644158
2006-12-14,1413.1600341796875,1427.22998046875,1413.1600341796875,1425.489990234375,2729700000.0,Thursday,December,24.8599853515625,1405.0174926757813,0.008689458492585622,0.008651922436740064
2006-12-15,1425.47998046875,1431.6300048828125,1425.47998046875,1427.0899658203125,3229580000.0,Friday,December,30.3800048828125,1406.311993408203,0.0011224039431343424,0.0011217745187634652
2006-12-18,1427.0799560546875,1431.81005859375,1420.6500244140625,1422.47998046875,2568140000.0,Monday,December,13.3599853515625,1407.4109924316406,-0.00323033968563613,-0.003235568496471714
2006-12-19,1422.4200439453125,1428.300048828125,1414.8800048828125,1425.550048828125,2717060000.0,Tuesday,December,10.7900390625,1408.5479919433594,0.002158250661892236,0.002155924984594354
2006-12-20,1425.510009765625,1429.050048828125,1423.510009765625,1423.530029296875,2387630000.0,Wednesday,December,10.6300048828125,1409.4199951171875,-0.0014170106008628558,-0.0014180155098076032
2006-12-21,1423.199951171875,1426.4000244140625,1415.9000244140625,1418.300048828125,2322410000.0,Thursday,December,11.010009765625,1410.030499267578,-0.003673951628075822,-0.0036807171642770386
2006-12-22,1418.0999755859375,1418.8199462890625,1410.280029296875,1410.760009765625,1647590000.0,Friday,December,0.9200439453125,1410.5210021972657,-0.005316251006780903,-0.005330432553268684
2006-12-25,1418.0999755859375,1418.8199462890625,1410.280029296875,1410.760009765625,1647590000.0,Monday,December,-2.280029296875,1411.961004638672,0.0,0.0
2006-12-26,1410.75,1417.9100341796875,1410.449951171875,1416.9000244140625,1310310000.0,Tuesday,December,5.3399658203125,1413.4700073242188,0.004352274381138388,0.004342830626287104
2006-12-27,1416.6300048828125,1427.719970703125,1416.6300048828125,1426.8399658203125,1667370000.0,Wednesday,December,13.6300048828125,1414.8380065917968,0.007015273650207154,0.0069907810992623325
2006-12-28,1426.77001953125,1427.260009765625,1422.050048828125,1424.72998046875,1508570000.0,Thursday,December,-0.760009765625,1416.0430053710938,-0.0014787820653379136,-0.0014798765426649958
2006-12-29,1424.7099609375,1427.0,1416.8399658203125,1418.300048828125,1678200000.0,Friday,December,-8.7899169921875,1417.122509765625,-0.004513087903512458,-0.004523302629615828
2007-01-01,1424.7099609375,1427.0,1416.8399658203125,1418.300048828125,1678200000.0,Monday,January,-4.179931640625,1417.5815124511719,0.0,0.0
2007-01-02,1424.7099609375,1427.0,1416.8399658203125,1418.300048828125,1678200000.0,Tuesday,January,-7.25,1417.7585144042969,0.0,0.0
2007-01-03,1418.030029296875,1429.4200439453125,1407.8599853515625,1416.5999755859375,3429160000.0,Wednesday,January,-6.9300537109375,1417.9435119628906,-0.0011986696634412874,-0.0011993886425253535
2007-01-04,1416.5999755859375,1421.8399658203125,1408.4300537109375,1418.3399658203125,3004460000.0,Thursday,January,0.0399169921875,1418.4960083007813,0.0012282862236074887,0.0012275324972152997
2007-01-05,1418.3399658203125,1418.3399658203125,1405.75,1409.7099609375,2919400000.0,Friday,January,-1.050048828125,1418.4895080566407,-0.006084581335068839,-0.006103167832470129
2007-01-08,1409.260009765625,1414.97998046875,1403.969970703125,1412.8399658203125,2763340000.0,Monday,January,2.0799560546875,1418.4795043945312,0.00222031834174663,0.0022178570774974288
2007-01-09,1412.8399658203125,1415.6099853515625,1405.4200439453125,1412.1099853515625,3038380000.0,Tuesday,January,-4.7900390625,1418.5070007324218,-0.00051667597633831,-0.0005168094993646467
2007-01-10,1408.699951171875,1415.989990234375,1405.3199462890625,1414.8499755859375,2764660000.0,Wednesday,January,-11.989990234375,1418.5890014648437,0.0019403518584233392,0.001938471807337008
2007-01-11,1414.8399658203125,1427.1199951171875,1414.8399658203125,1423.8199462890625,2857870000.0,Thursday,January,-0.9100341796875,1418.5054992675782,0.006339874091180642,0.006319861629223327
2007-01-12,1423.8199462890625,1431.22998046875,1422.5799560546875,1430.72998046875,2686480000.0,Friday,January,12.429931640625,1418.6875,0.004853165737491727,0.004841427093058067
2007-01-15,1423.8199462890625,1431.22998046875,1422.5799560546875,1430.72998046875,2686480000.0,Monday,January,12.429931640625,1419.1,0.0,0.0
2007-01-16,1430.72998046875,1433.9300537109375,1428.6199951171875,1431.9000244140625,2599530000.0,Tuesday,January,13.5999755859375,1419.417498779297,0.000817795084526729,0.0008174608723255756
2007-01-17,1431.77001953125,1435.27001953125,1428.5699462890625,1430.6199951171875,2690270000.0,Wednesday,January,14.02001953125,1419.7719970703124,-0.0008939376178855873,-0.0008943374184001605
2007-01-18,1430.5899658203125,1432.9599609375,1424.2099609375,1426.3699951171875,2822430000.0,Thursday,January,8.030029296875,1420.1754943847657,-0.002970739969038294,-0.002975161375757787
2007-01-19,1426.3499755859375,1431.5699462890625,1425.18994140625,1430.5,2777480000.0,Friday,January,20.7900390625,1421.1624938964844,0.0028954653399542174,0.002891281554245473
2007-01-22,1430.469970703125,1431.3900146484375,1420.4000244140625,1422.949951171875,2540120000.0,Monday,January,10.1099853515625,1421.771990966797,-0.005277909002534109,-0.005291886366783456
2007-01-23,1422.949951171875,1431.3299560546875,1421.6600341796875,1427.989990234375,2975070000.0,Tuesday,January,15.8800048828125,1422.3264892578125,0.003541965097471733,0.0035357071117870357
2007-01-24,1427.9599609375,1440.1400146484375,1427.9599609375,1440.1300048828125,2783180000.0,Wednesday,January,25.280029296875,1422.9909912109374,0.008501470410478884,0.00846553642839807
2007-01-25,1440.1199951171875,1440.68994140625,1422.3399658203125,1423.9000244140625,2994330000.0,Thursday,January,0.080078125,1422.9494934082031,-0.011269802319041844,-0.01133378773070705
2007-01-26,1423.9000244140625,1427.27001953125,1416.9599609375,1422.1800537109375,2626620000.0,Friday,January,-8.5499267578125,1423.1434936523438,-0.001207929400684371,-0.0012086595354295969
2007-01-29,1422.030029296875,1426.93994140625,1418.4599609375,1420.6199951171875,2730480000.0,Monday,January,-10.1099853515625,1423.2594909667969,-0.001096948722968838,-0.0010975508115664014
2007-01-30,1420.6099853515625,1428.8199462890625,1420.6099853515625,1428.8199462890625,2706250000.0,Tuesday,January,-3.080078125,1423.7854858398437,0.005772093311412707,0.005755498607645567
2007-01-31,1428.6500244140625,1441.6099853515625,1424.780029296875,1438.239990234375,2976690000.0,Wednesday,January,7.6199951171875,1424.8674865722655,0.006592883847806208,0.006571245841597129
2007-02-01,1437.9000244140625,1446.6400146484375,1437.9000244140625,1445.93994140625,2914890000.0,Thursday,February,19.5699462890625,1426.2474853515625,0.005353731800087358,0.005339451523831852
2007-02-02,1445.93994140625,1449.3299560546875,1444.489990234375,1448.3900146484375,2569450000.0,Friday,February,17.8900146484375,1428.1814880371094,0.0016944502133364736,0.0016930162521957197
2007-02-05,1448.3299560546875,1449.3800048828125,1443.8499755859375,1446.989990234375,2439430000.0,Monday,February,24.0400390625,1429.8889892578125,-0.0009666073363550076,-0.0009670748024880951
2007-02-06,1446.97998046875,1450.18994140625,1443.4000244140625,1448.0,2608710000.0,Tuesday,February,20.010009765625,1431.6834899902344,0.0006980074309024253,0.0006977639370160676
2007-02-07,1447.4100341796875,1452.989990234375,1446.43994140625,1450.02001953125,2618820000.0,Wednesday,February,9.8900146484375,1433.4419921875,0.0013950411127416906,0.0013940689469243953
2007-02-08,1449.989990234375,1450.449951171875,1442.81005859375,1448.31005859375,2816180000.0,Thursday,February,24.4100341796875,1434.6664978027343,-0.0011792671235344443,-0.0011799630061502266
2007-02-09,1448.25,1452.449951171875,1433.43994140625,1438.06005859375,2951810000.0,Friday,February,15.8800048828125,1435.0330017089843,-0.0070772138460132306,-0.007102376113371196
2007-02-12,1438.0,1439.1099853515625,1431.43994140625,1433.3699951171875,2395680000.0,Monday,February,12.75,1435.1650024414062,-0.0032613821992586445,-0.0032667120978962082
2007-02-13,1433.219970703125,1444.4100341796875,1433.219970703125,1444.260009765625,2652150000.0,Tuesday,February,15.4400634765625,1435.7830017089843,0.007597490309923183,0.0075687747329175785
2007-02-14,1443.9100341796875,1457.6500244140625,1443.9100341796875,1455.300048828125,2699290000.0,Wednesday,February,17.06005859375,1437.0170043945313,0.007644080004882037,0.0076150120631249705
2007-02-15,1455.1500244140625,1457.969970703125,1453.18994140625,1456.81005859375,2490920000.0,Thursday,February,10.8701171875,1438.5390075683595,0.0010375934274453602,0.001037055499453231
2007-02-16,1456.77001953125,1456.77001953125,1451.5699462890625,1455.5400390625,2399450000.0,Friday,February,7.1500244140625,1439.7910095214843,-0.0008717811383565088,-0.0008721613605295131
2007-02-19,1456.77001953125,1456.77001953125,1451.5699462890625,1455.5400390625,2399450000.0,Monday,February,8.550048828125,1441.4205139160156,0.0,0.0
2007-02-20,1455.530029296875,1460.530029296875,1449.199951171875,1459.6800537109375,2337860000.0,Tuesday,February,11.6800537109375,1443.0050170898437,0.002844315193901492,0.002840277783407165
2007-02-21,1459.5999755859375,1459.5999755859375,1452.02001953125,1457.6300048828125,2606980000.0,Wednesday,February,7.6099853515625,1443.8800170898437,-0.001404450806129165,-0.0014054379715543585
2007-02-22,1457.2900390625,1461.5699462890625,1450.510009765625,1456.3800048828125,1950770000.0,Thursday,February,8.0699462890625,1445.5040161132813,-0.0008575564414925463,-0.0008579243533695572
2007-02-23,1456.219970703125,1456.219970703125,1448.3599853515625,1451.18994140625,2579950000.0,Friday,February,13.1298828125,1446.9545104980468,-0.003563673944411261,-0.0035700389567874836
2007-02-26,1451.0400390625,1456.949951171875,1445.47998046875,1449.3699951171875,2822170000.0,Monday,February,16.0,1448.3920104980468,-0.0012541061904680628,-0.0012548932397342684
2007-02-27,1449.25,1449.25,1389.4200439453125,1399.0400390625,4065230000.0,Tuesday,February,-45.219970703125,1446.9030151367188,-0.034725402225963764,-0.035342660843100726
2007-02-28,1398.6400146484375,1415.8900146484375,1396.6500244140625,1406.8199462890625,3925250000.0,Wednesday,February,-48.4801025390625,1445.332012939453,0.005560889616694542,0.005545484952734019
2007-03-01,1406.800048828125,1409.4599609375,1380.8699951171875,1403.1700439453125,3874910000.0,Thursday,March,-53.6400146484375,1443.1935180664063,-0.0025944345993798024,-0.0025978059773005212
2007-03-02,1403.1600341796875,1403.4000244140625,1386.8699951171875,1387.1700439453125,3312260000.0,Friday,March,-68.3699951171875,1440.13251953125,-0.011402751982227732,-0.011468261829749615
2007-03-05,1387.1099853515625,1391.8599853515625,1373.969970703125,1374.1199951171875,3480520000.0,Monday,March,-81.4200439453125,1436.4890197753907,-0.009407677800631231,-0.009452209514841423
2007-03-06,1374.06005859375,1397.9000244140625,1374.06005859375,1395.4100341796875,3358160000.0,Tuesday,March,-64.27001953125,1433.859521484375,0.01549358071940743,0.015374780717887004
2007-03-07,1395.02001953125,1401.1600341796875,1390.6400146484375,1391.969970703125,3141350000.0,Wednesday,March,-65.6600341796875,1430.9570190429688,-0.0024652707034493737,-0.002468314486799026
2007-03-08,1391.8800048828125,1407.9300537109375,1391.8800048828125,1401.8900146484375,3014850000.0,Thursday,March,-54.489990234375,1428.6360168457031,0.007126622092502144,0.0071013477307829646
2007-03-09,1401.8900146484375,1410.1500244140625,1397.300048828125,1402.8399658203125,2623050000.0,Friday,March,-48.3499755859375,1426.8750122070312,0.0006776217548800645,0.0006773922729208479
2007-03-12,1402.800048828125,1409.3399658203125,1398.4000244140625,1406.5999755859375,2664000000.0,Monday,March,-42.77001953125,1425.5365112304687,0.0026802841786919274,0.0026766986224967043
2007-03-13,1406.22998046875,1406.22998046875,1377.7099609375,1377.949951171875,3485570000.0,Tuesday,March,-21.090087890625,1422.2210083007812,-0.020368281609082217,-0.02057857550740609
2007-03-14,1377.8599853515625,1388.0899658203125,1363.97998046875,1387.1700439453125,3758350000.0,Wednesday,March,-19.64990234375,1418.8145080566405,0.006691166660731218,0.0066688801649587605
2007-03-15,1387.1099853515625,1395.72998046875,1385.1600341796875,1392.280029296875,2821900000.0,Thursday,March,-10.8900146484375,1415.5880065917968,0.003683748343518811,0.0036769799595125943
2007-03-16,1392.280029296875,1397.510009765625,1383.6300048828125,1386.949951171875,3393640000.0,Friday,March,-0.2200927734375,1412.1585021972655,-0.003828308970065253,-0.003835655701215665
2007-03-19,1386.949951171875,1403.199951171875,1386.949951171875,1402.06005859375,2777180000.0,Monday,March,27.9400634765625,1409.4845031738282,0.010894486429815275,0.01083556904272735
2007-03-20,1402.0400390625,1411.530029296875,1400.699951171875,1410.93994140625,2795940000.0,Tuesday,March,15.5299072265625,1407.0474975585937,0.006333453947334089,0.0063134819115044745
2007-03-21,1410.9200439453125,1437.77001953125,1409.75,1435.0400390625,3184770000.0,Wednesday,March,43.070068359375,1405.9179992675781,0.017080881296924755,0.016936643202980273
2007-03-22,1435.0400390625,1437.6600341796875,1429.8800048828125,1434.5400390625,3129970000.0,Thursday,March,32.6500244140625,1404.8260009765625,-0.0003484223341437831,-0.00034848304730820604
2007-03-23,1434.5400390625,1438.8900146484375,1433.2099609375,1436.1099853515625,2619020000.0,Friday,March,33.27001953125,1404.072003173828,0.001094390010953239,0.0010937916027600407
2007-03-26,1436.1099853515625,1437.6500244140625,1423.280029296875,1437.5,2754660000.0,Monday,March,30.9000244140625,1403.4785034179688,0.0009679026415914116,0.000967434525865559
2007-03-27,1437.489990234375,1437.489990234375,1425.5400390625,1428.6099853515625,2673040000.0,Tuesday,March,50.6600341796875,1404.9570007324219,-0.006184358016304348,-0.006203560368758968
2007-03-28,1428.3499755859375,1428.3499755859375,1414.0699462890625,1417.22998046875,3000440000.0,Wednesday,March,30.0599365234375,1405.4775024414062,-0.00796578842336182,-0.007997684815493823
2007-03-29,1417.1700439453125,1426.239990234375,1413.27001953125,1422.530029296875,2854710000.0,Thursday,March,30.25,1406.4455017089845,0.0037397238988494674,0.0037327485166896573
2007-03-30,1422.52001953125,1429.219970703125,1408.9000244140625,1420.8599853515625,2903960000.0,Friday,March,33.9100341796875,1408.1299987792968,-0.0011739955648866207,-0.0011746852375143864
2007-04-02,1420.8299560546875,1425.489990234375,1416.3699951171875,1424.550048828125,2875880000.0,Monday,April,22.489990234375,1410.6515014648437,0.0025970634085028532,0.002593696866817386
2007-04-03,1424.27001953125,1440.5699462890625,1424.27001953125,1437.77001953125,2921760000.0,Tuesday,April,26.830078125,1412.7695007324219,0.009280102663995704,0.009237307072510437
2007-04-04,1437.75,1440.1600341796875,1435.0799560546875,1439.3699951171875,2616320000.0,Wednesday,April,4.3299560546875,1415.139501953125,0.0011128174632957233,0.0011121987409165861
2007-04-05,1438.93994140625,1444.8800048828125,1436.6700439453125,1443.760009765625,2357230000.0,Thursday,April,9.219970703125,1417.2330017089844,0.003049955649575775,0.00304531397039247
2007-04-06,1438.93994140625,1444.8800048828125,1436.6700439453125,1443.760009765625,2357230000.0,Friday,April,7.6500244140625,1419.27900390625,0.0,0.0
2007-04-09,1443.77001953125,1448.0999755859375,1443.280029296875,1444.6099853515625,2349410000.0,Monday,April,7.1099853515625,1421.1795043945312,0.0005887235968500271,0.0005885503670995764
2007-04-10,1444.5799560546875,1448.72998046875,1443.989990234375,1448.3900146484375,2510110000.0,Tuesday,April,19.780029296875,1424.7015075683594,0.0026166434783123638,0.0026132260269691302
2007-04-11,1448.22998046875,1448.3900146484375,1436.1500244140625,1438.8699951171875,2950190000.0,Wednesday,April,21.6400146484375,1427.2865051269532,-0.006572828751212234,-0.006594524912466886
2007-04-12,1438.8699951171875,1448.02001953125,1433.9100341796875,1447.800048828125,2770570000.0,Thursday,April,25.27001953125,1430.0625061035157,0.006206296427920366,0.0061871166861128075
2007-04-13,1447.800048828125,1453.1099853515625,1444.1500244140625,1452.8499755859375,2690020000.0,Friday,April,31.989990234375,1433.3575073242187,0.0034880001295067853,0.0034819311653259176
2007-04-16,1452.8399658203125,1468.6199951171875,1452.8399658203125,1468.3299560546875,2870140000.0,Monday,April,43.7799072265625,1436.6710021972656,0.010654906376349693,0.010598542873156813
2007-04-17,1468.469970703125,1474.3499755859375,1467.1500244140625,1471.47998046875,2920570000.0,Tuesday,April,33.7099609375,1439.6980041503907,0.0021453110052500612,0.0021430131114731073
2007-04-18,1471.469970703125,1476.5699462890625,1466.4100341796875,1472.5,2971330000.0,Wednesday,April,33.1300048828125,1441.5710021972657,0.0006931929382587576,0.0006929527910064429
2007-04-19,1472.47998046875,1474.22998046875,1464.469970703125,1470.72998046875,2913610000.0,Thursday,April,26.969970703125,1443.3804992675782,-0.0012020506154498678,-0.0012027736577713097
2007-04-20,1470.68994140625,1484.739990234375,1470.68994140625,1484.3499755859375,3329940000.0,Friday,April,40.5899658203125,1445.792498779297,0.009260704070808812,0.009218086660297053
2007-04-23,1484.3299560546875,1487.3199462890625,1480.18994140625,1480.9300537109375,2575020000.0,Monday,April,36.320068359375,1447.9640014648437,-0.002303986210293818,-0.002306644470370378
2007-04-24,1480.9300537109375,1483.8199462890625,1473.739990234375,1480.4100341796875,3119750000.0,Tuesday,April,32.02001953125,1450.55400390625,-0.00035114388417389897,-0.0003512055496236482
2007-04-25,1480.280029296875,1496.5899658203125,1480.280029296875,1495.4200439453125,3252590000.0,Wednesday,April,56.550048828125,1454.4635070800782,0.010139089454322958,0.010088033702708324
2007-04-26,1495.27001953125,1498.02001953125,1491.1700439453125,1494.25,3211800000.0,Thursday,April,46.449951171875,1458.0495056152345,-0.0007824182576994243,-0.0007827245066179984
2007-04-27,1494.2099609375,1497.3199462890625,1488.6700439453125,1494.0699462890625,2732810000.0,Friday,April,41.219970703125,1461.7100036621093,-0.000120497715199952,-0.00012050497563288578
2007-04-30,1494.0699462890625,1497.1600341796875,1482.2900390625,1482.3699951171875,3093420000.0,Monday,April,14.0400390625,1464.6010009765625,-0.007830925989064319,-0.007861748709062836
2007-05-01,1482.3699951171875,1487.27001953125,1476.699951171875,1486.300048828125,3400350000.0,Tuesday,May,14.820068359375,1467.0275024414063,0.002651196208694806,0.0026476879873137942
2007-05-02,1486.1300048828125,1499.0999755859375,1486.1300048828125,1495.9200439453125,3189800000.0,Wednesday,May,23.4200439453125,1469.8550048828124,0.0064724448638566745,0.006451588538502732
2007-05-03,1495.56005859375,1503.3399658203125,1495.56005859375,1502.3900146484375,3007970000.0,Thursday,May,31.6600341796875,1472.7865051269532,0.004325077887225248,0.0043157516194131645
2007-05-04,1502.3499755859375,1510.3399658203125,1501.800048828125,1505.6199951171875,2761930000.0,Friday,May,21.27001953125,1475.8795043945313,0.002149894792468965,0.0021475870756333293
2007-05-07,1505.5699462890625,1511.0,1505.5400390625,1509.47998046875,2545090000.0,Monday,May,28.5499267578125,1479.1230041503907,0.0025637181786113405,0.002560437459192035
2007-05-08,1509.3599853515625,1509.3599853515625,1500.6600341796875,1507.719970703125,2795720000.0,Tuesday,May,27.3099365234375,1482.089501953125,-0.0011659709227004322,-0.0011666511956337745
2007-05-09,1507.3199462890625,1513.800048828125,1503.77001953125,1512.5799560546875,2935550000.0,Wednesday,May,17.159912109375,1485.775,0.0032234005292746115,0.0032182165109129485
2007-05-10,1512.3299560546875,1512.3299560546875,1491.4200439453125,1491.469970703125,3031240000.0,Thursday,May,-2.780029296875,1487.95849609375,-0.013956277330703482,-0.014054581884656235
2007-05-11,1491.469970703125,1506.239990234375,1491.469970703125,1505.8499755859375,2720780000.0,Friday,May,11.780029296875,1490.60849609375,0.00964149809602488,0.009595315462487675
2007-05-14,1505.760009765625,1510.9000244140625,1498.3399658203125,1503.1500244140625,2776130000.0,Monday,May,20.780029296875,1492.3494995117187,-0.0017929748750863395,-0.001794584178452379
2007-05-15,1503.1099853515625,1514.8299560546875,1500.4300537109375,1501.18994140625,3071020000.0,Tuesday,May,14.889892578125,1493.8349975585938,-0.0013039836183860176,-0.001304834544834399
2007-05-16,1500.75,1514.1500244140625,1500.75,1514.1400146484375,2915350000.0,Wednesday,May,18.219970703125,1495.9169982910157,0.008626538777668946,0.008589542804573146
2007-05-17,1514.010009765625,1517.1400146484375,1509.2900390625,1512.75,2868640000.0,Thursday,May,10.3599853515625,1498.017999267578,-0.000918022530934981,-0.0009184441716888588
2007-05-18,1512.739990234375,1522.75,1512.739990234375,1522.75,2959050000.0,Friday,May,17.1300048828125,1499.9380004882812,0.006610477607007059,0.006588724214163112
2007-05-21,1522.75,1529.8699951171875,1522.7099609375,1525.0999755859375,3465360000.0,Monday,May,15.6199951171875,1502.1464965820312,0.0015432445154737184,0.001542054937372437
2007-05-22,1525.0999755859375,1529.239990234375,1522.050048828125,1524.1199951171875,2860500000.0,Tuesday,May,16.4000244140625,1504.3319946289062,-0.0006425680181219029,-0.0006427745534309215
2007-05-23,1524.0899658203125,1532.4300537109375,1521.9000244140625,1522.280029296875,3084260000.0,Wednesday,May,9.7000732421875,1505.6749938964845,-0.001207231600010017,-0.0012079608910859567
2007-05-24,1522.0999755859375,1529.31005859375,1505.1800537109375,1507.510009765625,3365530000.0,Thursday,May,16.0400390625,1506.3379943847656,-0.009702564079535403,-0.00974994065295623
2007-05-25,1507.5,1517.4100341796875,1507.5,1515.72998046875,2316250000.0,Friday,May,9.8800048828125,1507.42099609375,0.00545268067865301,0.005437868634530783
2007-05-28,1507.5,1517.4100341796875,1507.5,1515.72998046875,2316250000.0,Monday,May,12.5799560546875,1509.0889953613282,0.0,0.0
2007-05-29,1515.550048828125,1521.800048828125,1512.02001953125,1518.1099853515625,2571790000.0,Tuesday,May,16.9200439453125,1510.6794921875,0.0015702037391096546,0.0015689722581672776
2007-05-30,1517.5999755859375,1530.22998046875,1510.06005859375,1530.22998046875,2980210000.0,Wednesday,May,16.0899658203125,1512.3949890136719,0.007983608061428171,0.0079519076731304
2007-05-31,1530.18994140625,1535.56005859375,1528.260009765625,1530.6199951171875,3335530000.0,Thursday,May,17.8699951171875,1513.8064880371094,0.00025487322390449485,0.00025484074924219383
2007-06-01,1530.6199951171875,1540.56005859375,1530.6199951171875,1536.3399658203125,2927020000.0,Friday,June,13.5899658203125,1515.3424865722657,0.0037370286036848555,0.0037300632600247886
2007-06-04,1536.280029296875,1540.530029296875,1532.31005859375,1539.1800537109375,2738930000.0,Monday,June,14.080078125,1516.827490234375,0.0018486063981995038,0.0018468998282521766
2007-06-05,1539.1199951171875,1539.1199951171875,1525.6199951171875,1530.949951171875,2939450000.0,Tuesday,June,6.8299560546875,1517.9889892578126,-0.005347069382311664,-0.005361416122665549
2007-06-06,1530.5699462890625,1530.5699462890625,1514.1300048828125,1517.3800048828125,2964190000.0,Wednesday,June,-4.9000244140625,1518.2289916992188,-0.008863742592418067,-0.00890325924236722
2007-06-07,1517.3599853515625,1517.3599853515625,1490.3699951171875,1490.719970703125,3538470000.0,Thursday,June,-16.7900390625,1518.1914916992187,-0.017569780868271323,-0.017725961545529238
2007-06-08,1490.7099609375,1507.760009765625,1487.4100341796875,1507.6700439453125,2993460000.0,Friday,June,-8.0599365234375,1518.2824951171874,0.011370393887050856,0.011306236827796717
2007-06-11,1507.6400146484375,1515.530029296875,1503.3499755859375,1509.1199951171875,2525280000.0,Monday,June,-6.6099853515625,1518.5809936523438,0.0009617165093236402,0.0009612543562845576
2007-06-12,1509.1199951171875,1511.3299560546875,1492.969970703125,1493.0,3056200000.0,Tuesday,June,-25.1099853515625,1518.1714965820313,-0.010681718597158829,-0.010739177694170063
2007-06-13,1492.6500244140625,1515.699951171875,1492.6500244140625,1515.6700439453125,3077930000.0,Wednesday,June,-14.5599365234375,1518.247998046875,0.015184222334435615,0.01507009586153037
2007-06-14,1515.5799560546875,1526.449951171875,1515.5799560546875,1522.969970703125,2813630000.0,Thursday,June,-7.6500244140625,1518.7589965820312,0.004816303381447451,0.004804742099217193
2007-06-15,1522.969970703125,1538.7099609375,1522.969970703125,1532.9100341796875,3406030000.0,Friday,June,-3.429931640625,1519.2669982910156,0.006526762620259197,0.00650555553085301
2007-06-18,1532.9000244140625,1535.43994140625,1529.31005859375,1531.050048828125,2480240000.0,Monday,June,-8.1300048828125,1519.564501953125,-0.0012133688932095543,-0.0012141056212539509
2007-06-19,1531.02001953125,1535.8499755859375,1525.6700439453125,1533.699951171875,2873590000.0,Tuesday,June,2.75,1520.0434997558593,0.0017307744745367337,0.0017292784103802355
2007-06-20,1533.6800537109375,1537.3199462890625,1512.3599853515625,1512.8399658203125,3286900000.0,Wednesday,June,-4.5400390625,1519.5714965820312,-0.013601086272203244,-0.013694428381801144
2007-06-21,1512.5,1522.9000244140625,1504.75,1522.18994140625,3161110000.0,Thursday,June,31.469970703125,1520.3054931640625,0.006180412864005502,0.006161392441565994
2007-06-22,1522.18994140625,1522.18994140625,1500.739990234375,1502.56005859375,4284320000.0,Friday,June,-5.1099853515625,1519.6469970703124,-0.012895816927002701,-0.012979689827432707
2007-06-25,1502.56005859375,1514.2900390625,1492.6800537109375,1497.739990234375,3287250000.0,Monday,June,-11.3800048828125,1518.7474975585938,-0.0032079039581859314,-0.0032130603124341612
2007-06-26,1497.6800537109375,1506.1199951171875,1490.5400390625,1492.8900146484375,3398530000.0,Tuesday,June,-0.1099853515625,1517.4864990234375,-0.0032381959602871824,-0.0032434502628662445
2007-06-27,1492.6199951171875,1506.800048828125,1484.1800537109375,1506.3399658203125,3398150000.0,Wednesday,June,-9.330078125,1516.2919982910157,0.009009338290096647,0.008968996323785084
2007-06-28,1506.3199462890625,1514.8399658203125,1503.4100341796875,1505.7099609375,3006710000.0,Thursday,June,-17.260009765625,1515.0464965820313,-0.0004182355225962331,-0.00041832300746611764
2007-06-29,1505.699951171875,1517.530029296875,1493.6099853515625,1503.3499755859375,3165410000.0,Friday,June,-29.56005859375,1513.3969970703124,-0.0015673572021088766,-0.0015685867913800638
2007-07-02,1504.6600341796875,1519.449951171875,1504.6600341796875,1519.4300537109375,2648990000.0,Monday,July,-11.6199951171875,1512.4094970703125,0.010696164157472765,0.01063936485774943
2007-07-03,1519.1199951171875,1526.010009765625,1519.1199951171875,1524.8699951171875,1560790000.0,Tuesday,July,-8.8299560546875,1512.1054992675781,0.0035802512876219605,0.0035738574444796065
2007-07-04,1519.1199951171875,1526.010009765625,1519.1199951171875,1524.8699951171875,1560790000.0,Wednesday,July,12.030029296875,1512.479998779297,0.0,0.0
2007-07-05,1524.8599853515625,1526.5699462890625,1517.719970703125,1525.4000244140625,2622950000.0,Thursday,July,3.2100830078125,1514.2140014648437,0.0003475898263931576,0.00034752943104425217
2007-07-06,1524.9599609375,1532.4000244140625,1520.469970703125,1530.43994140625,2441520000.0,Friday,July,27.8798828125,1515.3524963378907,0.0033039969263952695,0.0032985507214163294
2007-07-09,1530.4300537109375,1534.260009765625,1527.449951171875,1531.8499755859375,2715330000.0,Monday,July,34.1099853515625,1516.488995361328,0.0009213260458897921,0.0009209018855550246
2007-07-10,1531.8499755859375,1531.8499755859375,1510.010009765625,1510.1199951171875,3244280000.0,Tuesday,July,17.22998046875,1517.3449951171874,-0.014185449499020453,-0.0142870247254699
2007-07-11,1509.9300537109375,1519.3399658203125,1506.0999755859375,1518.760009765625,3082920000.0,Wednesday,July,12.4200439453125,1517.499493408203,0.00572140934255172,0.00570510424265772
2007-07-12,1518.739990234375,1547.9200439453125,1518.739990234375,1547.699951171875,3489600000.0,Thursday,July,41.989990234375,1518.7359924316406,0.01905497986526261,0.018875707510562435
2007-07-13,1547.6800537109375,1555.0999755859375,1544.8499755859375,1552.5,2801120000.0,Friday,July,49.1500244140625,1519.7154907226563,0.003101407882381002,0.003096608437751028
2007-07-16,1552.5,1555.9000244140625,1546.68994140625,1549.52001953125,2704110000.0,Monday,July,30.0899658203125,1520.6389892578125,-0.0019194721215780586,-0.0019213166689402512
2007-07-17,1549.52001953125,1555.3199462890625,1547.739990234375,1549.3699951171875,3007140000.0,Tuesday,July,24.5,1521.4224914550782,-9.681992628141067e-05,-9.682461363302838e-05
2007-07-18,1549.199951171875,1549.199951171875,1533.6700439453125,1546.1700439453125,3609220000.0,Wednesday,July,21.300048828125,1523.0889953613282,-0.0020653240878290013,-0.00206745981076958
2007-07-19,1546.1300048828125,1555.199951171875,1546.1300048828125,1553.0799560546875,3251450000.0,Thursday,July,27.679931640625,1524.63349609375,0.0044690505655788915,0.004459094012305411
2007-07-20,1553.18994140625,1553.18994140625,1529.199951171875,1534.0999755859375,3745780000.0,Friday,July,3.6600341796875,1526.2104919433593,-0.012220864994591185,-0.012296153790126368
2007-07-23,1534.06005859375,1547.22998046875,1534.06005859375,1541.5699462890625,3102700000.0,Monday,July,9.719970703125,1528.4019897460937,0.004869285458577677,0.004857468831634159
2007-07-24,1541.5699462890625,1541.5699462890625,1508.6199951171875,1511.0400390625,4115830000.0,Tuesday,July,0.9200439453125,1529.3094909667968,-0.01980442554686246,-0.020003161459610796
2007-07-25,1511.030029296875,1524.31005859375,1503.72998046875,1518.0899658203125,4283200000.0,Wednesday,July,-0.6700439453125,1529.896990966797,0.004665612144987508,0.004654761912206715
2007-07-26,1518.0899658203125,1518.0899658203125,1465.300048828125,1482.6600341796875,4472550000.0,Thursday,July,-65.0399169921875,1528.7444946289063,-0.02333849273648292,-0.023615148318427953
2007-07-27,1482.43994140625,1488.530029296875,1458.949951171875,1458.949951171875,4784650000.0,Friday,July,-93.550048828125,1526.5244934082032,-0.01599158435597181,-0.016120829482687424
2007-07-30,1458.9300537109375,1477.8800048828125,1454.3199462890625,1473.9100341796875,4128780000.0,Monday,July,-75.6099853515625,1524.2484924316407,0.010254006997153065,0.010201791310726158
2007-07-31,1473.9000244140625,1488.300048828125,1454.25,1455.27001953125,4524520000.0,Tuesday,July,-94.0999755859375,1520.7684936523438,-0.012646643428824822,-0.012727292908787834
2007-08-01,1455.1800537109375,1468.3800048828125,1439.5899658203125,1465.81005859375,5256780000.0,Wednesday,August,-80.3599853515625,1517.815496826172,0.007242669003718616,0.0072165668337128945
2007-08-02,1465.4599609375,1476.4300537109375,1460.5799560546875,1472.199951171875,4368850000.0,Thursday,August,-80.8800048828125,1515.1554931640626,0.004359290987711706,0.00434981680259466
2007-08-03,1472.1800537109375,1473.22998046875,1432.800048828125,1433.06005859375,4272110000.0,Friday,August,-101.0399169921875,1510.2864990234375,-0.026585989591270898,-0.02694578841666203
2007-08-06,1433.0400390625,1467.6700439453125,1427.3900146484375,1467.6700439453125,5067200000.0,Monday,August,-73.89990234375,1507.0775024414063,0.024151105980530163,0.02386408016486739
2007-08-07,1467.6199951171875,1488.300048828125,1455.800048828125,1476.7099609375,4909390000.0,Tuesday,August,-34.330078125,1505.407000732422,0.006159366016551537,0.006140474654544519
2007-08-08,1476.219970703125,1503.8900146484375,1476.219970703125,1497.489990234375,5499560000.0,Wednesday,August,-20.5999755859375,1504.3434997558593,0.014071842031649018,0.013973752789070894
2007-08-09,1497.2099609375,1497.2099609375,1453.0899658203125,1453.0899658203125,5889600000.0,Thursday,August,-29.570068359375,1499.6130004882812,-0.029649630183580356,-0.030098066707580952
2007-08-10,1453.0899658203125,1462.02001953125,1429.739990234375,1453.6400146484375,5345780000.0,Friday,August,-5.3099365234375,1494.6700012207032,0.0003785373521689728,0.00037846572498061995
2007-08-13,1453.4200439453125,1466.2900390625,1451.5400390625,1452.9200439453125,3696280000.0,Monday,August,-20.989990234375,1489.8400024414063,-0.0004952881702965373,-0.0004954108659971804
2007-08-14,1452.8699951171875,1456.739990234375,1426.199951171875,1426.5400390625,3814630000.0,Tuesday,August,-28.72998046875,1483.698504638672,-0.018156542744898196,-0.018323395498988107
2007-08-15,1426.1500244140625,1440.780029296875,1404.3599853515625,1406.699951171875,4290930000.0,Wednesday,August,-59.110107421875,1476.725,-0.013907838088907498,-0.014005458249531031
2007-08-16,1406.6400146484375,1415.969970703125,1370.5999755859375,1411.27001953125,6509300000.0,Thursday,August,-60.929931640625,1469.634503173828,0.003248786889889166,0.0032435209838830546
2007-08-17,1411.260009765625,1450.3299560546875,1411.260009765625,1445.93994140625,3570040000.0,Friday,August,12.8798828125,1465.2265014648438,0.024566469488606746,0.024269566522519798
2007-08-20,1445.93994140625,1451.75,1430.5400390625,1445.550048828125,3321340000.0,Monday,August,-22.1199951171875,1460.4255065917969,-0.0002696464541576127,-0.00026968281529931475
2007-08-21,1445.550048828125,1455.3199462890625,1439.760009765625,1447.1199951171875,3012150000.0,Tuesday,August,-29.5899658203125,1457.2295043945312,0.0010860546062276821,0.0010854652755820737
2007-08-22,1447.030029296875,1464.8599853515625,1447.030029296875,1464.0699462890625,3309120000.0,Wednesday,August,-33.4200439453125,1454.5285034179688,0.011712885751746116,0.011644820880578098
2007-08-23,1464.050048828125,1472.06005859375,1453.8800048828125,1462.5,3084390000.0,Thursday,August,9.4100341796875,1453.5205017089843,-0.001072316451165345,-0.001072891793787412
2007-08-24,1462.3399658203125,1479.4000244140625,1460.5400390625,1479.3699951171875,2541400000.0,Friday,August,25.72998046875,1454.54150390625,0.011535039396367575,0.011469018050261516
2007-08-27,1479.3599853515625,1479.3599853515625,1465.97998046875,1466.7900390625,2406180000.0,Monday,August,13.8699951171875,1454.1855041503907,-0.008503590106740622,-0.008539951913098606
2007-08-28,1466.719970703125,1466.719970703125,1432.010009765625,1432.3599853515625,3078090000.0,Tuesday,August,5.8199462890625,1453.0400024414062,-0.023473062124790167,-0.023752942896165807
2007-08-29,1432.010009765625,1463.760009765625,1432.010009765625,1463.760009765625,2824070000.0,Wednesday,August,57.06005859375,1452.9375,0.021921880487575596,0.02168505098090459
2007-08-30,1463.6700439453125,1468.4300537109375,1451.25,1457.6400146484375,2582960000.0,Thursday,August,46.3699951171875,1452.2095031738281,-0.0041810099171704085,-0.004189774778312817
2007-08-31,1457.6099853515625,1481.469970703125,1457.6099853515625,1473.989990234375,2731610000.0,Friday,August,28.050048828125,1454.2559997558594,0.011216744478492524,0.01115430329085347
2007-09-03,1457.6099853515625,1481.469970703125,1457.6099853515625,1473.989990234375,2731610000.0,Monday,September,28.43994140625,1454.5719970703126,0.0,0.0
2007-09-04,1473.9599609375,1496.4000244140625,1472.1500244140625,1489.4200439453125,2766600000.0,Tuesday,September,42.300048828125,1455.207501220703,0.01046822150297233,0.01041380907704796
2007-09-05,1488.760009765625,1488.760009765625,1466.3399658203125,1472.2900390625,2991600000.0,Wednesday,September,8.2200927734375,1453.9475036621093,-0.011501124180816724,-0.01156777363141079
2007-09-06,1472.030029296875,1481.489990234375,1467.4100341796875,1478.550048828125,2459590000.0,Thursday,September,16.050048828125,1455.2205078125,0.0042518862449216765,0.004242872517797467
2007-09-07,1478.550048828125,1478.550048828125,1449.0699462890625,1453.550048828125,3191080000.0,Friday,September,-25.8199462890625,1455.2160095214845,-0.016908457052106307,-0.017053037079487448
2007-09-10,1453.5,1462.25,1439.2900390625,1451.699951171875,2835720000.0,Monday,September,-15.090087890625,1455.1550048828126,-0.0012728131774627505,-0.0012736238921536895
2007-09-11,1451.68994140625,1472.47998046875,1451.68994140625,1471.489990234375,3015330000.0,Tuesday,September,39.1300048828125,1457.4025024414063,0.013632320540153398,0.013540236395020916
2007-09-12,1471.0999755859375,1479.5,1465.75,1471.56005859375,2885720000.0,Wednesday,September,7.800048828125,1460.6455078125,4.761728577151736e-05,4.761615210455319e-05
2007-09-13,1471.469970703125,1489.5799560546875,1471.469970703125,1483.949951171875,2877080000.0,Thursday,September,26.3099365234375,1464.2795043945312,0.008419562970447103,0.00838431615381002
2007-09-14,1483.949951171875,1485.989990234375,1473.1800537109375,1484.25,2641740000.0,Friday,September,10.260009765625,1466.1950073242188,0.0002021960564695391,0.00020217561760197238
2007-09-17,1484.239990234375,1484.239990234375,1471.8199462890625,1476.6500244140625,2598390000.0,Monday,September,2.6600341796875,1467.7500061035157,-0.0051204147454522175,-0.0051335689917121445
2007-09-18,1476.6300048828125,1519.8900146484375,1476.6300048828125,1519.780029296875,3708940000.0,Tuesday,September,30.3599853515625,1471.3830078125,0.02920800742879237,0.028789581640806357
2007-09-19,1519.75,1538.739990234375,1519.75,1529.030029296875,3846750000.0,Wednesday,September,56.739990234375,1474.6310119628906,0.0060864071258255326,0.006067959764234633
2007-09-20,1528.68994140625,1529.1400146484375,1516.4200439453125,1518.75,2957700000.0,Thursday,September,40.199951171875,1477.4435119628906,-0.00672323571146749,-0.006745938475255174
2007-09-21,1518.75,1530.8900146484375,1518.75,1525.75,3679460000.0,Friday,September,72.199951171875,1479.7625122070312,0.004609053497942384,0.004598464335745744
2007-09-24,1525.75,1530.1800537109375,1516.1500244140625,1517.72998046875,3131310000.0,Monday,September,66.030029296875,1482.3095092773438,-0.0052564440643945165,-0.005270307770366357
2007-09-25,1516.3399658203125,1518.27001953125,1507.1300048828125,1517.2099609375,3187770000.0,Tuesday,September,45.719970703125,1486.5520080566407,-0.00034262980763510864,-0.0003426885186387916
2007-09-26,1518.6199951171875,1529.3900146484375,1518.6199951171875,1525.4200439453125,3237390000.0,Wednesday,September,53.8599853515625,1489.635009765625,0.005411303128236344,0.005396714632315107
2007-09-27,1527.3199462890625,1532.4599609375,1525.81005859375,1531.3800048828125,2872180000.0,Thursday,September,47.4300537109375,1493.3220092773438,0.003907094941590916,0.0038994820691835783
2007-09-28,1531.239990234375,1533.739990234375,1521.989990234375,1526.75,2925350000.0,Friday,September,42.5,1495.960009765625,-0.0030234199663373706,-0.003027999733853695
2007-10-01,1527.2900390625,1549.02001953125,1527.25,1547.0400390625,3281990000.0,Monday,October,70.3900146484375,1499.6125122070312,0.013289693179957318,0.013202159881824788
2007-10-02,1546.9599609375,1548.010009765625,1540.3699951171875,1546.6300048828125,3101910000.0,Tuesday,October,26.8499755859375,1502.4730102539063,-0.00026504432292262514,-0.0002650794533767373
2007-10-03,1545.800048828125,1545.8399658203125,1536.3399658203125,1539.5899658203125,3065320000.0,Wednesday,October,10.5599365234375,1505.8380065917968,-0.004551857289897487,-0.004562248537264931
2007-10-04,1539.9100341796875,1544.02001953125,1537.6300048828125,1542.8399658203125,2690430000.0,Thursday,October,24.0899658203125,1509.0525024414062,0.002110951663853111,0.0021087267359828203
2007-10-05,1543.8399658203125,1561.9100341796875,1543.8399658203125,1557.5899658203125,2919030000.0,Friday,October,31.8399658203125,1514.2544982910156,0.009560291622441541,0.009514881229474793
2007-10-08,1556.510009765625,1556.510009765625,1549.0,1552.5799560546875,2040650000.0,Monday,October,34.8499755859375,1519.2984985351563,-0.003216513893620543,-0.00322169799390635
2007-10-09,1553.1800537109375,1565.260009765625,1551.8199462890625,1565.1500244140625,2932040000.0,Tuesday,October,47.9400634765625,1523.9815002441405,0.008096245420633474,0.008063646659190855
2007-10-10,1564.97998046875,1565.4200439453125,1555.4599609375,1562.469970703125,3044760000.0,Wednesday,October,37.0499267578125,1528.5269958496094,-0.00171233023616435,-0.0017137979492955384
2007-10-11,1564.719970703125,1576.0899658203125,1546.719970703125,1554.4100341796875,3911260000.0,Thursday,October,23.030029296875,1532.05,-0.005158458514124553,-0.005171809293999426
2007-10-12,1555.4100341796875,1563.030029296875,1554.0899658203125,1561.800048828125,2788690000.0,Friday,October,35.050048828125,1535.9275024414062,0.004754224745041169,0.004742959110705808
2007-10-15,1562.25,1564.739990234375,1540.81005859375,1548.7099609375,3139290000.0,Monday,October,1.669921875,1539.530499267578,-0.00838141086014621,-0.008416732385427676
2007-10-16,1547.81005859375,1547.81005859375,1536.2900390625,1538.530029296875,3234560000.0,Tuesday,October,-8.0999755859375,1540.467999267578,-0.006573168570868315,-0.006594866980535926
2007-10-17,1544.43994140625,1550.6600341796875,1526.010009765625,1541.239990234375,3638070000.0,Wednesday,October,1.6500244140625,1541.0784973144532,0.0017613961937021916,0.001759846754610529
2007-10-18,1539.2900390625,1542.7900390625,1531.760009765625,1540.0799560546875,3203210000.0,Thursday,October,-2.760009765625,1542.1449951171876,-0.0007526629123547623,-0.0007529463052930716
2007-10-19,1540.0,1540.0,1500.260009765625,1500.6300048828125,4160970000.0,Friday,October,-56.9599609375,1540.8889953613282,-0.025615521464831148,-0.02594931140710293
2007-10-22,1497.7900390625,1508.06005859375,1490.4000244140625,1506.3299560546875,3471830000.0,Monday,October,-46.25,1540.318994140625,0.003798372119262039,0.0037911765191724826
2007-10-23,1509.300048828125,1520.010009765625,1503.6099853515625,1519.5899658203125,3309120000.0,Tuesday,October,-45.56005859375,1540.4379943847657,0.008802858704579641,0.008764339431983929
2007-10-24,1516.6099853515625,1517.22998046875,1489.56005859375,1515.8800048828125,4003300000.0,Wednesday,October,-46.5899658203125,1539.9609924316405,-0.0024414223711310967,-0.002444407502362128
2007-10-25,1516.1500244140625,1523.239990234375,1500.4599609375,1514.4000244140625,4183960000.0,Thursday,October,-40.010009765625,1539.111993408203,-0.0009763176926820272,-0.0009767946012353228
2007-10-26,1522.1700439453125,1535.530029296875,1520.1800537109375,1535.280029296875,3612120000.0,Friday,October,-26.52001953125,1539.5384948730468,0.013787641670760742,0.01369345687603249
2007-10-29,1536.9200439453125,1544.6700439453125,1536.4300537109375,1540.97998046875,3124480000.0,Monday,October,-7.72998046875,1539.2354919433594,0.0037126459428287184,0.0037057710835717533
2007-10-30,1539.4200439453125,1539.4200439453125,1529.550048828125,1531.02001953125,3212520000.0,Tuesday,October,-7.510009765625,1538.4549926757813,-0.006463394115263088,-0.006484372289334848
2007-10-31,1532.1500244140625,1552.760009765625,1529.4000244140625,1549.3800048828125,3953070000.0,Wednesday,October,8.1400146484375,1538.9444946289063,0.011991995609034412,0.011920661356754998
2007-11-01,1545.7900390625,1545.7900390625,1506.6600341796875,1508.43994140625,4241470000.0,Thursday,November,-31.6400146484375,1537.2244934082032,-0.026423513500588247,-0.026778888689808898
2007-11-02,1511.0699462890625,1513.1500244140625,1492.530029296875,1509.6500244140625,4285990000.0,Friday,November,9.02001953125,1534.8274963378906,0.0008022082779672868,0.0008018866808870676
2007-11-05,1505.6099853515625,1510.8399658203125,1489.949951171875,1502.1700439453125,3819330000.0,Monday,November,-4.159912109375,1532.3070007324218,-0.004954777827830159,-0.004967093437071673
2007-11-06,1505.3299560546875,1520.77001953125,1499.0699462890625,1520.27001953125,3879160000.0,Tuesday,November,0.6800537109375,1530.0630004882812,0.012049218834373487,0.011977204894451742
2007-11-07,1515.4599609375,1515.4599609375,1475.0400390625,1475.6199951171875,4353160000.0,Wednesday,November,-40.260009765625,1525.7205017089843,-0.02936979868078282,-0.029809726361574727
2007-11-08,1475.27001953125,1482.5,1450.31005859375,1474.77001953125,5439720000.0,Thursday,November,-39.6300048828125,1521.7385009765626,-0.0005760125159255391,-0.000576178474867469
2007-11-09,1467.5899658203125,1474.0899658203125,1448.510009765625,1453.699951171875,4587050000.0,Friday,November,-81.580078125,1516.33349609375,-0.014287019725334527,-0.014390061812011598
2007-11-12,1453.6600341796875,1464.93994140625,1438.530029296875,1439.1800537109375,4192520000.0,Monday,November,-101.7999267578125,1510.857000732422,-0.009988235501578235,-0.010038452592368512
2007-11-13,1441.3499755859375,1481.3699951171875,1441.3499755859375,1481.050048828125,4141310000.0,Tuesday,November,-49.969970703125,1507.9830017089844,0.029092951232353004,0.02867778438776126
2007-11-14,1483.4000244140625,1492.1400146484375,1466.469970703125,1470.5799560546875,4031470000.0,Wednesday,November,-78.800048828125,1504.45,-0.007069371343474851,-0.007094477743350598
2007-11-15,1468.0400390625,1472.6700439453125,1443.489990234375,1451.1500244140625,3941010000.0,Thursday,November,-57.2899169921875,1500.0035034179687,-0.013212427900045731,-0.013300488548972065
2007-11-16,1453.0899658203125,1462.1800537109375,1443.989990234375,1458.739990234375,4168870000.0,Friday,November,-50.9100341796875,1497.909002685547,0.005230310920731451,0.005216680351984779
2007-11-19,1456.699951171875,1456.699951171875,1430.4200439453125,1433.27001953125,4119650000.0,Monday,November,-68.9000244140625,1494.256005859375,-0.017460253968243356,-0.017614482080618145
2007-11-20,1434.510009765625,1452.6400146484375,1419.280029296875,1439.699951171875,4875150000.0,Tuesday,November,-80.570068359375,1490.2615051269531,0.004486196985218349,0.004476163998967163
2007-11-21,1434.7099609375,1436.4000244140625,1415.6400146484375,1416.77001953125,4076230000.0,Wednesday,November,-58.8499755859375,1485.306005859375,-0.015926882279853283,-0.01605507806431886
2007-11-22,1434.7099609375,1436.4000244140625,1415.6400146484375,1416.77001953125,4076230000.0,Thursday,November,-58.0,1480.4245056152345,0.0,0.0
2007-11-23,1417.6199951171875,1440.8599853515625,1417.6199951171875,1440.699951171875,1612720000.0,Friday,November,-13.0,1475.6955017089845,0.01689048420755146,0.016749426122977584
2007-11-26,1440.739990234375,1446.0899658203125,1406.0999755859375,1407.219970703125,3706470000.0,Monday,November,-31.9600830078125,1469.007501220703,-0.023238690638891946,-0.023512966551297514
2007-11-27,1409.5899658203125,1429.489990234375,1407.4300537109375,1428.22998046875,4320720000.0,Tuesday,November,-52.820068359375,1463.8679992675782,0.014930153212029174,0.014819795556490158
2007-11-28,1432.949951171875,1471.6199951171875,1432.949951171875,1469.02001953125,4508020000.0,Wednesday,November,-1.5599365234375,1459.85,0.028559853539212643,0.028159623399831912
2007-11-29,1467.4100341796875,1473.81005859375,1458.3599853515625,1469.719970703125,3524730000.0,Thursday,November,18.5699462890625,1457.9140014648438,0.0004764749033838722,0.0004763614252619821
2007-11-30,1471.8299560546875,1488.93994140625,1470.8900146484375,1481.1400146484375,4422200000.0,Friday,November,22.4000244140625,1456.4885009765626,0.0077702175740654855,0.00774018490674295
2007-12-03,1479.6300048828125,1481.1600341796875,1470.0799560546875,1472.4200439453125,3323250000.0,Monday,December,39.1500244140625,1455.0010009765624,-0.005887337197621245,-0.005904735888843634
2007-12-04,1471.3399658203125,1471.3399658203125,1460.6600341796875,1462.7900390625,3343620000.0,Tuesday,December,23.090087890625,1452.127001953125,-0.006540256581273551,-0.006561737772241493
2007-12-05,1465.219970703125,1486.0899658203125,1465.219970703125,1485.010009765625,3663660000.0,Wednesday,December,68.239990234375,1452.596502685547,0.015190129895446658,0.015075915045568595
2007-12-06,1484.5899658203125,1508.02001953125,1482.18994140625,1507.3399658203125,3568570000.0,Thursday,December,90.5699462890625,1454.225,0.015036906086721702,0.014924972509290384
2007-12-07,1508.5999755859375,1510.6300048828125,1502.6600341796875,1504.6600341796875,3177710000.0,Friday,December,63.9600830078125,1456.7730041503905,-0.0017779211733210953,-0.0017795035510103797
2007-12-10,1505.1099853515625,1518.27001953125,1504.9599609375,1515.9599609375,2911760000.0,Monday,December,108.739990234375,1460.6119995117188,0.007509953412149439,0.007481894107170777
2007-12-11,1516.6800537109375,1523.5699462890625,1475.989990234375,1477.6500244140625,4080180000.0,Tuesday,December,49.4200439453125,1460.4419982910156,-0.025271074111842595,-0.025595871370425172
2007-12-12,1487.5799560546875,1511.9599609375,1468.22998046875,1486.5899658203125,4482120000.0,Wednesday,December,17.5699462890625,1461.242498779297,0.006050107439882435,0.006031879025493236
2007-12-13,1483.27001953125,1489.4000244140625,1469.2099609375,1488.4100341796875,3635170000.0,Thursday,December,18.6900634765625,1463.1054992675781,0.0012243243942324789,0.0012235755203020807
2007-12-14,1486.18994140625,1486.6700439453125,1467.780029296875,1467.949951171875,3401050000.0,Friday,December,-13.1900634765625,1463.5659973144532,-0.01374626785493871,-0.013841622651711093
2007-12-17,1465.050048828125,1465.050048828125,1445.4300537109375,1445.9000244140625,3569030000.0,Monday,December,-26.52001953125,1464.1974975585938,-0.015020898185397868,-0.015134854466995853
2007-12-18,1445.9200439453125,1460.1600341796875,1435.6500244140625,1454.97998046875,3723690000.0,Tuesday,December,-7.81005859375,1464.9614990234375,0.006279795215002659,0.006260159463819628
2007-12-19,1454.699951171875,1464.4200439453125,1445.31005859375,1453.0,3401300000.0,Wednesday,December,-32.010009765625,1466.772998046875,-0.0013608300425632658,-0.0013617568126454338
2007-12-20,1456.4200439453125,1461.530029296875,1447.219970703125,1460.1199951171875,3526890000.0,Thursday,December,-47.219970703125,1468.940496826172,0.004900203108869627,0.004888236191244567
2007-12-21,1463.18994140625,1485.4000244140625,1463.18994140625,1484.4599609375,4508590000.0,Friday,December,-20.2000732421875,1471.1284973144532,0.016669839397931874,0.01653242266561838
2007-12-24,1484.550048828125,1497.6300048828125,1484.550048828125,1496.449951171875,1267420000.0,Monday,December,-19.510009765625,1475.5899963378906,0.008077004803014542,0.008044560385114575
2007-12-25,1484.550048828125,1497.6300048828125,1484.550048828125,1496.449951171875,1267420000.0,Tuesday,December,18.7999267578125,1479.000994873047,0.0,0.0
2007-12-26,1495.1199951171875,1498.8499755859375,1488.199951171875,1497.6600341796875,2010500000.0,Wednesday,December,11.070068359375,1480.4329956054687,0.0008086358029313345,0.0008083090331470757
2007-12-27,1495.050048828125,1495.050048828125,1475.8599853515625,1476.27001953125,2365770000.0,Thursday,December,-12.1400146484375,1480.760498046875,-0.014282289812289406,-0.014385263354659774
2007-12-28,1479.8299560546875,1488.010009765625,1471.699951171875,1478.489990234375,2420510000.0,Friday,December,10.5400390625,1480.627996826172,0.0015037700920255137,0.0015026405620078627
2007-12-31,1475.25,1475.8299560546875,1465.1300048828125,1468.3599853515625,2440880000.0,Monday,December,22.4599609375,1480.4249938964845,-0.006851588410961562,-0.00687516831107418
2008-01-01,1475.25,1475.8299560546875,1465.1300048828125,1468.3599853515625,2440880000.0,Tuesday,January,13.3800048828125,1480.7034912109375,0.0,0.0
2008-01-02,1467.969970703125,1471.77001953125,1442.0699462890625,1447.1600341796875,3452650000.0,Wednesday,January,-5.8399658203125,1478.8109924316407,-0.014437843160646446,-0.014543083003997034
2008-01-03,1447.550048828125,1456.800048828125,1443.72998046875,1447.1600341796875,3429500000.0,Thursday,January,-12.9599609375,1475.8019958496093,0.0,0.0
2008-01-04,1444.010009765625,1444.010009765625,1411.18994140625,1411.6300048828125,4166000000.0,Friday,January,-72.8299560546875,1471.1504943847656,-0.024551555085623233,-0.02485797022395527
2008-01-07,1414.0699462890625,1423.8699951171875,1403.449951171875,1416.1800537109375,4221260000.0,Monday,January,-80.2698974609375,1466.1614990234375,0.0032232587947169655,0.003218075231744636
2008-01-08,1415.7099609375,1430.280029296875,1388.300048828125,1390.18994140625,4705390000.0,Tuesday,January,-106.260009765625,1461.7884948730468,-0.018352265474000595,-0.018522757462586335
2008-01-09,1390.25,1409.18994140625,1378.699951171875,1409.1300048828125,5351030000.0,Wednesday,January,-88.530029296875,1457.9154968261719,0.013624083236714934,0.013532109841889144
2008-01-10,1406.780029296875,1429.0899658203125,1395.31005859375,1420.3299560546875,5170490000.0,Thursday,January,-55.9400634765625,1454.511492919922,0.007948131920451518,0.007916711897125965
2008-01-11,1419.9100341796875,1419.9100341796875,1394.8299560546875,1401.02001953125,4495840000.0,Friday,January,-77.469970703125,1451.1649963378907,-0.013595387776707546,-0.013688651328566238
2008-01-14,1402.9100341796875,1417.8900146484375,1402.9100341796875,1416.25,3682090000.0,Monday,January,-52.1099853515625,1449.6824951171875,0.01087063729028337,0.010811976648879808
2008-01-15,1411.8800048828125,1411.8800048828125,1380.5999755859375,1380.949951171875,4601640000.0,Tuesday,January,-87.4100341796875,1445.9809936523438,-0.024925012411738723,-0.025240900594804327
2008-01-16,1377.4100341796875,1391.989990234375,1364.27001953125,1373.199951171875,5440620000.0,Wednesday,January,-73.9600830078125,1441.9909912109374,-0.005612078839948742,-0.005627885721787485
2008-01-17,1374.7900390625,1377.719970703125,1330.6700439453125,1333.25,5303130000.0,Thursday,January,-113.9100341796875,1435.6474914550781,-0.02909259582902124,-0.02952417654491263
2008-01-18,1333.9000244140625,1350.280029296875,1312.510009765625,1325.18994140625,6004840000.0,Friday,January,-86.4400634765625,1427.6839904785156,-0.006045421784173999,-0.006063769329588801
2008-01-21,1333.9000244140625,1350.280029296875,1312.510009765625,1325.18994140625,6004840000.0,Monday,January,-90.9901123046875,1419.1209899902344,0.0,0.0
2008-01-22,1312.93994140625,1322.0899658203125,1274.2900390625,1310.5,6544690000.0,Tuesday,January,-79.68994140625,1409.8234924316407,-0.011085159151345114,-0.011147057387661741
2008-01-23,1310.4100341796875,1339.0899658203125,1270.050048828125,1338.5999755859375,3241680000.0,Wednesday,January,-70.530029296875,1401.8704895019532,0.021442179004912187,0.02121552966457579
2008-01-24,1340.1300048828125,1355.1500244140625,1334.31005859375,1352.0699462890625,5735300000.0,Thursday,January,-68.260009765625,1395.6604858398437,0.01006273042641359,0.010012438257546078
2008-01-25,1357.3199462890625,1368.56005859375,1327.5,1330.6099853515625,4882250000.0,Friday,January,-70.4100341796875,1388.2664855957032,-0.015871931031674613,-0.01599923900826646
2008-01-28,1330.699951171875,1353.969970703125,1322.260009765625,1353.9599609375,4100930000.0,Monday,January,-62.2900390625,1382.546484375,0.01754832433469833,0.017396130410481235
2008-01-29,1355.93994140625,1364.9300537109375,1350.18994140625,1362.300048828125,4232960000.0,Tuesday,January,-18.64990234375,1377.2434875488282,0.0061597743886385725,0.006140880526633927
2008-01-30,1362.219970703125,1385.8599853515625,1352.949951171875,1355.81005859375,4742760000.0,Wednesday,January,-17.389892578125,1372.6759887695312,-0.0047639947161109975,-0.004775378708849709
2008-01-31,1351.97998046875,1385.6199951171875,1334.0799560546875,1378.550048828125,4970290000.0,Thursday,January,45.300048828125,1369.2454895019532,0.016772253672436177,0.016633152629790867
2008-02-01,1378.5999755859375,1396.02001953125,1375.9300537109375,1395.4200439453125,4650770000.0,Friday,February,70.2301025390625,1368.434991455078,0.01223749194418322,0.012163219167380696
2008-02-04,1395.3800048828125,1395.3800048828125,1379.68994140625,1380.8199462890625,3495780000.0,Monday,February,55.6300048828125,1366.6669860839843,-0.010462869384454843,-0.01051799001944954
2008-02-05,1380.280029296875,1380.280029296875,1336.6400146484375,1336.6400146484375,4315740000.0,Tuesday,February,26.1400146484375,1363.9894897460938,-0.031995432684296055,-0.03251847341534413
2008-02-06,1339.47998046875,1351.9599609375,1324.3399658203125,1326.449951171875,4008120000.0,Wednesday,February,-12.1500244140625,1359.855487060547,-0.007623640894248274,-0.007652849389237926
2008-02-07,1324.010009765625,1347.1600341796875,1316.75,1336.9100341796875,4589160000.0,Thursday,February,-15.159912109375,1355.6844909667968,0.007885772846967454,0.007854842639587953
2008-02-08,1336.8800048828125,1341.219970703125,1321.06005859375,1331.2900390625,3768490000.0,Friday,February,0.6800537109375,1352.1979919433593,-0.004203719751894819,-0.0042125802217774285
2008-02-11,1331.9200439453125,1341.4000244140625,1320.3199462890625,1339.1300048828125,3593140000.0,Monday,February,-14.8299560546875,1348.3419921875,0.005888999083801139,0.005871726706863654
2008-02-12,1340.550048828125,1362.0999755859375,1339.3599853515625,1348.8599853515625,4044640000.0,Tuesday,February,-13.4400634765625,1346.7374938964845,0.007265896838448915,0.007239627380711977
2008-02-13,1353.1199951171875,1369.22998046875,1350.780029296875,1367.2099609375,3856420000.0,Wednesday,February,11.39990234375,1346.4379943847657,0.013604062530741423,0.01351235803840717
2008-02-14,1367.3299560546875,1368.1600341796875,1347.31005859375,1348.8599853515625,3644760000.0,Thursday,February,-29.6900634765625,1347.2184936523438,-0.013421475932895444,-0.013512358038407142
2008-02-15,1347.52001953125,1350.0,1338.1300048828125,1349.989990234375,3583300000.0,Friday,February,-45.4300537109375,1348.45849609375,0.0008377480947496796,0.0008373973796748068
2008-02-18,1347.52001953125,1350.0,1338.1300048828125,1349.989990234375,3583300000.0,Monday,February,-30.8299560546875,1349.6984985351562,0.0,0.0
2008-02-19,1355.8599853515625,1367.280029296875,1345.050048828125,1348.780029296875,3613550000.0,Tuesday,February,12.1400146484375,1351.6125,-0.0008962740066612573,-0.0008966759003646298
2008-02-20,1348.3900146484375,1363.7099609375,1336.550048828125,1360.030029296875,3870520000.0,Wednesday,February,33.580078125,1352.6840026855468,0.008340870828184466,0.00830627798826117
2008-02-21,1362.2099609375,1367.93994140625,1339.3399658203125,1342.530029296875,3696660000.0,Thursday,February,5.6199951171875,1352.2070068359376,-0.012867362942748706,-0.01295086452748304
2008-02-22,1344.219970703125,1354.300048828125,1327.0400390625,1353.1099853515625,3572660000.0,Friday,February,21.8199462890625,1353.3320068359376,0.007880610357913875,0.007849720529112649
2008-02-25,1352.75,1374.3599853515625,1346.030029296875,1371.800048828125,3866350000.0,Monday,February,32.6700439453125,1354.2240112304687,0.013812671311938196,0.013718145806112506
2008-02-26,1371.760009765625,1387.3399658203125,1363.2900390625,1381.2900390625,4096060000.0,Tuesday,February,32.4300537109375,1355.1735107421875,0.006917910698780005,0.006894091743071527
2008-02-27,1378.949951171875,1388.3399658203125,1372.0,1380.02001953125,3904700000.0,Wednesday,February,12.81005859375,1356.3840087890626,-0.0009194445013966934,-0.0009198674497638418
2008-02-28,1378.1600341796875,1378.1600341796875,1363.1600341796875,1367.6800537109375,3938580000.0,Thursday,February,18.820068359375,1355.840509033203,-0.00894187449867867,-0.008982092990434256
2008-02-29,1364.0699462890625,1364.0699462890625,1325.4200439453125,1330.6300048828125,4426730000.0,Friday,February,-19.3599853515625,1352.601007080078,-0.027089704735838493,-0.027463395019370087
2008-03-03,1330.449951171875,1335.1300048828125,1320.0400390625,1331.3399658203125,4117570000.0,Monday,March,-18.6500244140625,1350.1270080566405,0.0005335524788219193,0.0005334101903081006
2008-03-04,1329.5799560546875,1331.030029296875,1307.3900146484375,1326.75,4757180000.0,Tuesday,March,-22.030029296875,1349.6325073242188,-0.003447628658457935,-0.0034535854252285467
2008-03-05,1327.68994140625,1344.18994140625,1320.219970703125,1333.699951171875,4277710000.0,Wednesday,March,-26.330078125,1349.9950073242187,0.005238327621537531,0.005224655309318044
2008-03-06,1332.199951171875,1332.199951171875,1303.4200439453125,1304.3399658203125,4323460000.0,Thursday,March,-38.1900634765625,1348.36650390625,-0.022013935987449718,-0.02225985852476442
2008-03-07,1301.530029296875,1313.239990234375,1282.4300537109375,1293.3699951171875,4565410000.0,Friday,March,-59.739990234375,1346.4705017089843,-0.008410361554953893,-0.008445928205016419
2008-03-10,1293.1600341796875,1295.010009765625,1272.6600341796875,1273.3699951171875,4261240000.0,Monday,March,-98.4300537109375,1343.1825012207032,-0.01546347918654778,-0.015584285792662654
2008-03-11,1274.4000244140625,1320.6500244140625,1274.4000244140625,1320.6500244140625,5109080000.0,Tuesday,March,-60.6400146484375,1341.7720031738281,0.037129844018763736,0.03645713261332977
2008-03-12,1321.1300048828125,1333.260009765625,1307.8599853515625,1308.77001953125,4414280000.0,Wednesday,March,-71.25,1338.8500061035156,-0.008995573894062803,-0.009036278359461814
2008-03-13,1305.260009765625,1321.6800537109375,1282.1099853515625,1315.47998046875,5073360000.0,Thursday,March,-52.2000732421875,1337.181005859375,0.005126921336342294,0.005113823424050402
2008-03-14,1316.050048828125,1321.469970703125,1274.8599853515625,1288.1400146484375,5153780000.0,Friday,March,-42.489990234375,1334.0885070800782,-0.02078326255529206,-0.021002274391494557
2008-03-17,1283.2099609375,1287.5,1256.97998046875,1276.5999755859375,5683010000.0,Monday,March,-54.739990234375,1330.4190063476562,-0.00895868378535658,-0.008999054083631237
2008-03-18,1277.1600341796875,1330.739990234375,1277.1600341796875,1330.739990234375,5335630000.0,Tuesday,March,3.989990234375,1329.5170043945313,0.04240953758720556,0.0415348964290097
2008-03-19,1330.969970703125,1341.510009765625,1298.4200439453125,1298.4200439453125,5358550000.0,Wednesday,March,-35.2799072265625,1326.436505126953,-0.02428719849575589,-0.024586996626083605
2008-03-20,1299.6700439453125,1330.6700439453125,1295.219970703125,1329.510009765625,6145220000.0,Thursday,March,25.1700439453125,1325.7855041503906,0.0239444592412823,0.023662286124141837
2008-03-21,1299.6700439453125,1330.6700439453125,1295.219970703125,1329.510009765625,6145220000.0,Friday,March,36.1400146484375,1324.6055053710938,0.0,0.0
2008-03-24,1330.2900390625,1359.6800537109375,1330.2900390625,1349.8800048828125,4499000000.0,Monday,March,76.510009765625,1323.509503173828,0.015321430427423843,0.01520524258521512
2008-03-25,1349.0699462890625,1357.469970703125,1341.2099609375,1352.989990234375,4145120000.0,Tuesday,March,32.3399658203125,1322.094500732422,0.0023038976355771457,0.002301247732709045
2008-03-26,1352.449951171875,1352.449951171875,1336.4100341796875,1341.1300048828125,4055670000.0,Wednesday,March,32.3599853515625,1320.15,-0.008765759863092581,-0.008804405138629654
2008-03-27,1340.3399658203125,1345.6199951171875,1325.6600341796875,1325.760009765625,4037930000.0,Thursday,March,10.280029296875,1318.0539978027343,-0.011460481132498757,-0.011526658548939027
2008-03-28,1327.02001953125,1334.8699951171875,1312.949951171875,1315.219970703125,3686980000.0,Friday,March,27.0799560546875,1317.28349609375,-0.00795018629681199,-0.00798195753141577
2008-03-31,1315.9200439453125,1328.52001953125,1312.81005859375,1322.699951171875,4188990000.0,Monday,March,46.0999755859375,1316.851495361328,0.0056872467232620405,0.00567113539282709
2008-04-01,1326.4100341796875,1370.1800537109375,1326.4100341796875,1370.1800537109375,4745120000.0,Tuesday,April,39.4400634765625,1319.022998046875,0.03589635162305438,0.035267092136393355
2008-04-02,1369.9599609375,1377.949951171875,1361.550048828125,1367.530029296875,4320440000.0,Wednesday,April,69.1099853515625,1320.714501953125,-0.0019340702025878453,-0.0019359429314110361
2008-04-03,1365.68994140625,1375.6600341796875,1358.6800537109375,1369.31005859375,3920100000.0,Thursday,April,39.800048828125,1323.9630065917968,0.001301638178863307,0.001300791782277431
2008-04-04,1369.8499755859375,1380.9100341796875,1362.8299560546875,1370.4000244140625,3703100000.0,Friday,April,40.8900146484375,1327.8145080566405,0.0007959963585104646,0.0007956797214259201
2008-04-07,1373.68994140625,1386.739990234375,1369.02001953125,1372.5400390625,3747780000.0,Monday,April,22.6600341796875,1332.7730102539062,0.0015615985189088022,0.0015603804918229909
2008-04-08,1370.1600341796875,1370.1600341796875,1360.6199951171875,1365.5400390625,3602500000.0,Tuesday,April,12.550048828125,1335.017510986328,-0.005100033369358936,-0.005113082927238636
2008-04-09,1365.5,1368.3900146484375,1349.969970703125,1354.489990234375,3556670000.0,Wednesday,April,13.3599853515625,1337.3035095214843,-0.008092072375784243,-0.008124990899776953
2008-04-10,1355.3699951171875,1367.239990234375,1350.1099853515625,1360.550048828125,3686150000.0,Thursday,April,34.7900390625,1339.5570129394532,0.004474051958627934,0.004464073140925598
2008-04-11,1357.97998046875,1357.97998046875,1331.2099609375,1332.8299560546875,3723790000.0,Friday,April,17.6099853515625,1341.7915100097657,-0.020374180867005598,-0.02058459743950069
2008-04-14,1332.199951171875,1335.6400146484375,1326.1600341796875,1328.3199462890625,3565020000.0,Monday,April,5.6199951171875,1344.377508544922,-0.0033837848145122917,-0.00338952276199069
2008-04-15,1331.719970703125,1337.719970703125,1324.3499755859375,1334.4300537109375,3581230000.0,Tuesday,April,-35.75,1344.56201171875,0.004599876286541349,0.0045893291868171725
2008-04-16,1337.02001953125,1365.489990234375,1337.02001953125,1364.7099609375,4260370000.0,Wednesday,April,-2.820068359375,1347.8765075683593,0.022691265939609684,0.02243764859546432
2008-04-17,1363.3699951171875,1368.5999755859375,1357.25,1365.56005859375,3713880000.0,Thursday,April,-3.75,1349.6790100097655,0.0006229145243916712,0.0006227205936699851
2008-04-18,1369.0,1395.9000244140625,1369.0,1390.3299560546875,4222380000.0,Friday,April,19.929931640625,1352.7200073242188,0.01813900260560164,0.017976453606154175
2008-04-21,1387.719970703125,1390.22998046875,1379.25,1388.1700439453125,3420570000.0,Monday,April,15.6300048828125,1354.6345092773438,-0.001553524830540276,-0.0015547328014771577
2008-04-22,1386.4300537109375,1386.4300537109375,1369.8399658203125,1375.93994140625,3821900000.0,Tuesday,April,10.39990234375,1355.7820068359374,-0.008810233726340488,-0.008849273303171198
2008-04-23,1378.4000244140625,1387.8699951171875,1372.239990234375,1379.9300537109375,4103610000.0,Wednesday,April,25.4400634765625,1357.7220092773437,0.0028999174924810855,0.0028957208430831897
2008-04-24,1380.52001953125,1397.719970703125,1371.0899658203125,1388.8199462890625,4461660000.0,Thursday,April,28.2698974609375,1360.8750061035157,0.006442277675030139,0.006421614900284473
2008-04-25,1387.8800048828125,1399.1099853515625,1379.97998046875,1397.8399658203125,3891150000.0,Friday,April,65.010009765625,1365.006005859375,0.006494736452591576,0.006473736528735971
2008-04-28,1397.9599609375,1402.9000244140625,1394.4000244140625,1396.3699951171875,3607000000.0,Monday,April,68.050048828125,1368.6895080566405,-0.0010516015703287973,-0.0010521548912095745
2008-04-29,1395.6099853515625,1397.0,1386.699951171875,1390.93994140625,3815320000.0,Tuesday,April,56.5098876953125,1369.7275024414062,-0.003888692631555557,-0.0038962732556066196
2008-04-30,1391.219970703125,1404.5699462890625,1384.25,1385.5899658203125,4508890000.0,Wednesday,April,20.8800048828125,1370.6304992675782,-0.0038463023648085404,-0.0038537184080868875
2008-05-01,1385.969970703125,1410.0699462890625,1383.0699462890625,1409.3399658203125,4448780000.0,Thursday,May,43.7799072265625,1372.6319946289063,0.017140713043443112,0.016995468403442283
2008-05-02,1409.1600341796875,1422.719970703125,1406.25,1413.9000244140625,3953030000.0,Friday,May,23.570068359375,1374.8069946289063,0.0032355987230490157,0.003230375437438833
2008-05-05,1415.3399658203125,1415.3399658203125,1404.3699951171875,1407.489990234375,3410090000.0,Monday,May,19.3199462890625,1376.5544921875,-0.0045335837534509205,-0.004543891610429601
2008-05-06,1405.5999755859375,1421.5699462890625,1397.0999755859375,1418.260009765625,3924100000.0,Tuesday,May,42.320068359375,1379.1904907226562,0.007651933303949532,0.007622805755977705
2008-05-07,1417.489990234375,1419.5400390625,1391.1600341796875,1392.5699462890625,4075860000.0,Wednesday,May,12.639892578125,1381.0944885253907,-0.018113789643415146,-0.01827985274237049
2008-05-08,1394.2900390625,1402.3499755859375,1389.3900146484375,1397.6800537109375,3827550000.0,Thursday,May,8.860107421875,1382.9509887695312,0.0036695517058173976,0.003662835326675613
2008-05-09,1394.9000244140625,1394.9000244140625,1384.1099853515625,1388.280029296875,3518620000.0,Friday,May,-9.5599365234375,1385.7234924316406,-0.0067254479228667785,-0.006748165663026327
2008-05-12,1389.4000244140625,1404.06005859375,1386.199951171875,1403.5799560546875,3370630000.0,Monday,May,7.2099609375,1389.4864929199218,0.011020778542468523,0.01096049229248502
2008-05-13,1404.4000244140625,1406.300048828125,1396.260009765625,1403.0400390625,4018590000.0,Tuesday,May,12.10009765625,1392.9169921875,-0.00038467134690722826,-0.0003847453519088049
2008-05-14,1405.6500244140625,1420.18994140625,1405.6500244140625,1408.6600341796875,3979370000.0,Wednesday,May,23.070068359375,1395.1144958496093,0.0040055842746602455,0.00399758328062347
2008-05-15,1408.3599853515625,1424.4000244140625,1406.8699951171875,1423.5699462890625,3836480000.0,Thursday,May,14.22998046875,1398.014990234375,0.01058446448937378,0.010528841196037529
2008-05-16,1423.8900146484375,1425.8199462890625,1414.3499755859375,1425.3499755859375,3842590000.0,Friday,May,11.449951171875,1399.7659912109375,0.0012503981989189228,0.0012496171021445246
2008-05-19,1425.280029296875,1440.239990234375,1421.6300048828125,1426.6300048828125,3683970000.0,Monday,May,19.1400146484375,1401.6889892578124,0.0008980456160241346,0.0008976426143178004
2008-05-20,1424.489990234375,1424.489990234375,1409.0899658203125,1413.4000244140625,3854320000.0,Tuesday,May,-4.8599853515625,1403.561993408203,-0.009273589104020541,-0.009316856535458926
2008-05-21,1414.06005859375,1419.1199951171875,1388.81005859375,1390.7099609375,4517990000.0,Wednesday,May,-1.8599853515625,1404.1009887695313,-0.016053532676263305,-0.016183786536071224
2008-05-22,1390.8299560546875,1399.0699462890625,1390.22998046875,1394.3499755859375,3955960000.0,Thursday,May,-3.330078125,1404.377490234375,0.0026173787135195248,0.002613959343079893
2008-05-23,1392.199951171875,1392.199951171875,1373.719970703125,1375.9300537109375,3516380000.0,Friday,May,-12.3499755859375,1403.2819946289062,-0.013210400686713863,-0.013298434194715
2008-05-26,1392.199951171875,1392.199951171875,1373.719970703125,1375.9300537109375,3516380000.0,Monday,May,-27.64990234375,1402.2599975585938,0.0,0.0
2008-05-27,1375.969970703125,1387.4000244140625,1373.0699462890625,1385.3499755859375,3588860000.0,Tuesday,May,-17.6900634765625,1401.9804992675781,0.006846221470047986,0.006822892512121779
2008-05-28,1386.5400390625,1391.25,1378.1600341796875,1390.8399658203125,3927240000.0,Wednesday,May,-17.820068359375,1402.2429992675782,0.003962890483361736,0.003955058916479667
2008-05-29,1390.5,1406.3199462890625,1388.5899658203125,1398.260009765625,3894440000.0,Thursday,May,-25.3099365234375,1401.6890014648438,0.005334937252062799,0.005320756886204072
2008-05-30,1398.3599853515625,1404.4599609375,1398.0799560546875,1400.3800048828125,3845630000.0,Friday,May,-24.969970703125,1401.0130004882812,0.0015161665944682934,0.0015150183743460114
2008-06-02,1399.6199951171875,1399.6199951171875,1377.7900390625,1385.6700439453125,3714320000.0,Monday,June,-40.9599609375,1399.9220031738282,-0.010504263761414556,-0.010559822954777745
2008-06-03,1386.4200439453125,1393.1199951171875,1370.1199951171875,1377.6500244140625,4396380000.0,Tuesday,June,-35.75,1397.89150390625,-0.005787827748960472,-0.005804642134554054
2008-06-04,1376.260009765625,1388.1800537109375,1371.739990234375,1377.199951171875,4338640000.0,Wednesday,June,-13.510009765625,1397.1230041503907,-0.0003266963555412783,-0.00032674973242131163
2008-06-05,1377.47998046875,1404.050048828125,1377.47998046875,1404.050048828125,4350790000.0,Thursday,June,9.7000732421875,1397.44150390625,0.019496150601372664,0.019308535254153512
2008-06-06,1400.06005859375,1400.06005859375,1359.9000244140625,1360.6800537109375,4771660000.0,Friday,June,-15.25,1396.061505126953,-0.030889208795217615,-0.03137633801853779
2008-06-09,1360.8299560546875,1370.6300048828125,1350.6199951171875,1361.760009765625,4404570000.0,Monday,June,-14.1700439453125,1393.9705078125,0.0007936884587542714,0.0007933736546294128
2008-06-10,1358.97998046875,1366.8399658203125,1351.56005859375,1358.43994140625,4635070000.0,Tuesday,June,-26.9100341796875,1391.7405029296874,-0.002438071565889488,-0.0024410485020095888
2008-06-11,1357.0899658203125,1357.0899658203125,1335.469970703125,1335.489990234375,4779980000.0,Wednesday,June,-55.3499755859375,1388.0820007324219,-0.01689434363076614,-0.017038681020649288
2008-06-12,1335.780029296875,1353.030029296875,1331.2900390625,1339.8699951171875,4734240000.0,Thursday,June,-58.3900146484375,1383.8970031738281,0.0032796987733647587,0.003274332291770189
2008-06-13,1341.81005859375,1360.030029296875,1341.7099609375,1360.030029296875,4080420000.0,Friday,June,-40.3499755859375,1380.631005859375,0.015046261393385496,0.014934189182590988
2008-06-16,1358.8499755859375,1364.699951171875,1352.0699462890625,1360.1400146484375,3706940000.0,Monday,June,-25.530029296875,1377.3065063476563,8.086979639654324e-05,8.086652661084205e-05
2008-06-17,1360.7099609375,1366.5899658203125,1350.5400390625,1350.9300537109375,3801960000.0,Tuesday,June,-26.719970703125,1374.1830078125,-0.006771332979186417,-0.006794362473468583
2008-06-18,1349.5899658203125,1349.5899658203125,1333.4000244140625,1337.81005859375,4573570000.0,Wednesday,June,-39.389892578125,1371.5380126953125,-0.009711824147480841,-0.009759291491304709
2008-06-19,1336.8900146484375,1347.6600341796875,1330.5,1342.8299560546875,4811670000.0,Thursday,June,-61.2200927734375,1368.96201171875,0.003752324501292925,0.00374530209313213
2008-06-20,1341.02001953125,1341.02001953125,1314.4599609375,1317.9300537109375,5324900000.0,Friday,June,-42.75,1366.06201171875,-0.01854285587797533,-0.018716929874510457
2008-06-23,1319.77001953125,1323.780029296875,1315.31005859375,1318.0,4186370000.0,Monday,June,-43.760009765625,1363.165509033203,5.307283862721057e-05,5.3071430313939166e-05
2008-06-24,1317.22998046875,1326.02001953125,1304.4200439453125,1314.2900390625,4705050000.0,Tuesday,June,-44.14990234375,1359.6125122070312,-0.002814841378983357,-0.0028188104950155795
2008-06-25,1314.5400390625,1335.6300048828125,1314.5400390625,1321.969970703125,4825640000.0,Wednesday,June,-13.52001953125,1356.169012451172,0.005843407020038827,0.005826400535617632
2008-06-26,1316.2900390625,1316.2900390625,1283.1500244140625,1283.1500244140625,5231280000.0,Thursday,June,-56.719970703125,1350.4135131835938,-0.029365225496321257,-0.029805014810582432
2008-06-27,1283.5999755859375,1289.449951171875,1272.0,1278.3800048828125,6208260000.0,Friday,June,-81.6500244140625,1344.3135131835938,-0.0037174293266512004,-0.003724356139002652
2008-06-30,1278.06005859375,1290.31005859375,1274.8599853515625,1280.0,5032330000.0,Monday,June,-80.1400146484375,1339.030010986328,0.0012672250121246176,0.0012664227601932253
2008-07-01,1276.68994140625,1285.31005859375,1260.6800537109375,1284.9100341796875,5846290000.0,Tuesday,July,-66.02001953125,1334.3930114746095,0.003835964202880904,0.0038286256531538474
2008-07-02,1285.8199462890625,1292.1700439453125,1261.510009765625,1261.52001953125,5276090000.0,Wednesday,July,-76.2900390625,1328.6090148925782,-0.01820362050746238,-0.0183713449871704
2008-07-03,1262.9599609375,1271.47998046875,1252.010009765625,1262.9000244140625,3247590000.0,Thursday,July,-79.929931640625,1321.551513671875,0.0010939223012293997,0.0010933244042243555
2008-07-04,1262.9599609375,1271.47998046875,1252.010009765625,1262.9000244140625,3247590000.0,Friday,July,-55.030029296875,1316.6625122070313,0.0,0.0
2008-07-07,1262.9000244140625,1273.949951171875,1240.6800537109375,1252.31005859375,5265420000.0,Monday,July,-65.68994140625,1311.1900146484375,-0.008385434805281422,-0.008420790350197398
2008-07-08,1251.8399658203125,1274.1700439453125,1242.8399658203125,1273.699951171875,6034110000.0,Tuesday,July,-40.590087890625,1306.9530151367187,0.01708034877731812,0.016936119626383927
2008-07-09,1273.3800048828125,1277.3599853515625,1244.5699462890625,1244.68994140625,5181000000.0,Wednesday,July,-77.280029296875,1302.4130126953125,-0.022776172472122824,-0.023039556424807296
2008-07-10,1245.25,1257.6500244140625,1236.760009765625,1253.3900146484375,5840430000.0,Thursday,July,-29.760009765625,1298.089013671875,0.0069897513852792414,0.006965436311526433
2008-07-11,1248.6600341796875,1257.27001953125,1225.3499755859375,1239.489990234375,6742200000.0,Friday,July,-38.8900146484375,1292.06201171875,-0.011089943474586694,-0.011151895352082091
2008-07-14,1241.6099853515625,1253.5,1225.010009765625,1228.300048828125,5434860000.0,Monday,July,-51.699951171875,1285.4700134277343,-0.00902785943768214,-0.00906885749704109
2008-07-15,1226.8299560546875,1234.3499755859375,1200.43994140625,1214.9100341796875,7363640000.0,Tuesday,July,-70.0,1278.669012451172,-0.010901257116461394,-0.010961111207184446
2008-07-16,1214.6500244140625,1245.52001953125,1211.3900146484375,1245.3599853515625,6738630000.0,Wednesday,July,-16.1600341796875,1274.0465087890625,0.02506354406105049,0.02475460487471305
2008-07-17,1246.31005859375,1262.31005859375,1241.489990234375,1260.3199462890625,7365210000.0,Thursday,July,-2.580078125,1269.9210083007813,0.012012559511679566,0.011940981372926736
2008-07-18,1258.219970703125,1262.22998046875,1251.81005859375,1260.6800537109375,5653280000.0,Friday,July,-2.219970703125,1267.0585083007813,0.00028572698776629935,0.0002856861755844398
2008-07-21,1261.8199462890625,1267.739990234375,1255.699951171875,1260.0,4630640000.0,Monday,July,7.68994140625,1264.1585083007812,-0.0005394340212933058,-0.0005395795681692814
2008-07-22,1257.0799560546875,1277.4200439453125,1248.8299560546875,1277.0,6180230000.0,Tuesday,July,3.300048828125,1262.2940063476562,0.013492063492063444,0.013401856087015563
2008-07-23,1278.8699951171875,1291.1700439453125,1276.06005859375,1282.18994140625,6705830000.0,Wednesday,July,37.5,1260.3050048828125,0.004064167115309214,0.004055930696717993
2008-07-24,1283.219970703125,1283.219970703125,1251.47998046875,1252.5400390625,6127980000.0,Thursday,July,-0.8499755859375,1258.7745056152344,-0.023124422822433988,-0.02339598696581199
2008-07-25,1253.510009765625,1263.22998046875,1251.75,1257.760009765625,4672560000.0,Friday,July,18.27001953125,1257.743505859375,0.00416750805589583,0.004158848046300204
2008-07-28,1257.760009765625,1260.0899658203125,1234.3699951171875,1234.3699951171875,4282960000.0,Monday,July,6.0699462890625,1255.4620056152344,-0.01859656410350974,-0.01877165431708631
2008-07-29,1236.3800048828125,1263.199951171875,1236.3800048828125,1263.199951171875,5414240000.0,Tuesday,July,48.2899169921875,1254.3765014648438,0.023356008464828548,0.023087430794461804
2008-07-30,1264.52001953125,1284.3299560546875,1264.52001953125,1284.260009765625,5631330000.0,Wednesday,July,38.9000244140625,1255.5135009765625,0.01667199129814123,0.016534539279929733
2008-07-31,1281.3699951171875,1284.9300537109375,1265.969970703125,1267.3800048828125,5346050000.0,Thursday,July,7.06005859375,1255.7375,-0.013143759639368535,-0.013230903287162038
2008-08-01,1269.4200439453125,1270.52001953125,1254.5400390625,1260.31005859375,4684870000.0,Friday,August,-0.3699951171875,1255.6080017089844,-0.005578395005305659,-0.005594012357643428
2008-08-04,1253.27001953125,1260.489990234375,1247.449951171875,1249.010009765625,4562280000.0,Monday,August,-10.989990234375,1255.4429992675782,-0.00896608636190177,-0.009006523604902408
2008-08-05,1254.8699951171875,1284.8800048828125,1254.6700439453125,1284.8800048828125,1219310000.0,Tuesday,August,7.8800048828125,1256.002001953125,0.028718741112345736,0.028314087237507637
2008-08-06,1283.989990234375,1291.6700439453125,1276.0,1289.18994140625,4873420000.0,Wednesday,August,7.0,1258.227001953125,0.003354349438903892,0.003348736157926132
2008-08-07,1286.510009765625,1286.510009765625,1264.2900390625,1266.0699462890625,5319380000.0,Thursday,August,13.5299072265625,1258.8609985351563,-0.017933738369047658,-0.018096496701488593
2008-08-08,1266.2900390625,1297.8499755859375,1262.1099853515625,1296.3199462890625,4966810000.0,Friday,August,38.5599365234375,1261.7024963378906,0.02389283474318682,0.02361186756964235
2008-08-11,1294.4200439453125,1313.1500244140625,1291.4100341796875,1305.3199462890625,5067310000.0,Monday,August,70.949951171875,1265.5534912109374,0.006942730477737413,0.006918740696878146
2008-08-12,1304.7900390625,1304.7900390625,1285.6400146484375,1289.5899658203125,4711290000.0,Tuesday,August,26.3900146484375,1269.2874877929687,-0.012050670422580567,-0.012123868402247892
2008-08-13,1288.6400146484375,1294.030029296875,1274.8599853515625,1285.8299560546875,4787600000.0,Wednesday,August,1.5699462890625,1271.310986328125,-0.0029156630132689543,-0.0029199218388871536
2008-08-14,1282.1099853515625,1300.1099853515625,1276.8399658203125,1292.9300537109375,4064000000.0,Thursday,August,25.550048828125,1272.9414916992187,0.005521801403690407,0.005506612147370432
2008-08-15,1293.8499755859375,1302.050048828125,1290.739990234375,1298.199951171875,4041820000.0,Friday,August,37.889892578125,1274.8174865722656,0.004075933919094776,0.004067649803148502
2008-08-18,1298.1400146484375,1300.219970703125,1274.510009765625,1278.5999755859375,3829290000.0,Monday,August,29.5899658203125,1275.7474853515625,-0.015097809523290096,-0.015212941748937444
2008-08-19,1276.6500244140625,1276.6500244140625,1263.1099853515625,1266.68994140625,4159760000.0,Tuesday,August,-18.1900634765625,1275.231982421875,-0.009314902555218274,-0.00935855756629458
2008-08-20,1267.3399658203125,1276.010009765625,1261.1600341796875,1274.5400390625,4555030000.0,Wednesday,August,-14.64990234375,1274.8494873046875,0.006197331643397197,0.006178207156833316
2008-08-21,1271.0699462890625,1281.4000244140625,1265.219970703125,1277.719970703125,4032590000.0,Thursday,August,11.6500244140625,1276.1084838867187,0.0024949640993341404,0.0024918568436600886
2008-08-22,1277.5899658203125,1293.0899658203125,1277.5899658203125,1292.199951171875,3741070000.0,Friday,August,-4.1199951171875,1277.8304809570313,0.011332671321386378,0.011268937664792816
2008-08-25,1290.469970703125,1290.469970703125,1264.8699951171875,1266.8399658203125,3420600000.0,Monday,August,-38.47998046875,1279.4539794921875,-0.019625434383095275,-0.019820570527915714
2008-08-26,1267.030029296875,1275.6500244140625,1263.2099609375,1271.510009765625,3587570000.0,Tuesday,August,-18.0799560546875,1279.869482421875,0.0036863724474374138,0.0036795944289534067
2008-08-27,1271.2900390625,1285.050048828125,1270.030029296875,1281.6600341796875,3499610000.0,Wednesday,August,-4.169921875,1279.739483642578,0.007982653959549557,0.007950961127648376
2008-08-28,1283.7900390625,1300.6800537109375,1283.7900390625,1300.6800537109375,3854280000.0,Thursday,August,7.75,1281.4044860839845,0.014840144050698667,0.014731106544230111
2008-08-29,1296.489990234375,1297.5899658203125,1282.739990234375,1282.8299560546875,3288120000.0,Friday,August,-15.3699951171875,1282.5304809570312,-0.013723665251360151,-0.013818705278780862
2008-09-01,1296.489990234375,1297.5899658203125,1282.739990234375,1282.8299560546875,3288120000.0,Monday,September,4.22998046875,1284.2214782714843,0.0,0.0
2008-09-02,1287.8299560546875,1303.0400390625,1272.199951171875,1277.5799560546875,4783560000.0,Tuesday,September,10.8900146484375,1283.8564758300781,-0.004092514347066145,-0.004100911602328969
2008-09-03,1276.6099853515625,1280.5999755859375,1265.5899658203125,1274.97998046875,5056980000.0,Wednesday,September,0.43994140625,1283.145977783203,-0.0020350785667978544,-0.0020371521529357994
2008-09-04,1271.800048828125,1271.800048828125,1232.8299560546875,1236.8299560546875,5212500000.0,Thursday,September,-40.8900146484375,1281.6839782714844,-0.02992205759970956,-0.03037885772284698
2008-09-05,1233.2099609375,1244.93994140625,1217.22998046875,1242.31005859375,5017080000.0,Friday,September,-49.889892578125,1278.9834838867187,0.004430764724152825,0.004420977784567912
2008-09-08,1249.5,1274.4200439453125,1247.1199951171875,1267.7900390625,7351340000.0,Monday,September,0.9500732421875,1277.1069885253905,0.02051016192977806,0.02030266101316487
2008-09-09,1267.97998046875,1268.6600341796875,1224.510009765625,1224.510009765625,7380630000.0,Tuesday,September,-47.0,1273.8529907226562,-0.03413816796421554,-0.03473448601838737
2008-09-10,1227.5,1243.9000244140625,1221.5999755859375,1232.0400390625,6543440000.0,Wednesday,September,-49.6199951171875,1271.1634948730468,0.006149422411268146,0.006130591871801976
2008-09-11,1229.0400390625,1249.97998046875,1211.5400390625,1249.050048828125,6869250000.0,Thursday,September,-51.6300048828125,1268.9694946289062,0.013806377411702098,0.013711937637728922
2008-09-12,1245.8800048828125,1255.0899658203125,1233.81005859375,1251.699951171875,6273260000.0,Friday,September,-31.1300048828125,1266.6444946289062,0.002121534158087801,0.0021192868823826515
2008-09-15,1250.9200439453125,1250.9200439453125,1192.699951171875,1192.699951171875,8279510000.0,Monday,September,-90.1300048828125,1262.3494934082032,-0.04713589702129706,-0.048282984679058116
2008-09-16,1188.31005859375,1214.8399658203125,1169.280029296875,1213.5999755859375,9459830000.0,Tuesday,September,-63.97998046875,1259.6949951171875,0.017523287725070613,0.017371525271791654
2008-09-17,1210.3399658203125,1210.3399658203125,1155.8800048828125,1156.3900146484375,9431870000.0,Wednesday,September,-118.5899658203125,1253.7874938964844,-0.04714070706031326,-0.048288032671884897
2008-09-18,1157.0799560546875,1211.1400146484375,1133.5,1206.510009765625,10082690000.0,Thursday,September,-30.3199462890625,1250.2269958496095,0.043341774386062015,0.04242880631709865
2008-09-19,1213.1099853515625,1265.1199951171875,1213.1099853515625,1255.0799560546875,9387170000.0,Friday,September,12.7698974609375,1248.37099609375,0.0402565630586833,0.039467377977745945
2008-09-22,1255.3699951171875,1255.3699951171875,1205.6099853515625,1207.0899658203125,5368130000.0,Monday,September,-60.7000732421875,1245.38349609375,-0.038236599989398545,-0.03898680450101769
2008-09-23,1207.6099853515625,1221.1500244140625,1187.06005859375,1188.219970703125,5185730000.0,Tuesday,September,-36.2900390625,1241.218994140625,-0.01563263356626765,-0.01575611173219346
2008-09-24,1188.7900390625,1197.4100341796875,1179.7900390625,1185.8699951171875,4820360000.0,Wednesday,September,-46.1700439453125,1236.4294921875,-0.001977727730452905,-0.0019796860163376574
2008-09-25,1187.8699951171875,1220.030029296875,1187.8699951171875,1209.1800537109375,5877640000.0,Thursday,September,-39.8699951171875,1231.8544921875,0.019656504245599393,0.019465810036084243
2008-09-26,1204.469970703125,1215.77001953125,1187.5400390625,1213.27001953125,5383610000.0,Friday,September,-38.429931640625,1228.3764953613281,0.0033824291161275166,0.003376721569391682
2008-09-29,1209.0699462890625,1209.0699462890625,1106.4200439453125,1106.4200439453125,7305060000.0,Monday,September,-86.2799072265625,1219.5559997558594,-0.08806776221769597,-0.09218959234553593
2008-09-30,1113.780029296875,1168.030029296875,1113.780029296875,1166.3599853515625,4937680000.0,Tuesday,September,-47.239990234375,1213.9950012207032,0.0541746705821724,0.052758158003824995
2008-10-01,1164.1700439453125,1167.030029296875,1140.77001953125,1161.06005859375,5782130000.0,Wednesday,October,4.6700439453125,1208.299005126953,-0.004543988840816637,-0.004554344139591543
2008-10-02,1160.6400146484375,1160.6400146484375,1111.4300537109375,1114.280029296875,6285640000.0,Thursday,October,-92.22998046875,1202.1715087890625,-0.04029079197981711,-0.04112494871855385
2008-10-03,1115.1600341796875,1153.8199462890625,1098.1400146484375,1099.22998046875,6716120000.0,Friday,October,-155.8499755859375,1195.0175048828125,-0.013506522985628489,-0.013598565792345264
2008-10-06,1097.56005859375,1097.56005859375,1007.969970703125,1056.8900146484375,7956020000.0,Monday,October,-150.199951171875,1184.4725036621094,-0.03851784119121027,-0.03927926970654148
2008-10-07,1057.5999755859375,1072.9100341796875,996.22998046875,996.22998046875,7069210000.0,Tuesday,October,-191.989990234375,1173.0585021972656,-0.05739484084336377,-0.05910779118196403
2008-10-08,988.9099731445312,1021.0599975585938,970.969970703125,984.9400024414062,8716330000.0,Wednesday,October,-200.92999267578125,1160.7035003662108,-0.01133270253725105,-0.011397406925517297
2008-10-09,988.4199829101562,1005.25,909.1900024414062,909.9199829101562,6819000000.0,Thursday,October,-299.26007080078125,1143.7469970703125,-0.07616709580816616,-0.07922406331313588
2008-10-10,902.3099975585938,936.3599853515625,839.7999877929688,899.219970703125,11456230000.0,Friday,October,-314.050048828125,1126.122998046875,-0.011759289177065702,-0.011828976472150513
2008-10-13,912.75,1006.9299926757812,912.75,1003.3499755859375,7263370000.0,Monday,October,-103.070068359375,1116.655499267578,0.11580036951513706,0.10957196759533848
2008-10-14,1009.969970703125,1044.31005859375,972.0700073242188,998.010009765625,8161990000.0,Tuesday,October,-168.3499755859375,1105.8760009765624,-0.005322136791994336,-0.005336349813536854
2008-10-15,994.5999755859375,994.5999755859375,903.989990234375,907.8400268554688,6542330000.0,Wednesday,October,-253.22003173828125,1093.448501586914,-0.0903497780862258,-0.09469512488423501
2008-10-16,909.530029296875,947.7100219726562,865.8300170898438,946.4299926757812,7984500000.0,Thursday,October,-167.85003662109375,1080.4445007324218,0.042507451399756535,0.041628822290941045
2008-10-17,942.2899780273438,984.6400146484375,918.739990234375,940.5499877929688,6581780000.0,Friday,October,-158.67999267578125,1064.718002319336,-0.006212826018106576,-0.006232205932727285
2008-10-20,943.510009765625,985.4000244140625,943.510009765625,985.4000244140625,5175640000.0,Monday,October,-71.489990234375,1053.6335052490235,0.04768490479313692,0.046582877325231545
2008-10-21,980.4000244140625,985.4400024414062,952.469970703125,955.0499877929688,5121830000.0,Tuesday,October,-41.17999267578125,1041.9750061035156,-0.030799711659374562,-0.03128399253606999
2008-10-22,951.6699829101562,951.6699829101562,875.8099975585938,896.780029296875,6147980000.0,Wednesday,October,-88.15997314453125,1027.5205078125,-0.06101246975642627,-0.06295307968785188
2008-10-23,899.0800170898438,922.8300170898438,858.4400024414062,908.1099853515625,7189900000.0,Thursday,October,-1.80999755859375,1012.4670043945313,0.012634041442215027,0.012554897845818378
2008-10-24,895.219970703125,896.2999877929688,852.8499755859375,876.77001953125,6550050000.0,Friday,October,-22.449951171875,995.6420043945312,-0.034511200543819176,-0.03512077795125528
2008-10-27,874.280029296875,893.780029296875,846.75,848.9199829101562,5558050000.0,Monday,October,-154.42999267578125,982.7670013427735,-0.03176435781413156,-0.032279789320129516
2008-10-28,848.9199829101562,940.510009765625,845.27001953125,940.510009765625,7096950000.0,Tuesday,October,-57.5,971.4745025634766,0.10789005877973534,0.10245735847393653
2008-10-29,939.510009765625,969.969970703125,922.260009765625,930.0900268554688,7077800000.0,Wednesday,October,22.25,959.9260009765625,-0.011079077098555157,-0.011140907177516441
2008-10-30,939.3800048828125,963.22998046875,928.5,954.0900268554688,6175830000.0,Thursday,October,7.6600341796875,951.9165008544921,0.025803953710955563,0.025476650236373046
2008-10-31,953.1099853515625,984.3800048828125,944.5900268554688,968.75,6394350000.0,Friday,October,28.20001220703125,945.3925018310547,0.01536539816147986,0.015248545898600415
2008-11-03,968.6699829101562,975.5700073242188,958.8200073242188,966.2999877929688,4492280000.0,Monday,November,-19.10003662109375,940.8630004882813,-0.0025290448588709546,-0.002532248295049081
2008-11-04,971.3099975585938,1007.510009765625,971.3099975585938,1005.75,5531290000.0,Tuesday,November,50.70001220703125,941.3390014648437,0.04082584363592434,0.040014478457390035
2008-11-05,1001.8400268554688,1001.8400268554688,949.8599853515625,952.77001953125,5426640000.0,Wednesday,November,55.989990234375,939.730502319336,-0.05267708721725084,-0.05411525893116383
2008-11-06,952.4000244140625,952.4000244140625,899.72998046875,904.8800048828125,6102230000.0,Thursday,November,-3.22998046875,939.4785034179688,-0.05026398151360678,-0.05157120827951978
2008-11-07,907.4400024414062,931.4600219726562,906.9000244140625,930.989990234375,4931640000.0,Friday,November,54.219970703125,941.0670043945313,0.028854638416884848,0.028446181972100103
2008-11-10,936.75,951.9500122070312,907.469970703125,919.2100219726562,4572000000.0,Monday,November,70.2900390625,936.8600067138672,-0.012653163176065019,-0.01273389618685711
2008-11-11,917.1500244140625,917.1500244140625,884.9000244140625,898.9500122070312,4998340000.0,Tuesday,November,-41.55999755859375,931.9070068359375,-0.02204067545102073,-0.02228720025294257
2008-11-12,893.3900146484375,893.3900146484375,850.47998046875,852.2999877929688,5764180000.0,Wednesday,November,-77.7900390625,929.1300048828125,-0.05189390264262972,-0.05328886594572081
2008-11-13,853.1300048828125,913.010009765625,818.6900024414062,911.2899780273438,7849120000.0,Thursday,November,-42.800048828125,927.3730041503907,0.06921270805966984,0.06692259078968742
2008-11-14,904.3599853515625,916.8800048828125,869.8800048828125,873.2899780273438,5881030000.0,Friday,November,-95.46002197265625,924.0100036621094,-0.041699130810434304,-0.04259349062086726
2008-11-17,873.22998046875,882.2899780273438,848.97998046875,850.75,4927490000.0,Monday,November,-115.54998779296875,917.2775024414062,-0.025810416464710606,-0.026149349993598612
2008-11-18,852.3400268554688,865.9000244140625,826.8400268554688,859.1199951171875,6679470000.0,Tuesday,November,-146.6300048828125,912.4810028076172,0.00983837216243022,0.00979029048544131
2008-11-19,859.030029296875,864.5700073242188,806.1799926757812,806.5800170898438,6548600000.0,Wednesday,November,-146.19000244140625,907.9710021972656,-0.06115557585198217,-0.06310549598420712
2008-11-20,805.8699951171875,820.52001953125,747.780029296875,752.4400024414062,9093740000.0,Thursday,November,-152.44000244140625,900.1875030517579,-0.06712293077105447,-0.06948184541277702
2008-11-21,755.8400268554688,801.2000122070312,741.02001953125,800.030029296875,9495900000.0,Friday,November,-130.9599609375,896.3505035400391,0.06324760339835156,0.06132800111506746
2008-11-24,801.2000122070312,865.5999755859375,801.2000122070312,851.8099975585938,7879440000.0,Monday,November,-67.4000244140625,896.495004272461,0.06472253086203117,0.06271423081455647
2008-11-25,853.4000244140625,868.9400024414062,834.989990234375,857.3900146484375,6952700000.0,Tuesday,November,-41.55999755859375,892.3390045166016,0.006550776705881445,0.0065294136139663166
2008-11-26,852.9000244140625,887.6799926757812,841.3699951171875,887.6799926757812,5793260000.0,Wednesday,November,35.3800048828125,890.2185028076171,0.03532812081997916,0.03471840142238202
2008-11-27,852.9000244140625,887.6799926757812,841.3699951171875,887.6799926757812,5793260000.0,Thursday,November,-23.6099853515625,886.8980010986328,0.0,0.0
2008-11-28,886.8900146484375,896.25,881.2100219726562,896.239990234375,2740860000.0,Friday,November,22.95001220703125,883.2725006103516,0.009643111965147444,0.009596913918806831
2008-12-01,888.6099853515625,888.6099853515625,815.6900024414062,816.2100219726562,6052010000.0,Monday,December,-34.53997802734375,875.7680023193359,-0.0892952436107991,-0.09353652163820918
2008-12-02,817.9400024414062,850.5399780273438,817.9400024414062,848.8099975585938,6170100000.0,Tuesday,December,-10.30999755859375,867.9210021972656,0.03994067054843109,0.03916366397642246
2008-12-03,843.5999755859375,873.1199951171875,827.5999755859375,870.739990234375,6221880000.0,Wednesday,December,64.15997314453125,863.8195007324218,0.025836162084397873,0.02550804791981371
2008-12-04,869.75,875.5999755859375,833.5999755859375,845.219970703125,5860390000.0,Thursday,December,92.77996826171875,860.8364990234375,-0.02930842710506598,-0.02974649977384212
2008-12-05,844.4299926757812,879.4199829101562,818.4099731445312,876.0700073242188,6165370000.0,Friday,December,76.03997802734375,858.0904998779297,0.03649941753675101,0.035849090941538375
2008-12-08,882.7100219726562,918.5700073242188,882.7100219726562,909.7000122070312,6553600000.0,Monday,December,57.8900146484375,857.6149993896485,0.0383873487297306,0.03766888346678524
2008-12-09,906.47998046875,916.260009765625,885.3800048828125,888.6699829101562,5693110000.0,Tuesday,December,31.27996826171875,857.1009979248047,-0.023117543162227583,-0.023388944476325925
2008-12-10,892.1699829101562,908.27001953125,885.4500122070312,899.239990234375,5942130000.0,Wednesday,December,11.55999755859375,859.447998046875,0.01189418741207482,0.011824007505509534
2008-12-11,898.3499755859375,904.6300048828125,868.72998046875,873.5900268554688,5513840000.0,Thursday,December,-14.0899658203125,857.5630004882812,-0.0285240465920793,-0.028938762495764388
2008-12-12,871.7899780273438,883.239990234375,851.3499755859375,879.72998046875,5959590000.0,Friday,December,-16.510009765625,857.8850006103515,0.007028415417449585,0.007003831230512167
2008-12-15,881.0700073242188,884.6300048828125,857.719970703125,868.5700073242188,4982390000.0,Monday,December,52.3599853515625,858.7760009765625,-0.012685680143110334,-0.012766830411484197
2008-12-16,871.530029296875,914.6599731445312,871.530029296875,913.1799926757812,6009780000.0,Tuesday,December,64.3699951171875,861.4790008544921,0.05136026454446818,0.05008481578859222
2008-12-17,908.1599731445312,918.8499755859375,895.9400024414062,904.4199829101562,5907380000.0,Wednesday,December,33.67999267578125,866.3709991455078,-0.009592862125632595,-0.009639170015611964
2008-12-18,905.97998046875,911.02001953125,877.4400024414062,885.280029296875,5675000000.0,Thursday,December,40.06005859375,873.0130004882812,-0.021162683238924562,-0.021389823129044905
2008-12-19,886.9600219726562,905.469970703125,883.02001953125,887.8800048828125,6705310000.0,Friday,December,11.80999755859375,877.4054992675781,0.002936896236101161,0.0029325919817233524
2008-12-22,887.2000122070312,887.3699951171875,857.0900268554688,871.6300048828125,4869850000.0,Monday,December,-38.07000732421875,878.3964996337891,-0.018302022695223075,-0.018471576686337164
2008-12-23,874.3099975585938,880.4400024414062,860.0999755859375,863.1599731445312,4051970000.0,Tuesday,December,-25.510009765625,878.6849975585938,-0.009717462330154691,-0.009764984984231137
2008-12-24,863.8699951171875,869.7899780273438,861.4400024414062,868.1500244140625,1546550000.0,Wednesday,December,-31.0899658203125,877.7084991455079,0.005781143038123382,0.005764496357789291
2008-12-25,863.8699951171875,869.7899780273438,861.4400024414062,868.1500244140625,1546550000.0,Thursday,December,-5.44000244140625,876.7320007324219,0.0,0.0
2008-12-26,869.510009765625,873.739990234375,866.52001953125,872.7999877929688,1880050000.0,Friday,December,-6.92999267578125,875.5600006103516,0.005356174910027267,0.005341881620716298
2008-12-29,872.3699951171875,873.7000122070312,857.0700073242188,869.4199829101562,3323430000.0,Monday,December,0.8499755859375,878.2204986572266,-0.003872599599089699,-0.0038801175284807
2008-12-30,870.5800170898438,891.1199951171875,870.5800170898438,890.6400146484375,3627800000.0,Tuesday,December,-22.53997802734375,880.3119995117188,0.024407112966569722,0.024114018863220666
2008-12-31,890.5900268554688,910.3200073242188,889.6699829101562,903.25,4172940000.0,Wednesday,December,-1.16998291015625,881.9375,0.01415834135471683,0.014059048160206564
2009-01-01,890.5900268554688,910.3200073242188,889.6699829101562,903.25,4172940000.0,Thursday,January,17.969970703125,884.8390014648437,0.0,0.0
2009-01-02,902.989990234375,934.72998046875,899.3499755859375,931.7999877929688,4048270000.0,Friday,January,43.91998291015625,887.6255004882812,0.03160806841181141,0.031118816254462313
2009-01-05,929.1699829101562,936.6300048828125,919.530029296875,927.4500122070312,5413910000.0,Monday,January,55.82000732421875,888.5130004882812,-0.004668357633531128,-0.004679288447595494
2009-01-06,931.1699829101562,943.8499755859375,927.280029296875,934.7000122070312,5392620000.0,Tuesday,January,71.5400390625,890.814501953125,0.0078171328961949,0.007786737413759767
2009-01-07,927.4500122070312,927.4500122070312,902.3699951171875,906.6500244140625,4704940000.0,Wednesday,January,38.5,891.1850036621094,-0.030009615306130777,-0.03046912022057231
2009-01-08,905.72998046875,910.0,896.8099975585938,909.72998046875,4991550000.0,Thursday,January,41.5799560546875,892.9920013427734,0.0033970727091503505,0.0033913156919744315
2009-01-09,909.9099731445312,911.9299926757812,888.3099975585938,890.3499755859375,4716500000.0,Friday,January,17.54998779296875,893.5230010986328,-0.021303029798827477,-0.021533214293202936
2009-01-12,890.4000244140625,890.4000244140625,864.3200073242188,870.260009765625,4725050000.0,Monday,January,0.84002685546875,893.6075012207032,-0.02256412239141281,-0.02282258762866887
2009-01-13,869.7899780273438,877.02001953125,862.02001953125,871.7899780273438,5567460000.0,Tuesday,January,-18.85003662109375,891.5380004882812,0.0017580587922576552,0.0017565152157664873
2009-01-14,867.280029296875,867.280029296875,836.9299926757812,842.6199951171875,5407880000.0,Wednesday,January,-60.6300048828125,888.4480010986329,-0.03345987410426654,-0.0340324644901829
2009-01-15,841.989990234375,851.5900268554688,817.0399780273438,843.739990234375,7807350000.0,Thursday,January,-59.510009765625,886.3709991455078,0.0013291817470242329,0.0013282991669522379
2009-01-16,844.4500122070312,858.1300048828125,830.6599731445312,850.1199951171875,6786040000.0,Friday,January,-81.67999267578125,884.4829986572265,0.0075615769747268136,0.007533131556373145
2009-01-19,844.4500122070312,858.1300048828125,830.6599731445312,850.1199951171875,6786040000.0,Monday,January,-77.33001708984375,883.4074981689453,0.0,0.0
2009-01-20,849.6400146484375,849.6400146484375,804.469970703125,805.219970703125,6375230000.0,Tuesday,January,-129.48004150390625,880.510498046875,-0.052816102046715274,-0.054262014623913155
2009-01-21,806.77001953125,841.719970703125,804.2999877929688,840.239990234375,6467830000.0,Wednesday,January,-66.4100341796875,879.1149963378906,0.04349124562903017,0.04257205806919397
2009-01-22,839.739990234375,839.739990234375,811.2899780273438,827.5,5843830000.0,Thursday,January,-82.22998046875,877.0824951171875,-0.015162323124874533,-0.015278446440878557
2009-01-23,822.1599731445312,838.6099853515625,806.0700073242188,831.9500122070312,5832160000.0,Friday,January,-58.39996337890625,875.0399963378907,0.005377658256231044,0.005363250283092426
2009-01-26,832.5,852.530029296875,827.6900024414062,836.5700073242188,6039940000.0,Monday,January,-33.69000244140625,873.3974975585937,0.005553212391849582,0.005537850154850269
2009-01-27,837.2999877929688,850.4500122070312,835.4000244140625,845.7100219726562,5353260000.0,Tuesday,January,-26.0799560546875,871.1509979248046,0.010925582519593302,0.010866329534482322
2009-01-28,845.72998046875,877.8599853515625,845.72998046875,874.0900268554688,6199180000.0,Wednesday,January,31.47003173828125,869.6929992675781,0.03355760738960489,0.03300683868264074
2009-01-29,868.8900146484375,868.8900146484375,844.1500244140625,845.1400146484375,5067060000.0,Thursday,January,1.4000244140625,866.7875,-0.03312017219917118,-0.03368106446667382
2009-01-30,845.6900024414062,851.6599731445312,821.6699829101562,825.8800048828125,5350580000.0,Friday,January,-24.239990234375,861.4915008544922,-0.022789134855526583,-0.023052821010677113
2009-02-02,823.0900268554688,830.780029296875,812.8699951171875,825.4400024414062,5673270000.0,Monday,February,-24.67999267578125,856.391000366211,-0.0005327680035899229,-0.0005329099748901644
2009-02-03,825.6900024414062,842.5999755859375,821.97998046875,838.510009765625,5886310000.0,Tuesday,February,33.2900390625,851.5815002441407,0.01583398827965876,0.015709938442946172
2009-02-04,837.77001953125,851.8499755859375,829.1799926757812,832.22998046875,6420450000.0,Wednesday,February,-8.010009765625,847.860498046875,-0.007489510230927809,-0.007517697439794895
2009-02-05,831.75,850.5499877929688,819.9099731445312,845.8499755859375,6624030000.0,Thursday,February,18.3499755859375,844.6664978027344,0.016365662661559144,0.016233188600758928
2009-02-06,846.0900268554688,870.75,845.4199829101562,868.5999755859375,6484100000.0,Friday,February,36.64996337890625,843.5789978027344,0.026896022529575125,0.026540681935397104
2009-02-09,868.239990234375,875.010009765625,861.6500244140625,869.8900146484375,5574370000.0,Monday,February,33.32000732421875,843.560498046875,0.0014851935283901607,0.0014840917192800343
2009-02-10,866.8699951171875,868.0499877929688,822.989990234375,827.1599731445312,6770170000.0,Tuesday,February,-18.550048828125,841.3289978027344,-0.04912120013376109,-0.05036866949414839
2009-02-11,827.4099731445312,838.219970703125,822.2999877929688,833.739990234375,5926460000.0,Wednesday,February,-40.35003662109375,840.8849975585938,0.007954951041488467,0.007923477223390516
2009-02-12,829.9099731445312,835.47998046875,808.0599975585938,835.1900024414062,6476460000.0,Thursday,February,-9.95001220703125,840.4574981689453,0.0017391659558319006,0.0017376553579209742
2009-02-13,833.9500122070312,839.4299926757812,825.2100219726562,826.8400268554688,5296650000.0,Friday,February,0.96002197265625,839.2934997558593,-0.00999769580757559,-0.010048008389114625
2009-02-16,833.9500122070312,839.4299926757812,825.2100219726562,826.8400268554688,5296650000.0,Monday,February,1.4000244140625,838.1295013427734,0.0,0.0
2009-02-17,818.6099853515625,818.6099853515625,789.1699829101562,789.1699829101562,5907820000.0,Tuesday,February,-49.34002685546875,837.327001953125,-0.0455590473632177,-0.04662949981810491
2009-02-18,791.0599975585938,796.1699829101562,780.4299926757812,788.4199829101562,5740710000.0,Wednesday,February,-43.80999755859375,834.7360015869141,-0.000950365594538094,-0.000950817478245573
2009-02-19,787.9099731445312,797.5800170898438,777.030029296875,778.9400024414062,5746940000.0,Thursday,February,-66.90997314453125,832.3080017089844,-0.01202402358417931,-0.012096896898495146
2009-02-20,775.8699951171875,778.6900024414062,754.25,770.0499877929688,8210590000.0,Friday,February,-98.54998779296875,829.2130004882813,-0.01141296456796903,-0.011478592263616477
2009-02-23,773.25,777.8499755859375,742.3699951171875,743.3300170898438,6509300000.0,Monday,February,-126.55999755859375,824.5510009765625,-0.034699008021163436,-0.035315317490224964
2009-02-24,744.6900024414062,775.489990234375,744.6900024414062,773.1400146484375,7234490000.0,Tuesday,February,-54.01995849609375,820.9225006103516,0.04010331464253336,0.0393200492217266
2009-02-25,770.6400146484375,780.1199951171875,752.8900146484375,764.9000244140625,7483640000.0,Wednesday,February,-68.8399658203125,815.4630004882813,-0.010657824039959851,-0.010715025437918897
2009-02-26,765.760009765625,779.4199829101562,751.75,752.8300170898438,7599970000.0,Thursday,February,-82.3599853515625,810.8475006103515,-0.01577984957375933,-0.01590567684576375
2009-02-27,749.9299926757812,751.27001953125,734.52001953125,735.0900268554688,8926480000.0,Friday,February,-91.75,806.3080017089844,-0.023564403426620917,-0.023846484170292854
2009-03-02,729.5700073242188,729.5700073242188,699.7000122070312,700.8200073242188,7868290000.0,Monday,March,-126.02001953125,800.077001953125,-0.04662016661802437,-0.04774188875107267
2009-03-03,704.4400024414062,711.6699829101562,692.2999877929688,696.3300170898438,7583230000.0,Tuesday,March,-92.8399658203125,792.9680023193359,-0.006406766626880556,-0.006427378038351219
2009-03-04,698.5999755859375,724.1199951171875,698.5999755859375,712.8699951171875,7673620000.0,Wednesday,March,-75.54998779296875,787.0000030517579,0.02375307342984989,0.02347535830991525
2009-03-05,708.27001953125,708.27001953125,677.9299926757812,682.5499877929688,7507250000.0,Thursday,March,-96.3900146484375,778.8350036621093,-0.04253230958224652,-0.04346330218569738
2009-03-06,684.0399780273438,699.0900268554688,666.7899780273438,683.3800048828125,7331830000.0,Friday,March,-86.66998291015625,769.5740051269531,0.0012160531897855709,0.001215314395986425
2009-03-09,680.760009765625,695.27001953125,672.8800048828125,676.530029296875,7277320000.0,Monday,March,-66.79998779296875,759.906005859375,-0.010023669901070842,-0.01007424513030657
2009-03-10,679.280029296875,719.5999755859375,679.280029296875,719.5999755859375,8618330000.0,Tuesday,March,-53.5400390625,754.5280059814453,0.06366302222212594,0.0617186323188922
2009-03-11,719.5900268554688,731.9199829101562,713.8499755859375,721.3599853515625,7287810000.0,Wednesday,March,-43.5400390625,748.9090057373047,0.002445816877900686,0.0024428307358472247
2009-03-12,720.8900146484375,752.6300048828125,714.760009765625,750.739990234375,7326630000.0,Thursday,March,-2.09002685546875,744.6865051269531,0.04072863130673077,0.03992107486845256
2009-03-13,751.969970703125,758.2899780273438,742.4600219726562,756.5499877929688,6787090000.0,Friday,March,21.4599609375,741.1720031738281,0.007739027671590959,0.007709235009042813
2009-03-16,758.8400268554688,774.530029296875,753.3699951171875,753.8900146484375,7883540000.0,Monday,March,53.07000732421875,737.5245025634765,-0.0035159251701146754,-0.003522120560965446
2009-03-17,753.8800048828125,778.1199951171875,749.9299926757812,778.1199951171875,6156800000.0,Tuesday,March,81.78997802734375,736.9720031738282,0.032139940837456527,0.03163425945298957
2009-03-18,776.010009765625,803.0399780273438,765.6400146484375,794.3499755859375,9098450000.0,Wednesday,March,81.47998046875,737.2685028076172,0.020857940382711382,0.020643391776914963
2009-03-19,797.9199829101562,803.239990234375,781.8200073242188,784.0399780273438,9033870000.0,Thursday,March,101.489990234375,737.5235015869141,-0.012979162680767709,-0.013064127999233972
2009-03-20,784.5800170898438,788.9099731445312,766.2000122070312,768.5399780273438,7643720000.0,Friday,March,85.15997314453125,737.4480010986329,-0.01976940007446848,-0.01996742895118435
2009-03-23,772.3099975585938,823.3699951171875,772.3099975585938,822.9199829101562,7715770000.0,Monday,March,146.38995361328125,741.4274993896485,0.07075754864749229,0.06836638735773641
2009-03-24,820.5999755859375,823.6500244140625,805.47998046875,806.1199951171875,6767980000.0,Tuesday,March,86.52001953125,743.0764984130859,-0.020415092769478838,-0.02062636109659859
2009-03-25,806.8099975585938,826.780029296875,791.3699951171875,813.8800048828125,7687180000.0,Wednesday,March,92.52001953125,745.5254974365234,0.009626370531222062,0.009580332245017488
2009-03-26,814.0599975585938,832.97998046875,814.0599975585938,832.8599853515625,6992960000.0,Thursday,March,82.1199951171875,749.5269958496094,0.02332036707485252,0.023052602239829925
2009-03-27,828.6799926757812,828.6799926757812,813.4299926757812,815.9400024414062,5600210000.0,Friday,March,59.3900146484375,753.5694946289062,-0.020315519064124654,-0.020524717385895695
2009-03-30,809.0700073242188,809.0700073242188,779.8099975585938,787.530029296875,5912660000.0,Monday,March,33.6400146484375,757.904995727539,-0.03481870365409789,-0.035439323427820704
2009-03-31,790.8800048828125,810.47998046875,790.8800048828125,797.8699951171875,6089100000.0,Tuesday,March,19.75,762.9819946289062,0.013129614663131228,0.013044168377756998
2009-04-01,793.5900268554688,813.6199951171875,783.3200073242188,811.0800170898438,6034140000.0,Wednesday,April,16.73004150390625,767.8924957275391,0.01655660953977356,0.016421043179743085
2009-04-02,814.530029296875,845.6099853515625,814.530029296875,834.3800048828125,7542810000.0,Thursday,April,50.34002685546875,775.4839965820313,0.028727113604116505,0.028322225961306003
2009-04-03,835.1300048828125,842.5,826.7000122070312,842.5,5855640000.0,Friday,April,73.96002197265625,783.4399963378906,0.00973177097925304,0.009684722294469393
2009-04-06,839.75,839.75,822.7899780273438,835.47998046875,6210000000.0,Monday,April,12.55999755859375,791.3874938964843,-0.008332367396142404,-0.008367275616680818
2009-04-07,834.1199951171875,834.1199951171875,814.530029296875,815.5499877929688,5155580000.0,Tuesday,April,9.42999267578125,796.1849945068359,-0.02385454246862917,-0.02414366931764816
2009-04-08,816.760009765625,828.4199829101562,814.8400268554688,825.1599731445312,5938460000.0,Wednesday,April,11.27996826171875,801.3749938964844,0.011783441230339475,0.011714557086847552
2009-04-09,829.2899780273438,856.9099731445312,829.2899780273438,856.5599975585938,7600710000.0,Thursday,April,23.70001220703125,806.6659942626953,0.0380532568665477,0.037347090620733756
2009-04-10,829.2899780273438,856.9099731445312,829.2899780273438,856.5599975585938,7600710000.0,Friday,April,40.6199951171875,811.6664947509765,0.0,0.0
2009-04-13,855.3300170898438,864.3099975585938,845.3499755859375,858.72998046875,6434890000.0,Monday,April,71.199951171875,816.9084930419922,0.0025333694269418228,0.0025301658560268466
2009-04-14,856.8800048828125,856.8800048828125,840.25,841.5,7569840000.0,Tuesday,April,43.6300048828125,820.0774932861328,-0.02006449158715151,-0.02026851722493524
2009-04-15,839.4400024414062,852.9299926757812,835.5800170898438,852.0599975585938,6241100000.0,Wednesday,April,40.97998046875,822.9629943847656,0.012549016706588034,0.012470930388817558
2009-04-16,854.5399780273438,870.3499755859375,847.0399780273438,865.2999877929688,6598670000.0,Thursday,April,30.91998291015625,827.0259948730469,0.015538800404093056,0.015419309485732727
2009-04-17,865.1799926757812,875.6300048828125,860.8699951171875,869.5999755859375,7352010000.0,Friday,April,27.0999755859375,832.0789947509766,0.004969360746134077,0.004957054226539451
2009-04-20,868.27001953125,868.27001953125,832.3900146484375,832.3900146484375,6973960000.0,Monday,April,-3.0899658203125,832.5524963378906,-0.04278974468970964,-0.043732209141657034
2009-04-21,831.25,850.0900268554688,826.8300170898438,850.0800170898438,7436490000.0,Tuesday,April,34.530029296875,834.7504974365235,0.021252059887909347,0.021029384216146016
2009-04-22,847.260009765625,861.780029296875,840.5700073242188,843.5499877929688,7327860000.0,Wednesday,April,18.3900146484375,836.2339965820313,-0.007681664273476052,-0.007711320225478271
2009-04-23,844.6199951171875,852.8699951171875,835.4500122070312,851.9199829101562,6563100000.0,Thursday,April,-4.6400146484375,837.1869964599609,0.009922346320087705,0.009873443065781582
2009-04-24,853.9099731445312,871.7999877929688,853.9099731445312,866.22998046875,7114440000.0,Friday,April,9.66998291015625,839.7014953613282,0.016797349335216705,0.016657834020331604
2009-04-27,862.8200073242188,868.8300170898438,854.6500244140625,857.510009765625,5613460000.0,Monday,April,-1.219970703125,843.2004943847656,-0.0100665768903615,-0.010117587499046198
2009-04-28,854.47998046875,864.47998046875,847.1199951171875,855.1599731445312,6328000000.0,Tuesday,April,13.65997314453125,846.0649932861328,-0.0027405354973477625,-0.0027442976398493147
2009-04-29,856.8499755859375,882.0599975585938,856.8499755859375,873.6400146484375,6101620000.0,Wednesday,April,21.58001708984375,849.1929931640625,0.021610040324914648,0.021379853727164114
2009-04-30,876.5900268554688,888.7000122070312,868.510009765625,872.8099975585938,6862540000.0,Thursday,April,7.510009765625,851.1144927978515,-0.0009500676204463598,-0.0009505192207446081
2009-05-01,872.739990234375,880.47998046875,866.0999755859375,877.52001953125,5312170000.0,Friday,May,7.9200439453125,852.8654937744141,0.005396388659423046,0.005381880325807842
2009-05-04,879.2100219726562,907.8499755859375,879.2100219726562,907.239990234375,7038840000.0,Monday,May,74.8499755859375,856.4534942626954,0.03386813980494785,0.03330724358772585
2009-05-05,906.0999755859375,907.7000122070312,897.3400268554688,903.7999877929688,6882860000.0,Tuesday,May,53.719970703125,860.8659942626953,-0.0037917226736418064,-0.003798929477293887
2009-05-06,903.9500122070312,920.280029296875,903.9500122070312,919.530029296875,8555040000.0,Wednesday,May,75.98004150390625,865.5844970703125,0.01740433914180306,0.01725461832941929
2009-05-07,919.5800170898438,929.5800170898438,901.3599853515625,907.3900146484375,9120100000.0,Thursday,May,55.47003173828125,868.1259979248047,-0.013202412386380091,-0.013290338985760736
2009-05-08,909.030029296875,930.1699829101562,909.030029296875,929.22998046875,8163280000.0,Friday,May,63.0,871.7594970703125,0.024068995104353563,0.023783902379113705
2009-05-11,922.989990234375,922.989990234375,908.6799926757812,909.239990234375,6150600000.0,Monday,May,51.72998046875,874.2849975585938,-0.02151242496964101,-0.02174719020275387
2009-05-12,910.52001953125,915.5700073242188,896.4600219726562,908.3499755859375,6871750000.0,Tuesday,May,53.19000244140625,877.6274963378906,-0.0009788555914792552,-0.0009793349834762966
2009-05-13,905.4000244140625,905.4000244140625,882.7999877929688,883.9199829101562,7091820000.0,Wednesday,May,10.27996826171875,879.2204956054687,-0.02689491201893024,-0.02726319853661259
2009-05-14,884.239990234375,898.3599853515625,882.52001953125,893.0700073242188,6134870000.0,Thursday,May,20.260009765625,880.6089965820313,0.010351643351174777,0.01029843199277203
2009-05-15,892.760009765625,896.969970703125,878.9400024414062,882.8800048828125,5439720000.0,Friday,May,5.3599853515625,881.272998046875,-0.01141008247711417,-0.011475676904067545
2009-05-18,886.0700073242188,910.0,886.0700073242188,909.7100219726562,5702150000.0,Monday,May,2.47003173828125,885.1389984130859,0.030389200051489373,0.029936594996533384
2009-05-19,909.6699829101562,916.3900146484375,905.219970703125,908.1300048828125,6616270000.0,Tuesday,May,4.33001708984375,888.0414978027344,-0.0017368359715522752,-0.0017383460198724435
2009-05-20,908.6199951171875,924.5999755859375,901.3699951171875,903.469970703125,8205060000.0,Wednesday,May,-16.06005859375,891.0374969482422,-0.005131461524926495,-0.00514467268804702
2009-05-21,900.4199829101562,900.4199829101562,879.6099853515625,888.3300170898438,6019840000.0,Thursday,May,-19.05999755859375,892.8579986572265,-0.016757561517510733,-0.016899558030336284
2009-05-22,888.6799926757812,896.6500244140625,883.75,887.0,5155320000.0,Friday,May,-42.22998046875,893.8964996337891,-0.00149721056843366,-0.0014983325081699614
2009-05-25,888.6799926757812,896.6500244140625,883.75,887.0,5155320000.0,Monday,May,-22.239990234375,895.3709991455078,0.0,0.0
2009-05-26,887.0,911.760009765625,881.4600219726562,910.3300170898438,5667050000.0,Tuesday,May,1.98004150390625,898.1295013427734,0.02630216131887675,0.02596220760015714
2009-05-27,909.9500122070312,913.8400268554688,891.8699951171875,893.0599975585938,5698800000.0,Wednesday,May,9.1400146484375,899.1005004882812,-0.018971163431981575,-0.019153424774368058
2009-05-28,892.9600219726562,909.4500122070312,887.5999755859375,906.8300170898438,5738980000.0,Thursday,May,13.760009765625,900.8015014648438,0.015418918738823617,0.015301255166552454
2009-05-29,907.02001953125,920.02001953125,903.5599975585938,919.1400146484375,6050420000.0,Friday,May,36.260009765625,902.8825012207031,0.013574757481119137,0.013483445887850906
2009-06-01,923.260009765625,947.77001953125,923.260009765625,942.8699951171875,6370440000.0,Monday,June,33.15997314453125,904.6640014648438,0.025817590454732198,0.025489943861423548
2009-06-02,942.8699951171875,949.3800048828125,938.4600219726562,944.739990234375,5987340000.0,Tuesday,June,36.6099853515625,906.7110015869141,0.0019833011198484574,0.001981336974747815
2009-06-03,942.510009765625,942.510009765625,923.8499755859375,931.760009765625,5323770000.0,Wednesday,June,28.2900390625,907.3225006103515,-0.013739209309357014,-0.013834465750709849
2009-06-04,932.489990234375,942.469970703125,929.3200073242188,942.4600219726562,5352890000.0,Thursday,June,54.1300048828125,909.0760009765625,0.011483656837475431,0.011418220142166204
2009-06-05,945.6699829101562,951.6900024414062,934.1300048828125,940.0900268554688,5277910000.0,Friday,June,53.09002685546875,909.6190032958984,-0.002514690344346815,-0.002517857488816695
2009-06-08,938.1199951171875,946.3300170898438,926.4400024414062,939.1400146484375,4483430000.0,Monday,June,52.1400146484375,911.1140045166015,-0.001010554499986549,-0.001011065454445827
2009-06-09,940.3499755859375,946.9199829101562,936.1500244140625,942.4299926757812,4439950000.0,Tuesday,June,32.0999755859375,912.8180053710937,0.0035031816087351952,0.003497059761173111
2009-06-10,942.72998046875,949.77001953125,927.969970703125,939.1500244140625,5379420000.0,Wednesday,June,46.09002685546875,915.5795074462891,-0.0034803309393901527,-0.003486401379967999
2009-06-11,939.0399780273438,956.22998046875,939.0399780273438,944.8900146484375,5500840000.0,Thursday,June,38.05999755859375,918.1705078125,0.006111899148334876,0.006093297249542341
2009-06-12,943.4400024414062,946.2999877929688,935.6599731445312,946.2100219726562,4528120000.0,Friday,June,27.07000732421875,921.3370086669922,0.0013969957389272647,0.001396020848219796
2009-06-15,942.4500122070312,942.4500122070312,919.6500244140625,923.719970703125,4697880000.0,Monday,June,-19.1500244140625,922.0375061035156,-0.023768561680042266,-0.02405559125359691
2009-06-16,925.5999755859375,928.0,911.5999755859375,911.969970703125,4951200000.0,Tuesday,June,-32.77001953125,922.2295043945312,-0.012720305257724385,-0.012801901027885946
2009-06-17,911.8900146484375,918.4400024414062,903.780029296875,910.7100219726562,5523650000.0,Wednesday,June,-21.04998779296875,922.5915069580078,-0.0013815682214813885,-0.0013825234667824294
2009-06-18,910.8599853515625,921.9299926757812,907.9400024414062,918.3699951171875,4684010000.0,Thursday,June,-24.09002685546875,924.093505859375,0.008410990281999098,0.008375815004881833
2009-06-19,919.9600219726562,927.0900268554688,915.7999877929688,921.22998046875,5713390000.0,Friday,June,-18.86004638671875,925.8050048828125,0.003114197291689047,0.0031093582232429103
2009-06-22,918.1300048828125,918.1300048828125,893.0399780273438,893.0399780273438,4903940000.0,Monday,June,-46.10003662109375,926.1070037841797,-0.030600396251826645,-0.03107836433082392
2009-06-23,893.4600219726562,898.6900024414062,888.8599853515625,895.0999755859375,5071020000.0,Tuesday,June,-47.33001708984375,925.3455017089843,0.0023067249051313965,0.0023040684995177824
2009-06-24,896.3099975585938,910.8499755859375,896.3099975585938,900.9400024414062,4636720000.0,Wednesday,June,-38.21002197265625,925.739501953125,0.006524440861084724,0.0065032488243266596
2009-06-25,899.4500122070312,921.4199829101562,896.27001953125,920.260009765625,4911240000.0,Thursday,June,-24.6300048828125,926.411001586914,0.021444277390130884,0.021217583998248746
2009-06-26,918.8400268554688,922.0,913.030029296875,918.9000244140625,6076660000.0,Friday,June,-27.30999755859375,926.3990020751953,-0.001477827284822375,-0.0014789203486033056
2009-06-29,919.8599853515625,927.989990234375,916.1799926757812,927.22998046875,4211760000.0,Monday,June,3.510009765625,925.6170013427734,0.009065138571521025,0.009024296841261898
2009-06-30,927.1500244140625,930.010009765625,912.8599853515625,919.3200073242188,4627570000.0,Tuesday,June,7.35003662109375,924.3460021972656,-0.008530756458643096,-0.008567351633166496
2009-07-01,920.8200073242188,931.9199829101562,920.8200073242188,923.3300170898438,3919400000.0,Wednesday,July,12.6199951171875,923.9245025634766,0.004361930267673175,0.004352444623651702
2009-07-02,921.239990234375,921.239990234375,896.4199829101562,896.4199829101562,3931000000.0,Thursday,July,-21.95001220703125,921.6225006103516,-0.029144546025377416,-0.029577684825958017
2009-07-03,921.239990234375,921.239990234375,896.4199829101562,896.4199829101562,3931000000.0,Friday,July,-24.80999755859375,919.438998413086,0.0,0.0
2009-07-06,894.27001953125,898.719970703125,886.3599853515625,898.719970703125,4712580000.0,Monday,July,5.67999267578125,917.4179962158203,0.0025657480163505664,0.002562462104257053
2009-07-07,898.5999755859375,898.5999755859375,879.9299926757812,881.030029296875,4673300000.0,Tuesday,July,-14.0699462890625,914.347998046875,-0.019683485382449017,-0.019879785362884782
2009-07-08,881.9000244140625,886.7999877929688,869.3200073242188,879.5599975585938,5721780000.0,Wednesday,July,-21.3800048828125,911.3684967041015,-0.001668537608706111,-0.0016699311679349972
2009-07-09,881.280029296875,887.8599853515625,878.4500122070312,882.6799926757812,4347170000.0,Thursday,July,-37.58001708984375,908.2579956054688,0.003547222617954038,0.003540946062317481
2009-07-10,880.030029296875,883.5700073242188,872.8099975585938,879.1300048828125,3912080000.0,Friday,July,-39.77001953125,904.9039947509766,-0.00402182877421664,-0.004029938077684044
2009-07-13,879.5700073242188,901.0499877929688,875.3200073242188,901.0499877929688,4499440000.0,Monday,July,-26.17999267578125,903.7704956054688,0.024933721734452963,0.024627948777227286
2009-07-14,900.77001953125,905.8400268554688,896.5,905.8400268554688,4149030000.0,Tuesday,July,-13.47998046875,903.463998413086,0.005316063622877065,0.005301983236099628
2009-07-15,910.1500244140625,933.9500122070312,910.1500244140625,932.6799926757812,5238830000.0,Wednesday,July,9.3499755859375,904.5624969482421,0.02962991811422233,0.02919943487510086
2009-07-16,930.1699829101562,943.9600219726562,927.4500122070312,940.739990234375,4898640000.0,Thursday,July,44.32000732421875,905.6809967041015,0.008641760970416357,0.008604634691705462
2009-07-17,940.5599975585938,941.8900146484375,934.6500244140625,940.3800048828125,5141380000.0,Friday,July,43.96002197265625,906.6384979248047,-0.00038266189946156715,-0.0003827351332093228
2009-07-20,942.0700073242188,951.6199951171875,940.989990234375,951.1300048828125,4853150000.0,Monday,July,52.4100341796875,909.5429992675781,0.01143154888894049,0.011366702462731141
2009-07-21,951.969970703125,956.530029296875,943.219970703125,954.5800170898438,5309300000.0,Tuesday,July,73.54998779296875,912.5170013427735,0.003627277227424175,0.0036207145224277037
2009-07-22,953.4000244140625,959.8300170898438,947.75,954.0700073242188,4634100000.0,Wednesday,July,74.510009765625,915.1735015869141,-0.0005342765996504406,-0.0005344193762499699
2009-07-23,954.0700073242188,979.4199829101562,953.27001953125,976.2899780273438,5761650000.0,Thursday,July,93.6099853515625,917.975,0.023289664838582524,0.023022599224312996
2009-07-24,972.1599731445312,979.7899780273438,965.9500122070312,979.260009765625,4458300000.0,Friday,July,100.1300048828125,920.9929992675782,0.003042161453180592,0.003037543443477206
2009-07-27,978.6300048828125,982.489990234375,972.2899780273438,982.1799926757812,4631290000.0,Monday,July,81.1300048828125,923.7404998779297,0.0029818259512661704,0.0029773891259700837
2009-07-28,981.47998046875,982.3499755859375,969.3499755859375,979.6199951171875,5490350000.0,Tuesday,July,73.77996826171875,926.7554992675781,-0.0026064444171983725,-0.00260984710734954
2009-07-29,977.6599731445312,977.760009765625,968.6500244140625,975.1500244140625,5178770000.0,Wednesday,July,42.47003173828125,929.3464996337891,-0.004562963930304753,-0.004573406026934112
2009-07-30,976.010009765625,996.6799926757812,976.010009765625,986.75,6035180000.0,Thursday,July,46.010009765625,933.8630004882813,0.01189558047020256,0.01182538418815696
2009-07-31,986.7999877929688,993.1799926757812,982.8499755859375,987.47998046875,5139070000.0,Friday,July,47.0999755859375,938.4160003662109,0.0007397825880415265,0.0007395090837835546
2009-08-03,990.219970703125,1003.6099853515625,990.219970703125,1002.6300048828125,5603440000.0,Monday,August,51.5,943.6115020751953,0.015342107904679603,0.015225607827281227
2009-08-04,1001.4099731445312,1007.1199951171875,996.6799926757812,1005.6500244140625,5713700000.0,Tuesday,August,51.07000732421875,949.8425018310547,0.003012097699592653,0.0030075704221065014
2009-08-05,1005.4099731445312,1006.6400146484375,994.3099975585938,1002.719970703125,7242120000.0,Wednesday,August,48.64996337890625,956.0005004882812,-0.002913591845875696,-0.0029178446171664904
2009-08-06,1004.0599975585938,1008.0,992.489990234375,997.0800170898438,6753380000.0,Thursday,August,20.7900390625,961.7205017089843,-0.005624654717235167,-0.005640532654178876
2009-08-07,999.8300170898438,1018.0,999.8300170898438,1010.47998046875,6827090000.0,Friday,August,31.219970703125,968.2880004882812,0.013439205629671047,0.01334970053225195
2009-08-10,1008.8900146484375,1010.1199951171875,1000.989990234375,1007.0999755859375,5406080000.0,Monday,August,24.91998291015625,973.5904998779297,-0.0033449498734695604,-0.003350556724880266
2009-08-11,1005.77001953125,1005.77001953125,992.4000244140625,994.3499755859375,5773160000.0,Tuesday,August,14.72998046875,978.0159973144531,-0.012660113503211945,-0.012740935609429686
2009-08-12,994.0,1012.780029296875,993.3599853515625,1005.8099975585938,5498170000.0,Wednesday,August,30.65997314453125,981.6724975585937,0.011525139291026054,0.011459230792872048
2009-08-13,1005.8599853515625,1013.1400146484375,1000.8200073242188,1012.72998046875,5250660000.0,Thursday,August,25.97998046875,985.2719970703125,0.0068800100684554,0.0068564507961441
2009-08-14,1012.22998046875,1012.5999755859375,994.5999755859375,1004.0900268554688,4940750000.0,Friday,August,16.61004638671875,988.4574981689453,-0.008531349698250423,-0.008567949977279207
2009-08-17,998.1799926757812,998.1799926757812,978.510009765625,979.72998046875,4088570000.0,Monday,August,-22.9000244140625,989.8874969482422,-0.02426081898553223,-0.024559960849173303
2009-08-18,980.6199951171875,991.2000122070312,980.6199951171875,989.6699829101562,4198970000.0,Tuesday,August,-15.98004150390625,991.6419952392578,0.01014565506778764,0.010094533393885528
2009-08-19,986.8800048828125,999.6099853515625,980.6199951171875,996.4600219726562,4257000000.0,Wednesday,August,-6.25994873046875,993.7614959716797,0.006860912404894393,0.006837483447019444
2009-08-20,996.4099731445312,1008.9199829101562,996.3900146484375,1007.3699951171875,4893160000.0,Thursday,August,10.28997802734375,995.3154968261719,0.010948731413161106,0.010889227984113237
2009-08-21,1009.0599975585938,1027.5899658203125,1009.0599975585938,1026.1300048828125,5885550000.0,Friday,August,15.6500244140625,997.6589965820312,0.018622760114512582,0.018451479725420602
2009-08-24,1026.5899658203125,1035.8199462890625,1022.47998046875,1025.5699462890625,6302450000.0,Monday,August,18.469970703125,999.8284942626954,-0.0005457969176273503,-0.0005459459189837834
2009-08-25,1026.6300048828125,1037.75,1026.2099609375,1028.0,5768740000.0,Tuesday,August,33.6500244140625,1002.2474945068359,0.0023694665778091206,0.002366663818367554
2009-08-26,1027.3499755859375,1032.469970703125,1021.5700073242188,1028.1199951171875,5080060000.0,Wednesday,August,22.30999755859375,1004.8959930419921,0.0001167267676920325,0.00011671995565297763
2009-08-27,1027.81005859375,1033.3299560546875,1016.2000122070312,1030.97998046875,5785880000.0,Thursday,August,18.25,1007.1074920654297,0.002781762211750971,0.0027779002715912853
2009-08-28,1031.6199951171875,1039.469970703125,1023.1300048828125,1028.9300537109375,5785780000.0,Friday,August,24.84002685546875,1009.1799957275391,-0.001988328383331406,-0.001990307732377177
2009-08-31,1025.2099609375,1025.2099609375,1014.6199951171875,1020.6199951171875,5004560000.0,Monday,August,40.8900146484375,1010.0794952392578,-0.008076407685613796,-0.008109198540382183
2009-09-01,1019.52001953125,1028.449951171875,996.280029296875,998.0399780273438,6862360000.0,Tuesday,September,8.3699951171875,1009.6989929199219,-0.022123823948061228,-0.02237222631680637
2009-09-02,996.0700073242188,1000.3400268554688,991.969970703125,994.75,5842730000.0,Wednesday,September,-1.71002197265625,1009.3004943847657,-0.003296439120451411,-0.003301884345751011
2009-09-03,996.1199951171875,1003.4299926757812,992.25,1003.239990234375,4624280000.0,Thursday,September,-4.1300048828125,1009.6084930419922,0.008534797923473336,0.008498582450941842
2009-09-04,1003.8400268554688,1016.47998046875,1001.6500244140625,1016.4000244140625,4097370000.0,Friday,September,-9.72998046875,1009.9044952392578,0.013117533499250822,0.013032243708161282
2009-09-07,1003.8400268554688,1016.47998046875,1001.6500244140625,1016.4000244140625,4097370000.0,Monday,September,-9.169921875,1010.369497680664,0.0,0.0
2009-09-08,1018.6699829101562,1026.0699462890625,1018.6699829101562,1025.3900146484375,5235160000.0,Tuesday,September,-2.6099853515625,1011.921499633789,0.008844933115342624,0.008806045829839553
2009-09-09,1025.3599853515625,1036.3399658203125,1023.969970703125,1033.3699951171875,5202550000.0,Wednesday,September,5.25,1013.2994995117188,0.007782385584753415,0.007752259025442712
2009-09-10,1032.989990234375,1044.1400146484375,1028.0400390625,1044.1400146484375,5191380000.0,Thursday,September,13.1600341796875,1014.8700012207031,0.010422229774562641,0.010368292776658143
2009-09-11,1043.9200439453125,1048.1800537109375,1038.4000244140625,1042.72998046875,4922600000.0,Friday,September,13.7999267578125,1016.8019989013671,-0.0013504263412050799,-0.0013513389885911676
2009-09-14,1040.1500244140625,1049.739990234375,1035.0,1049.3399658203125,4979610000.0,Monday,September,28.719970703125,1020.2824981689453,0.0063391150876768165,0.00631910740710653
2009-09-15,1049.030029296875,1056.0400390625,1043.4200439453125,1052.6300048828125,6185620000.0,Tuesday,September,54.59002685546875,1023.4304992675782,0.0031353414238139976,0.0031304364906445527
2009-09-16,1053.989990234375,1068.760009765625,1052.8699951171875,1068.760009765625,6793530000.0,Wednesday,September,74.010009765625,1027.0454986572265,0.015323527552882465,0.015207308062442325
2009-09-17,1067.8699951171875,1074.77001953125,1061.199951171875,1065.489990234375,6668110000.0,Thursday,September,62.25,1029.951498413086,-0.003059638741504833,-0.003064329005571477
2009-09-18,1066.5999755859375,1071.52001953125,1064.27001953125,1068.300048828125,5607970000.0,Friday,September,51.9000244140625,1032.0600006103516,0.0026373392706691146,0.0026338675941077866
2009-09-21,1067.1400146484375,1067.280029296875,1057.4599609375,1064.6600341796875,4615280000.0,Monday,September,48.260009765625,1034.0145050048827,-0.0034072961546995906,-0.0034131142078887163
2009-09-22,1066.3499755859375,1073.81005859375,1066.3499755859375,1071.6600341796875,5246600000.0,Tuesday,September,46.27001953125,1036.1975067138671,0.006574868761175523,0.006553348588268071
2009-09-23,1072.68994140625,1080.1500244140625,1060.3900146484375,1060.8699951171875,5531930000.0,Wednesday,September,27.5,1037.8350067138672,-0.010068528001755062,-0.0101195584531233
2009-09-24,1062.56005859375,1066.2900390625,1045.8499755859375,1050.780029296875,5505610000.0,Thursday,September,6.6400146484375,1038.8250091552734,-0.00951102950102567,-0.009556548191774188
2009-09-25,1049.47998046875,1053.469970703125,1041.1700439453125,1044.3800048828125,4507090000.0,Friday,September,1.6500244140625,1039.5975067138672,-0.006090736629573268,-0.006109360827818336
2009-09-28,1045.3800048828125,1065.1300048828125,1045.3800048828125,1062.97998046875,3726950000.0,Monday,September,13.6400146484375,1041.7155059814454,0.017809586069224448,0.017652853549567058
2009-09-29,1063.68994140625,1069.6199951171875,1057.8299560546875,1060.6099853515625,4949900000.0,Tuesday,September,7.97998046875,1044.8440063476562,-0.0022295764367475934,-0.0022320656428964163
2009-09-30,1061.02001953125,1063.4000244140625,1046.469970703125,1057.0799560546875,5998860000.0,Wednesday,September,-11.6800537109375,1047.9605041503905,-0.003328301020761093,-0.003333852135212442
2009-10-01,1054.9100341796875,1054.9100341796875,1029.449951171875,1029.8499755859375,5791450000.0,Thursday,October,-35.6400146484375,1049.2910034179688,-0.025759622356647194,-0.026097211493280956
2009-10-02,1029.7099609375,1030.5999755859375,1019.9500122070312,1025.2099609375,5583240000.0,Friday,October,-43.090087890625,1049.7315002441405,-0.004505524841904807,-0.004515705309363511
2009-10-05,1026.8699951171875,1042.5799560546875,1025.9200439453125,1040.4599609375,4313310000.0,Monday,October,-24.2000732421875,1050.9344970703125,0.014875001786029074,0.014765453960324762
2009-10-06,1042.02001953125,1060.550048828125,1042.02001953125,1054.719970703125,5029840000.0,Tuesday,October,-16.9400634765625,1052.4009948730468,0.013705486324313787,0.0136124155690534
2009-10-07,1053.6500244140625,1058.02001953125,1050.0999755859375,1057.5799560546875,4238220000.0,Wednesday,October,-3.2900390625,1053.6114929199218,0.002711606332490124,0.002707936560526622
2009-10-08,1060.030029296875,1070.6700439453125,1060.030029296875,1065.47998046875,4988400000.0,Thursday,October,14.699951171875,1054.6784912109374,0.007469907470196047,0.007442145876693546
2009-10-09,1065.280029296875,1071.510009765625,1063.0,1071.489990234375,3763780000.0,Friday,October,27.1099853515625,1056.1164916992188,0.005640659492242017,0.005624810543572637
2009-10-12,1071.6300048828125,1079.4599609375,1071.6300048828125,1076.18994140625,3710430000.0,Monday,October,13.2099609375,1057.4589904785157,0.00438636964853667,0.004376777568566423
2009-10-13,1074.9599609375,1075.300048828125,1066.7099609375,1073.18994140625,4320480000.0,Tuesday,October,12.5799560546875,1058.4869873046875,-0.0027876120046986808,-0.002791504630813565
2009-10-14,1078.6800537109375,1093.1700439453125,1078.6800537109375,1092.02001953125,5406420000.0,Wednesday,October,34.9400634765625,1059.6499877929687,0.0175458950913443,0.017393743058258578
2009-10-15,1090.3599853515625,1096.56005859375,1086.4100341796875,1096.56005859375,5369780000.0,Thursday,October,66.7100830078125,1061.2034912109375,0.004157468710554335,0.004148850316393222
2009-10-16,1094.6700439453125,1094.6700439453125,1081.530029296875,1087.6800537109375,4894740000.0,Friday,October,62.4700927734375,1062.1724914550782,-0.008098056110305896,-0.008131023468328601
2009-10-19,1088.219970703125,1100.1700439453125,1086.47998046875,1097.9100341796875,4619240000.0,Monday,October,57.4500732421875,1063.8349914550781,0.009405321384581278,0.009361366739513969
2009-10-20,1098.6400146484375,1098.6400146484375,1086.1600341796875,1091.06005859375,5396930000.0,Tuesday,October,36.340087890625,1064.8049926757812,-0.006239104637617676,-0.0062586491870243255
2009-10-21,1090.3599853515625,1101.3599853515625,1080.77001953125,1081.4000244140625,5616290000.0,Wednesday,October,23.820068359375,1065.831494140625,-0.008853806079326398,-0.00889323391718201
2009-10-22,1080.9599609375,1095.2099609375,1074.31005859375,1092.9100341796875,5192410000.0,Thursday,October,27.4300537109375,1067.9379943847657,0.010643618925255227,0.010587374358508142
2009-10-23,1095.6199951171875,1095.8299560546875,1075.489990234375,1079.5999755859375,4767460000.0,Friday,October,8.1099853515625,1069.698992919922,-0.012178549173757158,-0.01225331535289976
2009-10-26,1080.3599853515625,1091.75,1065.22998046875,1066.949951171875,6363380000.0,Monday,October,-9.239990234375,1069.8974914550781,-0.01171732558366989,-0.011786514446438598
2009-10-27,1067.5400390625,1072.47998046875,1060.6199951171875,1063.4100341796875,5337380000.0,Tuesday,October,-9.7799072265625,1070.0374938964844,-0.0033177910438061398,-0.0033233071166753813
2009-10-28,1061.510009765625,1063.260009765625,1042.18994140625,1042.6300048828125,6600350000.0,Wednesday,October,-49.3900146484375,1069.3149963378905,-0.019540937765275768,-0.0197343861452413
2009-10-29,1043.68994140625,1066.8299560546875,1043.68994140625,1066.1099853515625,5595040000.0,Thursday,October,-30.4500732421875,1071.127996826172,0.02251995469034007,0.022270124333967762
2009-10-30,1065.4100341796875,1065.4100341796875,1033.3800048828125,1036.18994140625,6512420000.0,Friday,October,-51.4901123046875,1071.6769958496093,-0.02806468784310845,-0.028466028015250756
2009-11-02,1036.1800537109375,1052.1800537109375,1029.3800048828125,1042.8800048828125,6202640000.0,Monday,November,-55.030029296875,1071.797998046875,0.006456406503505763,0.00643565319102102
2009-11-03,1040.9200439453125,1046.3599853515625,1033.93994140625,1045.4100341796875,5487500000.0,Tuesday,November,-45.6500244140625,1071.332501220703,0.0024260023061419833,0.002423064313306145
2009-11-04,1047.1400146484375,1061.0,1045.1500244140625,1046.5,5635510000.0,Wednesday,November,-34.9000244140625,1070.7785034179688,0.0010426203926459099,0.0010420772415051826
2009-11-05,1047.300048828125,1066.6500244140625,1047.300048828125,1066.6300048828125,4848350000.0,Thursday,November,-26.280029296875,1070.836004638672,0.01923555172748448,0.019052887220614025
2009-11-06,1064.949951171875,1071.47998046875,1059.3199462890625,1069.300048828125,4277130000.0,Friday,November,-10.2999267578125,1070.7265075683595,0.0025032522365671106,0.002500124319576515
2009-11-09,1072.31005859375,1093.18994140625,1072.31005859375,1093.0799560546875,4460030000.0,Monday,November,26.1300048828125,1071.5710083007812,0.022238760067974983,0.021995084915274347
2009-11-10,1091.8599853515625,1096.4200439453125,1087.4000244140625,1093.010009765625,4394770000.0,Tuesday,November,29.5999755859375,1072.56201171875,-6.399009393143196e-05,-6.399214138483759e-05
2009-11-11,1096.0400390625,1105.3699951171875,1093.81005859375,1098.510009765625,4286700000.0,Wednesday,November,55.8800048828125,1072.8865112304688,0.005031975874749239,0.005019357795690984
2009-11-12,1098.31005859375,1101.969970703125,1084.9000244140625,1087.239990234375,4160250000.0,Thursday,November,21.1300048828125,1072.4205078125,-0.010259368991689555,-0.010312359059078017
2009-11-13,1087.5899658203125,1097.7900390625,1085.3299560546875,1093.47998046875,3792610000.0,Friday,November,57.2900390625,1072.7105041503905,0.0057392942592462415,0.005722887256427731
2009-11-16,1094.1300048828125,1113.68994140625,1094.1300048828125,1109.300048828125,4565850000.0,Monday,November,66.4200439453125,1073.2800048828126,0.014467634197192325,0.01436397656849818
2009-11-17,1109.219970703125,1110.52001953125,1102.18994140625,1110.3199462890625,3824070000.0,Tuesday,November,64.909912109375,1074.2429992675782,0.0009194063067201608,0.0009189839116237261
2009-11-18,1109.43994140625,1111.0999755859375,1102.699951171875,1109.800048828125,4293340000.0,Wednesday,November,63.300048828125,1075.6630004882813,-0.00046824112515952976,-0.00046835078426778063
2009-11-19,1106.43994140625,1106.43994140625,1088.4000244140625,1094.9000244140625,4178030000.0,Thursday,November,28.27001953125,1075.7625,-0.013425863902056911,-0.013516805711666349
2009-11-20,1094.6600341796875,1094.6600341796875,1086.81005859375,1091.3800048828125,3751230000.0,Friday,November,22.0799560546875,1076.3515014648438,-0.00321492323752004,-0.0032201022062016984
2009-11-23,1094.8599853515625,1112.3800048828125,1094.8599853515625,1106.239990234375,3827920000.0,Monday,November,13.1600341796875,1078.3160034179687,0.013615775701478094,0.013523913934335078
2009-11-24,1105.8299560546875,1107.56005859375,1097.6300048828125,1105.6500244140625,3700820000.0,Tuesday,November,12.6400146484375,1080.4280029296874,-0.0005333072620051782,-0.0005334495209037495
2009-11-25,1106.489990234375,1111.1800537109375,1104.75,1110.6300048828125,3036350000.0,Wednesday,November,12.1199951171875,1083.8280029296875,0.004504120073066664,0.004494006880236033
2009-11-26,1106.489990234375,1111.1800537109375,1104.75,1110.6300048828125,3036350000.0,Thursday,November,23.3900146484375,1086.05400390625,0.0,0.0
2009-11-27,1105.469970703125,1105.469970703125,1083.739990234375,1091.489990234375,2362910000.0,Friday,November,-1.989990234375,1088.8190063476563,-0.017233475202623416,-0.01738369996793421
2009-11-30,1091.0699462890625,1097.239990234375,1086.25,1095.6300048828125,3895520000.0,Monday,November,-13.6700439453125,1091.4565063476562,0.003792993692547375,0.0037858184300650394
2009-12-01,1098.8900146484375,1112.280029296875,1098.8900146484375,1108.8599853515625,4249310000.0,Tuesday,December,-1.4599609375,1094.62900390625,0.012075226499629332,0.012002902588402555
2009-12-02,1109.030029296875,1115.5799560546875,1105.2900390625,1109.239990234375,3941340000.0,Wednesday,December,-0.56005859375,1097.7660034179687,0.00034269870662884117,0.00034263999883941797
2009-12-03,1110.5899658203125,1117.280029296875,1098.739990234375,1099.9200439453125,4810030000.0,Thursday,December,5.02001953125,1099.4305053710937,-0.008402100871871099,-0.008437597492034073
2009-12-04,1100.4300537109375,1119.1300048828125,1096.52001953125,1105.97998046875,5781140000.0,Friday,December,14.5999755859375,1101.264501953125,0.0055094336691066115,0.005494312254292437
2009-12-07,1105.52001953125,1110.719970703125,1100.8299560546875,1103.25,4103360000.0,Monday,December,-2.989990234375,1101.7730041503905,-0.0024683814508043023,-0.002471432926803079
2009-12-08,1103.0400390625,1103.0400390625,1088.6099853515625,1091.93994140625,4748030000.0,Tuesday,December,-13.7100830078125,1101.719500732422,-0.010251582681849114,-0.010304492069516176
2009-12-09,1091.0699462890625,1097.0400390625,1085.8900146484375,1095.949951171875,4115410000.0,Wednesday,December,-14.6800537109375,1101.5914978027345,0.0036723720907769763,0.0036656453959778533
2009-12-10,1098.68994140625,1106.25,1098.68994140625,1102.3499755859375,3996490000.0,Thursday,December,-8.280029296875,1102.3469970703125,0.005839705004064388,0.005822720019583755
2009-12-11,1103.9599609375,1108.5,1101.3399658203125,1106.4100341796875,3791090000.0,Friday,December,14.9200439453125,1102.9934997558594,0.003683094011583732,0.0036763280289124935
2009-12-14,1107.8399658203125,1114.760009765625,1107.8399658203125,1114.1099853515625,4548490000.0,Monday,December,18.47998046875,1103.2339965820313,0.006959401066516824,0.006935296207216683
2009-12-15,1114.1099853515625,1114.1099853515625,1105.3499755859375,1107.9300537109375,5045100000.0,Tuesday,December,-0.929931640625,1103.114501953125,-0.005546967284989268,-0.005562408837016108
2009-12-16,1108.6099853515625,1116.2099609375,1107.9599609375,1109.1800537109375,4829820000.0,Wednesday,December,-0.0599365234375,1103.0835021972657,0.0011282300681465518,0.0011275940949076902
2009-12-17,1106.3599853515625,1106.3599853515625,1095.8800048828125,1096.0799560546875,7615070000.0,Thursday,December,-3.840087890625,1103.1424987792968,-0.011810614167124256,-0.01188091353803201
2009-12-18,1097.8599853515625,1103.739990234375,1093.8800048828125,1102.469970703125,6325890000.0,Friday,December,-3.510009765625,1103.6969970703126,0.005829880031232637,0.005812952040880973
2009-12-21,1105.31005859375,1117.6800537109375,1105.31005859375,1114.050048828125,3977340000.0,Monday,December,10.800048828125,1104.0875,0.010503758317892853,0.010448977120226209
2009-12-22,1114.510009765625,1120.27001953125,1114.510009765625,1118.02001953125,3641130000.0,Tuesday,December,26.080078125,1104.7059997558595,0.0035635478920368335,0.0035572134993947157
2009-12-23,1118.8399658203125,1121.5799560546875,1116.0,1120.5899658203125,3166870000.0,Wednesday,December,24.6400146484375,1105.2039978027344,0.0022986585608189003,0.002296020686836971
2009-12-24,1121.0799560546875,1126.47998046875,1121.0799560546875,1126.47998046875,1267710000.0,Thursday,December,24.1300048828125,1105.9964965820313,0.005256172933982839,0.005242407471724702
2009-12-25,1121.0799560546875,1126.47998046875,1121.0799560546875,1126.47998046875,1267710000.0,Friday,December,20.0699462890625,1107.74599609375,0.0,0.0
2009-12-28,1127.530029296875,1130.3800048828125,1123.510009765625,1127.780029296875,2716400000.0,Monday,December,13.6700439453125,1109.353497314453,0.0011540807210652648,0.0011534152818410755
2009-12-29,1128.550048828125,1130.3800048828125,1126.0799560546875,1126.199951171875,2491020000.0,Tuesday,December,18.2698974609375,1110.2204956054688,-0.0014010516979849896,-0.0014020340886091167
2009-12-30,1125.530029296875,1126.4200439453125,1121.93994140625,1126.4200439453125,2277300000.0,Wednesday,December,17.239990234375,1111.0794982910156,0.00019542957110640913,0.00019541047723540855
2009-12-31,1126.5999755859375,1127.6400146484375,1114.81005859375,1115.0999755859375,2076990000.0,Thursday,December,19.02001953125,1111.8384948730468,-0.010049597767921581,-0.010100435863962351
2010-01-01,1126.5999755859375,1127.6400146484375,1114.81005859375,1115.0999755859375,2076990000.0,Friday,January,12.6300048828125,1112.2944946289062,0.0,0.0
2010-01-04,1116.56005859375,1133.8699951171875,1116.56005859375,1132.989990234375,3991400000.0,Monday,January,18.93994140625,1113.781494140625,0.01604341766668682,0.015916082167126387
2010-01-05,1132.6600341796875,1136.6300048828125,1129.6600341796875,1136.52001953125,2491020000.0,Tuesday,January,18.5,1116.010498046875,0.0031156756258232665,0.003110831966759719
2010-01-06,1135.7099609375,1139.18994140625,1133.949951171875,1137.1400146484375,4972660000.0,Wednesday,January,16.550048828125,1118.070001220703,0.0005455206301101523,0.0005453718878234133
2010-01-07,1136.27001953125,1142.4599609375,1131.3199462890625,1141.68994140625,5270680000.0,Thursday,January,15.2099609375,1120.0369995117187,0.00400120187417663,0.003993218354654243
2010-01-08,1140.52001953125,1145.3900146484375,1136.219970703125,1144.97998046875,4389590000.0,Friday,January,18.5,1121.9654968261718,0.0028817272914287706,0.0028775830750962126
2010-01-11,1145.9599609375,1149.739990234375,1142.02001953125,1146.97998046875,4255780000.0,Monday,January,19.199951171875,1123.6089965820313,0.0017467554316374923,0.0017452316285846302
2010-01-12,1143.81005859375,1143.81005859375,1131.77001953125,1136.219970703125,4716160000.0,Tuesday,January,10.02001953125,1125.0234924316405,-0.009381166148364262,-0.00942544643894456
2010-01-13,1137.31005859375,1148.4000244140625,1133.1800537109375,1145.6800537109375,4170360000.0,Wednesday,January,19.260009765625,1126.8484924316406,0.008325925658531075,0.008291456333360418
2010-01-14,1145.6800537109375,1150.4100341796875,1143.800048828125,1148.4599609375,3915200000.0,Thursday,January,33.3599853515625,1129.4674926757812,0.0024264254383745687,0.002423486421414183
2010-01-15,1147.719970703125,1147.77001953125,1131.3900146484375,1136.030029296875,4758730000.0,Friday,January,20.9300537109375,1131.1454956054688,-0.010823130159869354,-0.010882126301208588
2010-01-18,1147.719970703125,1147.77001953125,1131.3900146484375,1136.030029296875,4758730000.0,Monday,January,3.0400390625,1132.2444946289063,0.0,0.0
2010-01-19,1136.030029296875,1150.449951171875,1135.77001953125,1150.22998046875,4724830000.0,Tuesday,January,13.7099609375,1133.8549926757812,0.012499626599363545,0.012422151207737096
2010-01-20,1147.949951171875,1147.949951171875,1129.25,1138.0400390625,4810560000.0,Wednesday,January,0.9000244140625,1134.7274963378907,-0.010597829662970737,-0.010654386601861304
2010-01-21,1138.6800537109375,1141.5799560546875,1114.8399658203125,1116.47998046875,6874290000.0,Thursday,January,-25.2099609375,1134.2274963378907,-0.01894490338978838,-0.019126657272987804
2010-01-22,1115.489990234375,1115.489990234375,1090.1800537109375,1091.760009765625,6208650000.0,Friday,January,-53.219970703125,1132.4914978027343,-0.022140988764300484,-0.02238977963010898
2010-01-25,1092.4000244140625,1102.969970703125,1092.4000244140625,1096.780029296875,4481390000.0,Monday,January,-50.199951171875,1130.9414978027344,0.004598098012701168,0.004587559053796009
2010-01-26,1095.800048828125,1103.68994140625,1089.8599853515625,1092.1700439453125,4731910000.0,Tuesday,January,-44.0499267578125,1129.2400024414062,-0.004203199573680982,-0.004212057847785588
2010-01-27,1091.93994140625,1099.510009765625,1083.1099853515625,1097.5,5319120000.0,Wednesday,January,-48.1800537109375,1127.7940002441405,0.004880152210944955,0.004868282868611808
2010-01-28,1096.9300537109375,1100.219970703125,1078.4599609375,1084.530029296875,5452400000.0,Thursday,January,-63.929931640625,1126.2655029296875,-0.011817740959567224,-0.011888125534279259
2010-01-29,1087.6099853515625,1096.449951171875,1071.5899658203125,1073.8699951171875,5412850000.0,Friday,January,-62.1600341796875,1124.20400390625,-0.009829173828039273,-0.009877799049982582
2010-02-01,1073.8900146484375,1089.3800048828125,1073.8900146484375,1089.18994140625,4077610000.0,Monday,February,-46.840087890625,1122.0140014648437,0.014266108894671836,0.014165305546369656
2010-02-02,1090.050048828125,1104.72998046875,1087.9599609375,1103.3199462890625,4749540000.0,Tuesday,February,-46.9100341796875,1120.3539978027343,0.01297294837718499,0.0128895204452028
2010-02-03,1100.6700439453125,1102.719970703125,1093.969970703125,1097.280029296875,4285450000.0,Wednesday,February,-40.760009765625,1118.3609985351563,-0.00547431142933863,-0.005489350382538535
2010-02-04,1097.25,1097.25,1062.780029296875,1063.1099853515625,5859690000.0,Thursday,February,-53.3699951171875,1114.4320007324218,-0.031140677888039425,-0.031635856049806906
2010-02-05,1064.1199951171875,1067.1300048828125,1044.5,1066.18994140625,6438900000.0,Friday,February,-25.570068359375,1110.492498779297,0.002897118921960873,0.0028929303608266027
2010-02-08,1065.510009765625,1071.199951171875,1056.510009765625,1056.739990234375,4089820000.0,Monday,February,-40.0400390625,1105.9804992675781,-0.00886329049344714,-0.008902803100374192
2010-02-09,1060.06005859375,1079.280029296875,1060.06005859375,1070.52001953125,5114260000.0,Tuesday,February,-21.6500244140625,1102.6955017089845,0.013040132316577413,0.01295584177358637
2010-02-10,1069.6800537109375,1073.6700439453125,1059.3399658203125,1068.1300048828125,4251450000.0,Wednesday,February,-29.3699951171875,1098.8179992675782,-0.0022325735201887964,-0.0022350694280074235
2010-02-11,1067.0999755859375,1080.0400390625,1060.5899658203125,1078.469970703125,4400870000.0,Thursday,February,-6.06005859375,1095.3184997558594,0.009680437561949251,0.009633882335101287
2010-02-12,1075.949951171875,1077.81005859375,1062.969970703125,1075.510009765625,4160680000.0,Friday,February,1.6400146484375,1092.292498779297,-0.002744592819371894,-0.0027483661199411307
2010-02-15,1075.949951171875,1077.81005859375,1062.969970703125,1075.510009765625,4160680000.0,Monday,February,-13.679931640625,1089.2664978027344,0.0,0.0
2010-02-16,1079.1300048828125,1095.6700439453125,1079.1300048828125,1094.8699951171875,4080770000.0,Tuesday,February,-8.449951171875,1086.4984985351562,0.01800074864554846,0.017840653536261433
2010-02-17,1096.1400146484375,1101.030029296875,1094.719970703125,1099.510009765625,4259230000.0,Wednesday,February,2.22998046875,1084.5719970703126,0.0042379594555796984,0.004229004596710374
2010-02-18,1099.030029296875,1108.239990234375,1097.47998046875,1106.75,3878620000.0,Thursday,February,43.6400146484375,1084.085498046875,0.006584742448973557,0.006563157733795463
2010-02-19,1105.489990234375,1112.4200439453125,1100.800048828125,1109.1700439453125,3944280000.0,Friday,February,42.9801025390625,1084.9559997558595,0.002186622042297248,0.0021842348635910053
2010-02-22,1110.0,1112.2900390625,1105.3800048828125,1108.010009765625,3814440000.0,Monday,February,51.27001953125,1085.5174987792968,-0.0010458578339902491,-0.0010464051249203224
2010-02-23,1107.489990234375,1108.5799560546875,1092.1800537109375,1094.5999755859375,4521050000.0,Tuesday,February,24.0799560546875,1085.6389953613282,-0.012102809596931441,-0.0121766449451987
2010-02-24,1095.8900146484375,1106.4200439453125,1095.5,1105.239990234375,4168360000.0,Wednesday,February,37.1099853515625,1086.0259948730468,0.00972045942422195,0.009673519697189884
2010-02-25,1101.239990234375,1103.5,1086.02001953125,1102.93994140625,4521130000.0,Thursday,February,24.469970703125,1086.9464904785157,-0.002081040179913507,-0.0020832085528651543
2010-02-26,1103.0999755859375,1107.239990234375,1097.56005859375,1104.489990234375,3945190000.0,Friday,February,28.97998046875,1088.477490234375,0.0014053791778985136,0.0014043925568579447
2010-03-01,1105.3599853515625,1116.1099853515625,1105.3599853515625,1115.7099609375,3847640000.0,Monday,March,40.199951171875,1089.8034912109374,0.01015850827289455,0.010107257423603737
2010-03-02,1117.010009765625,1123.4599609375,1116.510009765625,1118.31005859375,4134680000.0,Tuesday,March,23.4400634765625,1090.552996826172,0.0023304422719907514,0.0023277310028862693
2010-03-03,1119.3599853515625,1125.6400146484375,1116.5799560546875,1118.7900390625,3951320000.0,Wednesday,March,19.280029296875,1091.6284973144532,0.00042920160206150193,0.00042910952140039855
2010-03-04,1119.1199951171875,1123.72998046875,1116.6600341796875,1122.969970703125,3945010000.0,Thursday,March,16.219970703125,1094.6214965820313,0.0037361180334851696,0.00372915607957138
2010-03-05,1125.1199951171875,1139.3800048828125,1125.1199951171875,1138.699951171875,4133000000.0,Friday,March,29.5299072265625,1098.2469970703125,0.014007480947064943,0.013910282801603982
2010-03-08,1138.4000244140625,1141.050048828125,1136.77001953125,1138.5,3774680000.0,Monday,March,30.489990234375,1102.3349975585938,-0.00017559601339156572,-0.00017561143217653642
2010-03-09,1137.56005859375,1145.3699951171875,1134.9000244140625,1140.449951171875,5185570000.0,Tuesday,March,45.8499755859375,1105.831494140625,0.0017127370855292146,0.0017112720239721047
2010-03-10,1140.219970703125,1148.260009765625,1140.0899658203125,1145.6099853515625,5469120000.0,Wednesday,March,40.3699951171875,1109.7054931640625,0.00452455995494172,0.00451435490421295
2010-03-11,1143.9599609375,1150.239990234375,1138.989990234375,1150.239990234375,4669060000.0,Thursday,March,47.300048828125,1113.293994140625,0.004041519314613495,0.00403337431350597
2010-03-12,1151.7099609375,1153.4100341796875,1146.969970703125,1149.989990234375,4928160000.0,Friday,March,45.5,1117.0179931640625,-0.00021734594703937127,-0.0002173695700926971
2010-03-15,1148.530029296875,1150.97998046875,1141.449951171875,1150.510009765625,4164110000.0,Monday,March,34.800048828125,1120.7679931640625,0.000452194832708086,0.00045209262343589776
2010-03-16,1150.8299560546875,1160.280029296875,1150.3499755859375,1159.4599609375,4369770000.0,Tuesday,March,41.14990234375,1123.997491455078,0.0077791163013856135,0.007749014983159959
2010-03-17,1159.93994140625,1169.8399658203125,1159.93994140625,1166.2099609375,4963200000.0,Wednesday,March,47.419921875,1127.3324890136719,0.005821675803744153,0.005804795332563638
2010-03-18,1166.1300048828125,1167.77001953125,1161.1600341796875,1165.8299560546875,4234510000.0,Thursday,March,42.8599853515625,1130.2864868164063,-0.0003258460273372066,-0.00032589912668909416
2010-03-19,1166.6800537109375,1169.199951171875,1155.3299560546875,1159.9000244140625,5212410000.0,Friday,March,21.2000732421875,1132.8229858398438,-0.005086446449439896,-0.005099426451612706
2010-03-22,1157.25,1167.8199462890625,1152.8800048828125,1165.81005859375,4261680000.0,Monday,March,27.31005859375,1135.71298828125,0.005095296193887933,0.005082359099180065
2010-03-23,1166.469970703125,1174.719970703125,1163.8299560546875,1174.1700439453125,4411640000.0,Tuesday,March,33.7200927734375,1139.6914916992187,0.007170966908320198,0.0071453777848001715
2010-03-24,1172.699951171875,1173.0400390625,1166.010009765625,1167.719970703125,4705750000.0,Wednesday,March,22.1099853515625,1142.8154907226562,-0.005493304207041971,-0.0055084478872883084
2010-03-25,1170.030029296875,1180.68994140625,1165.0899658203125,1165.72998046875,5668900000.0,Thursday,March,15.489990234375,1145.9549926757813,-0.001704167338318907,-0.0017056210833286789
2010-03-26,1167.5799560546875,1173.9300537109375,1161.47998046875,1166.5899658203125,4708420000.0,Friday,March,16.5999755859375,1149.059991455078,0.000737722599547963,0.0007374506159884132
2010-03-29,1167.7099609375,1174.8499755859375,1167.7099609375,1173.219970703125,4375580000.0,Monday,March,22.7099609375,1151.9354919433595,0.005683234964352302,0.005667146312798056
2010-03-30,1173.75,1177.8299560546875,1168.9200439453125,1173.27001953125,4085000000.0,Tuesday,March,13.81005859375,1154.6834899902344,4.265937281555665e-05,4.26584629303888e-05
2010-03-31,1171.75,1174.56005859375,1165.77001953125,1169.4300537109375,4484340000.0,Wednesday,March,3.2200927734375,1157.2154907226563,-0.00327287474868454,-0.00327824231803275
2010-04-01,1171.22998046875,1181.4300537109375,1170.68994140625,1178.0999755859375,4006870000.0,Thursday,April,12.27001953125,1159.971990966797,0.0074138011482498545,0.007386454005524301
2010-04-02,1171.22998046875,1181.4300537109375,1170.68994140625,1178.0999755859375,4006870000.0,Friday,April,18.199951171875,1161.9419921875,0.0,0.0
2010-04-05,1178.7099609375,1187.72998046875,1178.7099609375,1187.43994140625,3881620000.0,Monday,April,21.6298828125,1164.3889892578125,0.00792799084446738,0.007896729443087884
2010-04-06,1186.010009765625,1191.800048828125,1182.77001953125,1189.43994140625,4086180000.0,Tuesday,April,15.2698974609375,1166.8384887695313,0.0016842957106795176,0.001682878875349027
2010-04-07,1188.22998046875,1189.5999755859375,1177.25,1182.449951171875,5101430000.0,Wednesday,April,14.72998046875,1168.680487060547,-0.005876707172041695,-0.005894042967262019
2010-04-08,1181.75,1188.550048828125,1175.1199951171875,1186.43994140625,4726970000.0,Thursday,April,20.7099609375,1170.4904846191407,0.003374341747336196,0.0033686614308549275
2010-04-09,1187.469970703125,1194.6600341796875,1187.1500244140625,1194.3699951171875,4511570000.0,Friday,April,27.780029296875,1172.7094848632812,0.00668390656297202,0.00666166829683167
2010-04-12,1194.93994140625,1199.199951171875,1194.7099609375,1196.47998046875,4607090000.0,Monday,April,23.260009765625,1175.0079833984375,0.0017666094762833762,0.0017650508571401095
2010-04-13,1195.93994140625,1199.0400390625,1188.8199462890625,1197.300048828125,5403580000.0,Tuesday,April,24.030029296875,1176.8999877929687,0.0006854008197059169,0.0006851660398368415
2010-04-14,1198.68994140625,1210.6500244140625,1198.68994140625,1210.6500244140625,5760040000.0,Wednesday,April,41.219970703125,1179.1219909667968,0.011150066851666862,0.011088363099908616
2010-04-15,1210.77001953125,1213.9200439453125,1208.5,1211.6700439453125,5995330000.0,Thursday,April,33.570068359375,1181.413995361328,0.0008425387276917995,0.0008421839911768203
2010-04-16,1210.1700439453125,1210.1700439453125,1186.77001953125,1192.1300048828125,8108470000.0,Friday,April,14.030029296875,1183.0254943847656,-0.016126534744455467,-0.016257982418547083
2010-04-19,1192.06005859375,1197.8699951171875,1183.6800537109375,1197.52001953125,6597740000.0,Monday,April,10.080078125,1184.6109924316406,0.004521331252766547,0.004511140739529798
2010-04-20,1199.0400390625,1208.5799560546875,1199.0400390625,1207.1700439453125,5316590000.0,Tuesday,April,17.7301025390625,1186.2609924316407,0.008058340784849571,0.008026045737071379
2010-04-21,1207.1600341796875,1210.989990234375,1198.8499755859375,1205.93994140625,5724310000.0,Wednesday,April,23.489990234375,1188.1719909667968,-0.0010189969053922,-0.0010195164357019706
2010-04-22,1202.52001953125,1210.27001953125,1190.18994140625,1208.6700439453125,6035780000.0,Thursday,April,22.2301025390625,1190.318994140625,0.002263879356942944,0.0022613206430901964
2010-04-23,1207.8699951171875,1217.280029296875,1205.0999755859375,1217.280029296875,5326060000.0,Friday,April,22.9100341796875,1192.853497314453,0.0071235200993795544,0.0070982676832182495
2010-04-26,1217.0699462890625,1219.800048828125,1211.0699462890625,1212.050048828125,5647760000.0,Monday,April,15.570068359375,1194.7950012207032,-0.004296448099761374,-0.004305704355093108
2010-04-27,1209.9200439453125,1211.3800048828125,1181.6199951171875,1183.7099609375,7454540000.0,Tuesday,April,-13.590087890625,1195.3169982910156,-0.023381945257149872,-0.023659640178701643
2010-04-28,1184.5899658203125,1195.050048828125,1181.81005859375,1191.3599853515625,6342310000.0,Wednesday,April,-19.2900390625,1196.4134948730468,0.006462752419523099,0.006441958378180898
2010-04-29,1193.300048828125,1209.3599853515625,1193.300048828125,1206.780029296875,6059410000.0,Thursday,April,-4.8900146484375,1197.8474975585937,0.012943228020842135,0.012860180281289574
2010-04-30,1206.77001953125,1207.989990234375,1186.3199462890625,1186.68994140625,6048260000.0,Friday,April,-5.4400634765625,1198.2769958496094,-0.016647680109796337,-0.016787810139866296
2010-05-03,1188.5799560546875,1205.1300048828125,1188.5799560546875,1202.260009765625,4938050000.0,Monday,May,4.739990234375,1199.017999267578,0.013120586781854904,0.01303525745326214
2010-05-04,1197.5,1197.5,1168.1199951171875,1173.5999755859375,6594720000.0,Tuesday,May,-33.570068359375,1198.2260009765625,-0.02383846584506677,-0.024127199957418213
2010-05-05,1169.239990234375,1175.949951171875,1158.1500244140625,1165.8699951171875,6795940000.0,Wednesday,May,-40.0699462890625,1197.3970031738281,-0.006586554728659322,-0.006608341800780098
2010-05-06,1164.3800048828125,1167.5799560546875,1065.7900390625,1128.1500244140625,10617810000.0,Thursday,May,-80.52001953125,1194.4825073242187,-0.032353496411350324,-0.032888440643963665
2010-05-07,1127.0400390625,1135.1300048828125,1094.1500244140625,1110.8800048828125,9472910000.0,Friday,May,-106.4000244140625,1190.3080078125,-0.015308264998017185,-0.015426646180907493
2010-05-10,1122.27001953125,1163.8499755859375,1122.27001953125,1159.72998046875,6893700000.0,Monday,May,-52.320068359375,1188.4705078125,0.04397412445198401,0.04303470414561544
2010-05-11,1156.3900146484375,1170.47998046875,1147.7099609375,1155.7900390625,5842550000.0,Tuesday,May,-27.919921875,1186.3950073242188,-0.003397292018489928,-0.003403075918466228
2010-05-12,1155.4300537109375,1172.8699951171875,1155.4300537109375,1171.6700439453125,5225460000.0,Wednesday,May,-19.68994140625,1184.4460083007812,0.013739523915341278,0.013645992401824483
2010-05-13,1170.0400390625,1173.5699462890625,1156.1400146484375,1157.43994140625,4870640000.0,Thursday,May,-49.340087890625,1181.7345031738282,-0.012145144968583543,-0.01221949988922511
2010-05-14,1157.18994140625,1157.18994140625,1126.1400146484375,1135.6800537109375,6126400000.0,Friday,May,-51.0098876953125,1178.9120056152344,-0.018800014512092122,-0.018978981387949807
2010-05-17,1136.52001953125,1141.8800048828125,1114.9599609375,1136.93994140625,5922920000.0,Monday,May,-65.320068359375,1175.8830017089845,0.0011093685155389998,0.0011087536210084368
2010-05-18,1138.780029296875,1148.6600341796875,1117.199951171875,1120.800048828125,6170840000.0,Tuesday,May,-52.7999267578125,1171.564501953125,-0.014195906037184347,-0.01429763178499772
2010-05-19,1119.5699462890625,1124.27001953125,1100.6600341796875,1115.050048828125,6765800000.0,Wednesday,May,-50.8199462890625,1167.0200073242188,-0.005130263873571406,-0.005143468860015588
2010-05-20,1107.3399658203125,1107.3399658203125,1071.5799560546875,1071.5899658203125,8328570000.0,Thursday,May,-56.56005859375,1160.1660034179688,-0.03897590341661106,-0.03975579583776626
2010-05-21,1067.260009765625,1090.1600341796875,1055.9000244140625,1087.68994140625,5452130000.0,Friday,May,-23.1900634765625,1153.6864990234376,0.015024380686144978,0.014912632585704338
2010-05-24,1084.780029296875,1089.949951171875,1072.699951171875,1073.6500244140625,5224040000.0,Monday,May,-86.0799560546875,1146.7664978027344,-0.012908014000787449,-0.012992046323687721
2010-05-25,1067.4200439453125,1074.75,1040.780029296875,1074.030029296875,7329580000.0,Tuesday,May,-81.760009765625,1141.2825012207031,0.00035393738571354305,0.00035387476465256084
2010-05-26,1075.510009765625,1090.75,1065.5899658203125,1067.949951171875,4521050000.0,Wednesday,May,-103.7200927734375,1135.1119995117188,-0.0056609945338124135,-0.005677078693651669
2010-05-27,1074.27001953125,1103.52001953125,1074.27001953125,1103.06005859375,5698460000.0,Thursday,May,-54.3798828125,1129.9260009765626,0.032876173067238,0.032347311768677056
2010-05-28,1102.5899658203125,1102.5899658203125,1084.780029296875,1089.4100341796875,4871210000.0,Friday,May,-46.27001953125,1125.0620056152343,-0.01237468831159061,-0.012451892345405802
2010-05-31,1102.5899658203125,1102.5899658203125,1084.780029296875,1089.4100341796875,4871210000.0,Monday,May,-47.5299072265625,1119.4195068359375,0.0,0.0
2010-06-01,1087.300048828125,1094.77001953125,1069.8900146484375,1070.7099609375,5271480000.0,Tuesday,June,-50.090087890625,1114.2750061035156,-0.01716532127985071,-0.017314353324598773
2010-06-02,1073.010009765625,1098.56005859375,1072.030029296875,1098.3800048828125,5026360000.0,Wednesday,June,-16.6700439453125,1110.9005065917968,0.025842707133391096,0.02551442810834267
2010-06-03,1098.8199462890625,1105.6700439453125,1091.81005859375,1102.8299560546875,4995970000.0,Thursday,June,31.239990234375,1109.634503173828,0.004051376711240895,0.004043191983442443
2010-06-04,1098.4300537109375,1098.4300537109375,1060.5,1064.8800048828125,6180580000.0,Friday,June,-22.8099365234375,1107.3345031738281,-0.034411425771964765,-0.035017442089831104
2010-06-07,1065.8399658203125,1071.3599853515625,1049.8599853515625,1050.469970703125,5467560000.0,Monday,June,-23.1800537109375,1101.8715026855468,-0.01353207320412908,-0.013624466165715648
2010-06-08,1050.81005859375,1063.1500244140625,1042.1700439453125,1062.0,6192750000.0,Tuesday,June,-12.030029296875,1097.1820007324218,0.010976067492112662,0.01091626764351899
2010-06-09,1062.75,1077.739990234375,1052.25,1055.68994140625,5983200000.0,Wednesday,June,-12.260009765625,1091.3829956054688,-0.005941674758709992,-0.005959396741888012
2010-06-10,1058.77001953125,1087.8499755859375,1058.77001953125,1086.8399658203125,5144780000.0,Thursday,June,-16.2200927734375,1087.8529968261719,0.029506792849203878,0.02907984566617691
2010-06-11,1082.6500244140625,1092.25,1077.1199951171875,1091.5999755859375,4059280000.0,Friday,June,2.18994140625,1085.648992919922,0.004379678623643857,0.00437011574261751
2010-06-14,1095.0,1105.9100341796875,1089.030029296875,1089.6300048828125,4425830000.0,Monday,June,0.219970703125,1083.28349609375,-0.0018046635646612463,-0.0018062939317567235
2010-06-15,1091.2099609375,1115.5899658203125,1091.2099609375,1115.22998046875,4644490000.0,Tuesday,June,44.52001953125,1083.0049926757813,0.023494191121040897,0.02322245059850045
2010-06-16,1114.02001953125,1118.739990234375,1107.1300048828125,1114.6099853515625,5002600000.0,Wednesday,June,16.22998046875,1082.9829895019532,-0.0005559347650669899,-0.0005560893540954269
2010-06-17,1115.97998046875,1117.719970703125,1105.8699951171875,1116.0400390625,4557760000.0,Thursday,June,13.2100830078125,1085.2054931640625,0.0012830081640498037,0.001282185812389404
2010-06-18,1116.1600341796875,1121.010009765625,1113.9300537109375,1117.510009765625,4555360000.0,Friday,June,52.6300048828125,1086.6964965820312,0.0013171307943036226,0.0013162641384549061
2010-06-21,1122.7900390625,1131.22998046875,1108.239990234375,1113.199951171875,4514360000.0,Monday,June,62.72998046875,1088.6739929199218,-0.003856841152281021,-0.003864297943398893
2010-06-22,1113.9000244140625,1118.5,1094.1800537109375,1095.31005859375,4514380000.0,Tuesday,June,33.31005859375,1089.7379943847657,-0.016070691127224812,-0.01620122508698942
2010-06-23,1095.5699462890625,1099.6400146484375,1085.31005859375,1092.0400390625,4526150000.0,Wednesday,June,36.35009765625,1090.9424987792968,-0.0029854738442266493,-0.00298993926106872
2010-06-24,1090.9300537109375,1090.9300537109375,1071.5999755859375,1073.68994140625,4814830000.0,Thursday,June,-13.1500244140625,1089.4739929199218,-0.01680350261882635,-0.016946283204951274
2010-06-25,1075.0999755859375,1083.56005859375,1067.8900146484375,1076.760009765625,5128840000.0,Friday,June,-14.8399658203125,1088.8414916992188,0.002859362131449217,0.002855281931545411
2010-06-28,1077.5,1082.5999755859375,1071.449951171875,1074.5699462890625,3896410000.0,Monday,June,-15.06005859375,1088.0994873046875,-0.00203393834902843,-0.0020360096106544403
2010-06-29,1071.0999755859375,1071.0999755859375,1035.1800537109375,1041.239990234375,6136700000.0,Tuesday,June,-73.989990234375,1086.6259887695312,-0.03101701864061035,-0.03150823034220891
2010-06-30,1040.56005859375,1048.0799560546875,1028.3299560546875,1030.7099609375,5067080000.0,Wednesday,June,-83.9000244140625,1083.2424865722655,-0.0101129704925228,-0.01016445397333528
2010-07-01,1031.0999755859375,1033.5799560546875,1010.9099731445312,1027.3699951171875,6435770000.0,Thursday,July,-88.6700439453125,1079.4694885253907,-0.0032404516759250157,-0.0032457133092441124
2010-07-02,1027.6500244140625,1032.949951171875,1015.9299926757812,1022.5800170898438,3968500000.0,Friday,July,-94.92999267578125,1077.3544891357421,-0.004662369010297374,-0.004673271754301508
2010-07-05,1027.6500244140625,1032.949951171875,1015.9299926757812,1022.5800170898438,3968500000.0,Monday,July,-90.61993408203125,1075.9599914550781,0.0,0.0
2010-07-06,1028.0899658203125,1042.5,1018.3499755859375,1028.06005859375,4691240000.0,Tuesday,July,-67.25,1074.2629943847655,0.00535903441522545,0.005344725887457727
2010-07-07,1028.5400390625,1060.8900146484375,1028.5400390625,1060.27001953125,4931220000.0,Wednesday,July,-31.77001953125,1074.4919982910155,0.03133081639370272,0.030850023008263838
2010-07-08,1062.9200439453125,1071.25,1058.239990234375,1070.25,4548460000.0,Thursday,July,-3.43994140625,1073.6625,0.00941267817151159,0.00936865495165787
2010-07-09,1070.5,1078.1600341796875,1068.0999755859375,1077.9599609375,3506570000.0,Friday,July,1.199951171875,1072.9804992675781,0.007203887818266752,0.007178063766629461
2010-07-12,1077.22998046875,1080.780029296875,1070.449951171875,1078.75,3426990000.0,Monday,July,4.1800537109375,1072.4364990234376,0.0007329020475055348,0.0007326336059528174
2010-07-13,1080.6500244140625,1099.4599609375,1080.6500244140625,1095.3399658203125,4640460000.0,Tuesday,July,54.0999755859375,1071.4419982910156,0.015378879091830777,0.015261822735573064
2010-07-14,1095.6099853515625,1099.0799560546875,1087.6800537109375,1095.1700439453125,4521050000.0,Wednesday,July,64.4600830078125,1070.4700012207031,-0.0001551316306374062,-0.00015514366479341991
2010-07-15,1094.4599609375,1098.6600341796875,1080.530029296875,1096.47998046875,4552470000.0,Thursday,July,69.1099853515625,1069.4919982910155,0.0011961033180916125,0.0011953885564136067
2010-07-16,1093.8499755859375,1093.8499755859375,1063.3199462890625,1064.8800048828125,5297350000.0,Friday,July,42.29998779296875,1066.860498046875,-0.028819473359129044,-0.02924290970075012
2010-07-19,1066.8499755859375,1074.699951171875,1061.1099853515625,1071.25,4089500000.0,Monday,July,48.66998291015625,1064.7630004882812,0.005981890060832162,0.005964069587908596
2010-07-20,1064.530029296875,1083.93994140625,1056.8800048828125,1083.47998046875,4713280000.0,Tuesday,July,55.419921875,1064.1714965820313,0.011416551196032687,0.011351874168992774
2010-07-21,1086.6700439453125,1088.9599609375,1065.25,1069.5899658203125,4747180000.0,Wednesday,July,9.3199462890625,1063.0489929199218,-0.012819816608358736,-0.012902699582286207
2010-07-22,1072.1400146484375,1097.5,1072.1400146484375,1093.6700439453125,4826900000.0,Thursday,July,23.4200439453125,1064.047998046875,0.022513373250030444,0.022263687822425646
2010-07-23,1092.1700439453125,1103.72998046875,1087.8800048828125,1102.6600341796875,4524570000.0,Friday,July,24.7000732421875,1065.342999267578,0.008220020548377116,0.00818642018434479
2010-07-26,1102.8900146484375,1115.010009765625,1101.300048828125,1115.010009765625,4009650000.0,Monday,July,36.260009765625,1067.3650024414062,0.011200166146517754,0.01113790871672976
2010-07-27,1117.3599853515625,1120.949951171875,1109.780029296875,1113.8399658203125,4725690000.0,Tuesday,July,18.5,1070.9950012207032,-0.0010493573466290318,-0.0010499083075197902
2010-07-28,1112.8399658203125,1114.6600341796875,1103.1099853515625,1106.1300048828125,4002390000.0,Wednesday,July,10.9599609375,1074.7660034179687,-0.006921964711350426,-0.006946032638280118
2010-07-29,1108.0699462890625,1115.9000244140625,1092.8199462890625,1101.530029296875,4612420000.0,Thursday,July,5.050048828125,1078.4740051269532,-0.004158621107493432,-0.004167292220516642
2010-07-30,1098.43994140625,1106.43994140625,1088.010009765625,1101.5999755859375,4006450000.0,Friday,July,36.719970703125,1082.4250030517578,6.349921218862242e-05,6.349719619899018e-05
2010-08-02,1107.530029296875,1127.300048828125,1107.530029296875,1125.8599853515625,4144180000.0,Monday,August,54.6099853515625,1087.5890014648437,0.022022522061804883,0.021783528781166763
2010-08-03,1125.3399658203125,1125.43994140625,1116.760009765625,1120.4599609375,4071820000.0,Tuesday,August,36.97998046875,1092.2089965820312,-0.004796355216742376,-0.004807894641330393
2010-08-04,1121.06005859375,1128.75,1119.4599609375,1127.239990234375,4057850000.0,Wednesday,August,57.6500244140625,1095.5574951171875,0.006051112519185553,0.006032878060028029
2010-08-05,1125.780029296875,1126.56005859375,1118.81005859375,1125.81005859375,3685560000.0,Thursday,August,32.1400146484375,1098.335498046875,-0.001268524584838171,-0.0012693298432147424
2010-08-06,1122.0699462890625,1123.06005859375,1107.1700439453125,1121.6400146484375,3857890000.0,Friday,August,18.97998046875,1100.5195007324219,-0.003704038628435491,-0.0037109155663972966
2010-08-09,1122.800048828125,1129.239990234375,1120.9100341796875,1127.7900390625,3979360000.0,Monday,August,12.780029296875,1102.971502685547,0.005483064382283187,0.005468087107405527
2010-08-10,1122.9200439453125,1127.1600341796875,1111.5799560546875,1121.06005859375,3979360000.0,Tuesday,August,7.2200927734375,1104.2575073242188,-0.0059674054882985494,-0.005985281603927613
2010-08-11,1116.8900146484375,1116.8900146484375,1088.550048828125,1089.469970703125,4511860000.0,Wednesday,August,-16.6600341796875,1103.9725036621094,-0.028178764954173263,-0.028583405997961563
2010-08-12,1081.47998046875,1086.719970703125,1076.68994140625,1083.6099853515625,4521050000.0,Thursday,August,-17.9200439453125,1103.32900390625,-0.0053787488495717906,-0.005393266400071399
2010-08-13,1082.219970703125,1086.25,1079.0,1079.25,3328890000.0,Friday,August,-22.3499755859375,1104.0475036621094,-0.004023574358396065,-0.004031690712189038
2010-08-16,1077.489990234375,1082.6199951171875,1069.489990234375,1079.3800048828125,3142450000.0,Monday,August,-46.47998046875,1104.45400390625,0.00012045854325926086,0.00012045128871151444
2010-08-17,1081.1600341796875,1100.1400146484375,1081.1600341796875,1092.5400390625,3968210000.0,Tuesday,August,-27.919921875,1104.9070068359374,0.012192216013040102,0.012118489601347648
2010-08-18,1092.0799560546875,1099.77001953125,1085.760009765625,1094.1600341796875,3724260000.0,Wednesday,August,-33.0799560546875,1106.1355102539062,0.0014827787168125717,0.0014816804859392602
2010-08-19,1092.43994140625,1092.43994140625,1070.6600341796875,1075.6300048828125,4290540000.0,Thursday,August,-50.1800537109375,1105.2335083007813,-0.016935392189468268,-0.01708043585689712
2010-08-20,1075.6300048828125,1075.6300048828125,1063.9100341796875,1071.68994140625,3761570000.0,Friday,August,-49.9500732421875,1103.6850036621095,-0.0036630286052607985,-0.003669753922919338
2010-08-23,1073.3599853515625,1081.5799560546875,1067.0799560546875,1067.3599853515625,3210950000.0,Monday,August,-60.4300537109375,1101.3025024414062,-0.004040306703826824,-0.0040484907945532
2010-08-24,1063.199951171875,1063.199951171875,1046.6800537109375,1051.8699951171875,4436330000.0,Tuesday,August,-69.1900634765625,1098.20400390625,-0.014512432962598854,-0.014618768361991257
2010-08-25,1048.97998046875,1059.3800048828125,1039.8299560546875,1055.3299560546875,4360190000.0,Wednesday,August,-34.1400146484375,1095.6640014648438,0.0032893427453595248,0.003283944691638116
2010-08-26,1056.280029296875,1061.449951171875,1045.4000244140625,1047.219970703125,3646710000.0,Thursday,August,-36.3900146484375,1092.9484985351562,-0.007684786454732473,-0.007714466580892417
2010-08-27,1049.27001953125,1065.2099609375,1039.699951171875,1064.5899658203125,4102460000.0,Friday,August,-14.6600341796875,1091.097998046875,0.01658676839931239,0.016450710403283032
2010-08-30,1062.9000244140625,1064.4000244140625,1048.7900390625,1048.9200439453125,2917990000.0,Monday,August,-30.4599609375,1087.2510009765624,-0.01471920868888299,-0.014828611113085734
2010-08-31,1046.8800048828125,1055.1400146484375,1040.8800048828125,1049.3299560546875,4038770000.0,Tuesday,August,-43.2100830078125,1083.6945007324218,0.000390794428747121,0.00039071808849260096
2010-09-01,1049.719970703125,1081.300048828125,1049.719970703125,1080.2900390625,4396880000.0,Wednesday,September,-13.8699951171875,1081.3470031738282,0.029504621333996228,0.029077736386750194
2010-09-02,1080.6600341796875,1090.0999755859375,1080.3900146484375,1090.0999755859375,3704210000.0,Thursday,September,14.469970703125,1079.5614990234376,0.009080835857702363,0.00903985298673457
2010-09-03,1093.6099853515625,1105.0999755859375,1093.6099853515625,1104.510009765625,3534500000.0,Friday,September,32.820068359375,1078.7049987792968,0.013219002387319545,0.013132393793160998
2010-09-06,1093.6099853515625,1105.0999755859375,1093.6099853515625,1104.510009765625,3534500000.0,Monday,September,37.1500244140625,1077.540997314453,0.0,0.0
2010-09-07,1102.5999755859375,1102.5999755859375,1091.1500244140625,1091.8399658203125,3107380000.0,Tuesday,September,39.969970703125,1076.0799926757813,-0.011471189788493708,-0.011537491412768315
2010-09-08,1092.3599853515625,1103.260009765625,1092.3599853515625,1098.8699951171875,3224640000.0,Wednesday,September,43.5400390625,1076.5499938964845,0.006438699367075529,0.0064180594909031665
2010-09-09,1101.1500244140625,1110.27001953125,1101.1500244140625,1104.1800537109375,3387770000.0,Thursday,September,56.9600830078125,1077.5784973144532,0.0048322900955937165,0.0048206520589967215
2010-09-10,1104.5699462890625,1110.8800048828125,1103.9200439453125,1109.550048828125,3061160000.0,Friday,September,44.9600830078125,1079.0934997558593,0.004863332840635781,0.004851545040690317
2010-09-13,1113.3800048828125,1123.8699951171875,1113.3800048828125,1121.9000244140625,4521050000.0,Monday,September,72.97998046875,1081.219500732422,0.011130616053760978,0.01106912660314444
2010-09-14,1121.1600341796875,1127.3599853515625,1115.5799560546875,1121.0999755859375,4521050000.0,Tuesday,September,71.77001953125,1082.6474975585938,-0.0007131195389205036,-0.0007133739296067345
2010-09-15,1119.4300537109375,1126.4599609375,1114.6300048828125,1125.0699462890625,3369840000.0,Wednesday,September,44.7799072265625,1084.1929931640625,0.00354113887216001,0.003534883802268771
2010-09-16,1123.8900146484375,1125.43994140625,1118.8800048828125,1124.6600341796875,3364080000.0,Thursday,September,34.56005859375,1086.6444946289062,-0.00036434366656679096,-0.0003644100558466401
2010-09-17,1126.3900146484375,1131.469970703125,1122.4300537109375,1125.5899658203125,4086140000.0,Friday,September,21.0799560546875,1089.3394958496094,0.0008268557718451586,0.0008265141149324639
2010-09-20,1126.5699462890625,1144.8599853515625,1126.5699462890625,1142.7099609375,3364080000.0,Monday,September,38.199951171875,1093.1069946289062,0.015209797205957498,0.015095287889557545
2010-09-21,1142.8199462890625,1148.5899658203125,1136.219970703125,1139.780029296875,4175660000.0,Tuesday,September,47.9400634765625,1097.5024963378905,-0.002564020390809607,-0.0025673131207138568
2010-09-22,1139.489990234375,1144.3800048828125,1131.5799560546875,1134.280029296875,3911070000.0,Wednesday,September,35.4100341796875,1101.45,-0.004825492514895946,-0.004837172794451643
2010-09-23,1131.0999755859375,1136.77001953125,1122.7900390625,1124.8299560546875,3847850000.0,Thursday,September,20.64990234375,1105.330499267578,-0.008331340584428193,-0.008366240177841381
2010-09-24,1131.68994140625,1148.9000244140625,1131.68994140625,1148.6700439453125,4123950000.0,Friday,September,39.1199951171875,1109.5345031738282,0.021194392772258208,0.020972915547808245
2010-09-27,1148.6400146484375,1149.9200439453125,1142.0,1142.1600341796875,3587860000.0,Monday,September,20.260009765625,1114.1965026855469,-0.005667432349210744,-0.005683553181933576
2010-09-28,1142.31005859375,1150.0,1132.0899658203125,1147.699951171875,4025840000.0,Tuesday,September,26.5999755859375,1119.1150024414062,0.004850385958537151,0.004838660735848585
2010-09-29,1146.75,1148.6300048828125,1140.260009765625,1144.72998046875,3990280000.0,Wednesday,September,19.6600341796875,1122.3369995117187,-0.0025877588476783675,-0.002591112883144724
2010-09-30,1145.969970703125,1157.1600341796875,1136.0799560546875,1141.199951171875,4284160000.0,Thursday,September,16.5399169921875,1124.8919982910156,-0.003083722237648967,-0.00308848670645526
2010-10-01,1143.489990234375,1150.300048828125,1139.4200439453125,1146.239990234375,4298910000.0,Friday,October,20.6500244140625,1126.978497314453,0.004416438203773465,0.004406714359894576
2010-10-04,1144.9599609375,1148.1600341796875,1131.8699951171875,1137.030029296875,3604110000.0,Monday,October,-5.679931640625,1128.6044982910157,-0.008034932488803492,-0.008067386519721716
2010-10-05,1140.6800537109375,1162.760009765625,1140.6800537109375,1160.75,4068840000.0,Tuesday,October,20.969970703125,1132.05,0.02086134059079603,0.02064672250716406
2010-10-06,1159.81005859375,1162.3299560546875,1154.8499755859375,1159.969970703125,4073160000.0,Wednesday,October,25.68994140625,1135.104998779297,-0.0006720045633211713,-0.0006722304595956211
2010-10-07,1161.5699462890625,1163.8699951171875,1151.4100341796875,1158.06005859375,3910550000.0,Thursday,October,33.2301025390625,1137.7989990234375,-0.0016465185803191673,-0.0016478755817934904
2010-10-08,1158.3599853515625,1167.72998046875,1155.5799560546875,1165.1500244140625,3871420000.0,Friday,October,16.47998046875,1140.5789978027344,0.00612227817348443,0.006103613171284074
2010-10-11,1165.3199462890625,1168.6800537109375,1162.02001953125,1165.3199462890625,2505900000.0,Monday,October,23.159912109375,1142.7499938964843,0.00014583690635494584,0.00014582627318711122
2010-10-12,1164.280029296875,1172.5799560546875,1155.7099609375,1169.77001953125,4076170000.0,Tuesday,October,22.070068359375,1145.18349609375,0.003818756605307172,0.0038114836641496563
2010-10-13,1171.3199462890625,1184.3800048828125,1171.3199462890625,1178.0999755859375,4969410000.0,Wednesday,October,33.3699951171875,1147.8349975585938,0.007121020299379444,0.007095785561559261
2010-10-14,1177.8199462890625,1178.8900146484375,1166.7099609375,1173.81005859375,4969410000.0,Thursday,October,32.610107421875,1150.292498779297,-0.0036413861990395313,-0.003648032184403023
2010-10-15,1177.469970703125,1181.199951171875,1167.1199951171875,1176.18994140625,5724910000.0,Friday,October,29.949951171875,1152.8224975585938,0.002027485447987365,0.002025432873275127
2010-10-18,1176.8299560546875,1185.530029296875,1174.550048828125,1184.7099609375,4450050000.0,Monday,October,47.679931640625,1154.9224975585937,0.007243744595420987,0.007217634690706231
2010-10-19,1178.6400146484375,1178.6400146484375,1159.7099609375,1165.9000244140625,5600120000.0,Tuesday,October,5.1500244140625,1156.228497314453,-0.015877250249970554,-0.016004644029054833
2010-10-20,1166.739990234375,1182.93994140625,1166.739990234375,1178.1700439453125,5027880000.0,Wednesday,October,18.2000732421875,1158.422998046875,0.01052407519882892,0.010469082613678416
2010-10-21,1179.8199462890625,1189.4300537109375,1171.1700439453125,1180.260009765625,4625470000.0,Thursday,October,22.199951171875,1161.1945007324218,0.0017739084702186325,0.0017723369527991779
2010-10-22,1180.52001953125,1183.9300537109375,1178.989990234375,1183.0799560546875,3177890000.0,Friday,October,17.929931640625,1162.9149963378907,0.0023892585241640507,0.0023864087842906394
2010-10-25,1184.739990234375,1196.1400146484375,1184.739990234375,1185.6199951171875,4221380000.0,Monday,October,20.300048828125,1165.0879943847656,0.002146971596890701,0.00214467014688162
2010-10-26,1184.8800048828125,1187.1099853515625,1177.719970703125,1185.6400146484375,4203680000.0,Tuesday,October,15.8699951171875,1166.9849975585937,1.688528477283846e-05,1.6885142218022246e-05
2010-10-27,1183.8399658203125,1183.8399658203125,1171.699951171875,1182.449951171875,4335670000.0,Wednesday,October,4.3499755859375,1168.87099609375,-0.002690583513671685,-0.0026942096392165637
2010-10-28,1184.469970703125,1189.530029296875,1177.0999755859375,1183.780029296875,4283460000.0,Thursday,October,9.969970703125,1171.0,0.0011248494058304637,0.0011242172367564925
2010-10-29,1183.8699951171875,1185.4599609375,1179.699951171875,1183.260009765625,3537880000.0,Friday,October,7.070068359375,1172.8510009765625,-0.0004392872986367369,-0.00043938381356833266
2010-11-01,1185.7099609375,1195.81005859375,1177.6500244140625,1184.3800048828125,4129180000.0,Monday,November,-0.3299560546875,1175.2184997558593,0.0009465333975153811,0.0009460857172530168
2010-11-02,1187.8599853515625,1195.8800048828125,1187.8599853515625,1193.5699462890625,3866200000.0,Tuesday,November,27.669921875,1176.8594970703125,0.007759284493458862,0.007729336064693736
2010-11-03,1193.7900390625,1198.300048828125,1183.56005859375,1197.9599609375,4665480000.0,Wednesday,November,19.7899169921875,1178.7589965820312,0.003678053944041082,0.003671306443685746
2010-11-04,1198.3399658203125,1221.25,1198.3399658203125,1221.06005859375,5695470000.0,Thursday,November,40.800048828125,1181.9089965820312,0.01928286287479275,0.019099304409664532
2010-11-05,1221.199951171875,1227.0799560546875,1220.2900390625,1225.8499755859375,5637460000.0,Friday,November,42.77001953125,1184.943994140625,0.00392275298702649,0.003915079053611362
2010-11-08,1223.239990234375,1224.5699462890625,1217.550048828125,1223.25,3937230000.0,Monday,November,37.6300048828125,1187.8404968261718,-0.0021209574072836856,-0.0021232098228606586
2010-11-09,1223.5899658203125,1226.8399658203125,1208.93994140625,1213.4000244140625,4848040000.0,Tuesday,November,27.760009765625,1190.0219970703124,-0.008052299681943542,-0.008084894540661062
2010-11-10,1213.1400146484375,1218.75,1204.3299560546875,1218.7099609375,4561300000.0,Wednesday,November,36.260009765625,1192.0524963378907,0.004376080778473401,0.004366533579725262
2010-11-11,1213.0400390625,1215.449951171875,1204.489990234375,1213.5400390625,3931120000.0,Thursday,November,29.760009765625,1194.038995361328,-0.004242126544221403,-0.004251149890857143
2010-11-12,1209.0699462890625,1210.5,1194.0799560546875,1199.2099609375,4213620000.0,Friday,November,15.949951171875,1195.1899963378905,-0.011808492232419865,-0.011878766244753407
2010-11-15,1200.43994140625,1207.4300537109375,1197.1500244140625,1197.75,3503370000.0,Monday,November,13.3699951171875,1195.8419982910157,-0.0012174356326716262,-0.0012181773094550822
2010-11-16,1194.7900390625,1194.7900390625,1173.0,1178.3399658203125,5116380000.0,Tuesday,November,-15.22998046875,1196.4639953613282,-0.016205413633636034,-0.016338157414688127
2010-11-17,1178.3299560546875,1183.56005859375,1175.8199462890625,1178.5899658203125,3904780000.0,Wednesday,November,-19.3699951171875,1196.4849914550782,0.00021216287934855416,0.0002121403759877297
2010-11-18,1183.75,1200.2900390625,1183.75,1196.68994140625,4687260000.0,Thursday,November,-24.3701171875,1197.3064880371094,0.015357313493959523,0.015240583543647691
2010-11-19,1196.1199951171875,1199.969970703125,1189.43994140625,1199.72998046875,3675390000.0,Friday,November,-26.1199951171875,1198.1389892578125,0.002540373205550228,0.0025371519119104955
2010-11-22,1198.0699462890625,1198.93994140625,1184.5799560546875,1197.8399658203125,3689500000.0,Monday,November,-25.4100341796875,1198.7499877929688,-0.0015753666901773267,-0.001576608885061296
2010-11-23,1192.510009765625,1192.510009765625,1176.9100341796875,1180.72998046875,4133070000.0,Tuesday,November,-32.6700439453125,1198.5044860839844,-0.014284032792181156,-0.014387031590549965
2010-11-24,1183.699951171875,1198.6199951171875,1183.699951171875,1198.3499755859375,3384250000.0,Wednesday,November,-20.3599853515625,1199.2994873046875,0.014922967493543604,0.01481271551861717
2010-11-25,1183.699951171875,1198.6199951171875,1183.699951171875,1198.3499755859375,3384250000.0,Thursday,November,-15.1900634765625,1200.0279846191406,0.0,0.0
2010-11-26,1194.1600341796875,1194.1600341796875,1186.9300537109375,1189.4000244140625,1613820000.0,Friday,November,-9.8099365234375,1200.3349853515624,-0.007468562068020934,-0.007496591424233891
2010-11-29,1189.0799560546875,1190.3399658203125,1173.6400146484375,1187.760009765625,3673450000.0,Monday,November,-9.989990234375,1200.5039855957032,-0.001378858764733426,-0.001379810265237083
2010-11-30,1182.9599609375,1187.4000244140625,1174.1400146484375,1180.550048828125,4284700000.0,Tuesday,November,2.2100830078125,1199.8529907226562,-0.006070216944686235,-0.006088715610163862
2010-12-01,1186.5999755859375,1207.6099853515625,1186.5999755859375,1206.0699462890625,4548110000.0,Wednesday,December,27.47998046875,1200.2584899902345,0.02161695515261708,0.021386622263129783
2010-12-02,1206.81005859375,1221.8900146484375,1206.81005859375,1221.530029296875,4970800000.0,Thursday,December,24.840087890625,1200.2819885253907,0.012818562518186694,0.012737100160620848
2010-12-03,1219.9300537109375,1225.5699462890625,1216.8199462890625,1224.7099609375,3735780000.0,Friday,December,24.97998046875,1200.2249877929687,0.0026032365675492386,0.0025998540163515035
2010-12-06,1223.8699951171875,1225.800048828125,1220.6700439453125,1223.1199951171875,3527370000.0,Monday,December,25.280029296875,1200.218487548828,-0.001298238661417761,-0.0012990821033003648
2010-12-07,1227.25,1235.050048828125,1223.25,1223.75,6970630000.0,Tuesday,December,43.02001953125,1200.735986328125,0.0005150801927265025,0.0005149475844580072
2010-12-08,1225.02001953125,1228.9300537109375,1219.5,1228.280029296875,4607590000.0,Wednesday,December,29.9300537109375,1201.2144897460937,0.003701760406026544,0.0036949257526148233
2010-12-09,1230.1400146484375,1234.7099609375,1226.8499755859375,1233.0,4522510000.0,Thursday,December,34.6500244140625,1202.1874877929688,0.0038427480627742927,0.0038353835670092563
2010-12-10,1233.8499755859375,1240.4000244140625,1232.5799560546875,1240.4000244140625,4547310000.0,Friday,December,51.0,1204.2469909667968,0.006001641860553519,0.005983703744360294
2010-12-13,1242.52001953125,1246.72998046875,1240.3399658203125,1240.4599609375,4361240000.0,Monday,December,52.699951171875,1206.3824890136718,4.832031784740565e-05,4.8319150458452794e-05
2010-12-14,1241.8399658203125,1246.5899658203125,1238.1700439453125,1241.5899658203125,4132350000.0,Tuesday,December,61.0399169921875,1209.544989013672,0.00091095635360805,0.0009105416846800492
2010-12-15,1241.5799560546875,1244.25,1234.010009765625,1235.22998046875,4407340000.0,Wednesday,December,29.1600341796875,1212.3769897460938,-0.005122452280258649,-0.0051356170153353965
2010-12-16,1236.3399658203125,1243.75,1232.8499755859375,1242.8699951171875,4736820000.0,Thursday,December,21.3399658203125,1214.6859924316407,0.006185094896691501,0.006166045704273937
2010-12-17,1243.6300048828125,1245.81005859375,1239.8699951171875,1243.9100341796875,4632470000.0,Friday,December,19.2000732421875,1216.8949951171876,0.0008368043854836138,0.0008364544598930705
2010-12-20,1245.760009765625,1250.199951171875,1241.510009765625,1247.0799560546875,3548140000.0,Monday,December,23.9599609375,1219.3569946289062,0.0025483530061645165,0.0025451114605429463
2010-12-21,1249.4300537109375,1255.8199462890625,1249.4300537109375,1254.5999755859375,3479670000.0,Tuesday,December,30.8499755859375,1223.0504943847657,0.006030102155631267,0.0060119938497866
2010-12-22,1254.93994140625,1259.3900146484375,1254.93994140625,1258.8399658203125,1285590000.0,Wednesday,December,30.5599365234375,1226.0749938964843,0.0033795554893063517,0.0033738576255426243
2010-12-23,1257.530029296875,1258.5899658203125,1254.050048828125,1256.77001953125,2515020000.0,Thursday,December,23.77001953125,1228.99599609375,-0.0016443283858672553,-0.0016456817776046477
2010-12-24,1257.530029296875,1258.5899658203125,1254.050048828125,1256.77001953125,2515020000.0,Friday,December,16.3699951171875,1232.3644958496093,0.0,0.0
2010-12-27,1254.6600341796875,1258.4300537109375,1251.47998046875,1257.5400390625,1992470000.0,Monday,December,17.080078125,1235.853497314453,0.0006126972471360848,0.0006125096248109704
2010-12-28,1259.0999755859375,1259.9000244140625,1256.219970703125,1258.510009765625,2478450000.0,Tuesday,December,16.9200439453125,1239.7514953613281,0.0007713239125555216,0.0007710265951420123
2010-12-29,1258.780029296875,1262.5999755859375,1258.780029296875,1259.780029296875,2214380000.0,Wednesday,December,24.550048828125,1242.4369995117188,0.0010091453555356455,0.0010086365106648648
2010-12-30,1259.43994140625,1261.0899658203125,1256.3199462890625,1257.8800048828125,1970720000.0,Thursday,December,15.010009765625,1244.2544982910156,-0.0015082191889665975,-0.0015093576964174303
2010-12-31,1256.760009765625,1259.3399658203125,1254.18994140625,1257.6400146484375,1799770000.0,Friday,December,13.72998046875,1245.9010009765625,-0.0001907894500615681,-0.00019080765268397786
2011-01-03,1257.6199951171875,1276.1700439453125,1257.6199951171875,1271.8699951171875,4286670000.0,Monday,January,24.7900390625,1248.3385009765625,0.011314828013585299,0.01125129414776139
2011-01-04,1272.949951171875,1274.1199951171875,1262.6600341796875,1270.199951171875,4796420000.0,Tuesday,January,15.5999755859375,1250.6609985351563,-0.0013130618315739806,-0.001313924652635054
2011-01-05,1268.780029296875,1277.6300048828125,1265.3599853515625,1276.56005859375,4764920000.0,Wednesday,January,17.7200927734375,1253.075,0.0050071702616640845,0.004994676074308499
2011-01-06,1276.2900390625,1278.1700439453125,1270.4300537109375,1273.8499755859375,4844100000.0,Thursday,January,17.0799560546875,1255.117498779297,-0.002122957701494954,-0.002125214370637225
2011-01-07,1274.4100341796875,1276.8299560546875,1261.699951171875,1271.5,4963110000.0,Friday,January,14.72998046875,1256.6724975585937,-0.001844782063018524,-0.001846485769081899
2011-01-10,1270.8399658203125,1271.52001953125,1262.1800537109375,1269.75,4036450000.0,Monday,January,12.2099609375,1258.1369995117188,-0.001376327172630698,-0.0013772751808198854
2011-01-11,1272.5799560546875,1277.25,1269.6199951171875,1274.47998046875,4050750000.0,Tuesday,January,15.969970703125,1259.7815002441407,0.0037251273626697223,0.003718206258407198
2011-01-12,1275.6500244140625,1286.8699951171875,1275.6500244140625,1285.9599609375,4226940000.0,Wednesday,January,26.179931640625,1262.3179992675782,0.00900758006769764,0.008967253798850817
2011-01-13,1285.780029296875,1286.699951171875,1280.469970703125,1283.760009765625,4310840000.0,Thursday,January,25.8800048828125,1264.3625,-0.001710746243041017,-0.001712211240459357
2011-01-14,1282.9000244140625,1293.239990234375,1281.239990234375,1293.239990234375,4661590000.0,Friday,January,35.5999755859375,1266.8289978027344,0.007384542591010179,0.007357410347301483
2011-01-17,1282.9000244140625,1293.239990234375,1281.239990234375,1293.239990234375,4661590000.0,Monday,January,21.3699951171875,1269.1369995117188,0.0,0.0
2011-01-18,1293.219970703125,1296.06005859375,1290.1600341796875,1295.02001953125,5284990000.0,Tuesday,January,24.820068359375,1271.1580017089843,0.00137641065101346,0.0013754642661832541
2011-01-19,1294.52001953125,1294.5999755859375,1278.9200439453125,1281.9200439453125,4743710000.0,Wednesday,January,5.3599853515625,1272.3120056152343,-0.010115654884377157,-0.010167165793385584
2011-01-20,1280.8499755859375,1283.3499755859375,1271.260009765625,1280.260009765625,4935320000.0,Thursday,January,6.4100341796875,1273.486505126953,-0.0012949592195925508,-0.0012957984038339024
2011-01-21,1283.6300048828125,1291.2099609375,1282.0699462890625,1283.3499755859375,4935320000.0,Friday,January,11.8499755859375,1274.8155029296875,0.0024135455272700224,0.0024106376042604427
2011-01-24,1283.2900390625,1291.9300537109375,1282.469970703125,1290.8399658203125,3902470000.0,Monday,January,21.0899658203125,1276.4804992675781,0.00583628034196626,0.005819315234595438
2011-01-25,1288.1700439453125,1291.260009765625,1281.0699462890625,1291.1800537109375,4595380000.0,Tuesday,January,16.7000732421875,1278.1140014648438,0.0002634624737614111,0.00026342777361852736
2011-01-26,1291.969970703125,1299.739990234375,1291.969970703125,1296.6300048828125,4730980000.0,Wednesday,January,10.6700439453125,1279.9565002441407,0.00422090718967616,0.004212024148480004
2011-01-27,1297.510009765625,1301.2900390625,1294.4100341796875,1299.5400390625,4309190000.0,Thursday,January,15.780029296875,1282.039501953125,0.0022443057531671418,0.002241791060799816
2011-01-28,1299.6300048828125,1302.6700439453125,1275.0999755859375,1276.3399658203125,5618630000.0,Friday,January,-16.9000244140625,1282.9744995117187,-0.017852526697772375,-0.018013805424182846
2011-01-31,1276.5,1287.1700439453125,1276.5,1286.1199951171875,4167160000.0,Monday,January,-7.1199951171875,1283.6869995117188,0.007662558220206783,0.007633349932881147
2011-02-01,1289.1400146484375,1308.8599853515625,1289.1400146484375,1307.5899658203125,5164500000.0,Tuesday,February,12.5699462890625,1285.5565002441406,0.01669359840810869,0.016555791837834375
2011-02-02,1305.9100341796875,1307.6099853515625,1302.6199951171875,1304.030029296875,4098260000.0,Wednesday,February,22.1099853515625,1286.929998779297,-0.00272251746839014,-0.0027262302593629275
2011-02-03,1302.77001953125,1308.5999755859375,1294.8299560546875,1307.0999755859375,4370990000.0,Thursday,February,26.8399658203125,1288.5924987792969,0.0023541990752451447,0.0023514322901266806
2011-02-04,1307.010009765625,1311.0,1301.6700439453125,1310.8699951171875,3925950000.0,Friday,February,27.52001953125,1290.5609985351562,0.002884262567260709,0.0028801110627525582
2011-02-07,1311.8499755859375,1322.8499755859375,1311.8499755859375,1319.050048828125,3902270000.0,Monday,February,28.2100830078125,1293.0260009765625,0.006240171597036381,0.006220782345952654
2011-02-08,1318.760009765625,1324.8699951171875,1316.030029296875,1324.5699462890625,3881530000.0,Tuesday,February,33.389892578125,1295.530499267578,0.004184752099316791,0.004176020375839696
2011-02-09,1322.47998046875,1324.5400390625,1314.8900146484375,1320.8800048828125,3922240000.0,Wednesday,February,24.25,1297.2765014648437,-0.0027857656113878804,-0.002789653077800705
2011-02-10,1318.1300048828125,1322.780029296875,1311.739990234375,1321.8699951171875,4184610000.0,Thursday,February,22.3299560546875,1299.1820007324218,0.0007494929370688297,0.000749212207498601
2011-02-11,1318.6600341796875,1330.7900390625,1316.0799560546875,1329.1500244140625,4219300000.0,Friday,February,52.81005859375,1300.9775024414062,0.005507371620330659,0.00549226150188646
2011-02-14,1328.72998046875,1332.9599609375,1326.9000244140625,1332.3199462890625,3567040000.0,Monday,February,46.199951171875,1302.9315002441406,0.002384924061824778,0.002382084644068833
2011-02-15,1330.4300537109375,1330.4300537109375,1324.6099853515625,1328.010009765625,3926860000.0,Tuesday,February,20.4200439453125,1304.5809997558595,-0.003234911055292722,-0.003240154691578971
2011-02-16,1329.510009765625,1337.6099853515625,1329.510009765625,1336.3199462890625,1966450000.0,Wednesday,February,32.2899169921875,1307.3009948730469,0.006257435156610036,0.006237938698850808
2011-02-17,1334.3699951171875,1341.5,1331.0,1340.4300537109375,1966450000.0,Thursday,February,33.330078125,1310.3094970703125,0.003075691142146564,0.0030709708803804935
2011-02-18,1340.3800048828125,1344.0699462890625,1338.1199951171875,1343.010009765625,1162310000.0,Friday,February,32.1400146484375,1313.292498779297,0.0019247226272978146,0.0019228727220244875
2011-02-21,1340.3800048828125,1344.0699462890625,1338.1199951171875,1343.010009765625,1162310000.0,Monday,February,23.9599609375,1315.9010009765625,0.0,0.0
2011-02-22,1338.9100341796875,1338.9100341796875,1312.3299560546875,1315.43994140625,1322780000.0,Tuesday,February,-9.1300048828125,1317.113995361328,-0.02052856505826517,-0.020742204920454525
2011-02-23,1315.43994140625,1317.9100341796875,1299.550048828125,1307.4000244140625,1330340000.0,Wednesday,February,-13.47998046875,1317.6524963378906,-0.006111960522950599,-0.006130715010508629
2011-02-24,1307.0899658203125,1310.9100341796875,1294.260009765625,1306.0999755859375,1222900000.0,Thursday,February,-15.77001953125,1317.9804931640624,-0.000994377240208233,-0.0009948719612429039
2011-02-25,1307.3399658203125,1320.6099853515625,1307.3399658203125,1319.8800048828125,3836030000.0,Friday,February,-9.27001953125,1320.1574951171874,0.01055051646463201,0.010495248165324718
2011-02-28,1321.6099853515625,1329.3800048828125,1320.550048828125,1327.219970703125,1252850000.0,Monday,February,-5.0999755859375,1322.2124938964844,0.005561085699577806,0.005545679951233036
2011-03-01,1328.6400146484375,1332.0899658203125,1306.1400146484375,1306.3299560546875,1180420000.0,Tuesday,March,-21.6800537109375,1322.1494934082032,-0.015739677754675885,-0.015864861791058633
2011-03-02,1305.469970703125,1314.18994140625,1302.5799560546875,1308.43994140625,1025000000.0,Wednesday,March,-27.8800048828125,1322.3699890136718,0.0016152009236127807,0.0016138978895201782
2011-03-03,1312.3699951171875,1332.280029296875,1312.3699951171875,1330.969970703125,4340470000.0,Thursday,March,-9.4600830078125,1323.5634887695312,0.017219001487115193,0.017072434579238578
2011-03-04,1330.72998046875,1331.0799560546875,1312.5899658203125,1321.1500244140625,4223740000.0,Friday,March,-21.8599853515625,1324.077490234375,-0.0073780374502926405,-0.007405389789368721
2011-03-07,1322.719970703125,1327.6800537109375,1303.989990234375,1310.1300048828125,3964730000.0,Monday,March,-32.8800048828125,1323.6314880371094,-0.008341232507744434,-0.008376215256269803
2011-03-08,1311.050048828125,1325.739990234375,1306.8599853515625,1321.8199462890625,4531420000.0,Tuesday,March,6.3800048828125,1323.4939880371094,0.008922733898683255,0.008883161530176173
2011-03-09,1319.9200439453125,1323.2099609375,1312.27001953125,1320.02001953125,3709520000.0,Wednesday,March,12.6199951171875,1323.4509887695312,-0.0013617034323515353,-0.0013626313929708095
2011-03-10,1315.719970703125,1315.719970703125,1294.2099609375,1295.1099853515625,4723020000.0,Thursday,March,-10.989990234375,1322.11298828125,-0.018870951812180237,-0.019051280476330656
2011-03-11,1293.4300537109375,1308.3499755859375,1291.989990234375,1304.280029296875,3740400000.0,Friday,March,-15.5999755859375,1320.8694885253906,0.007080513662183874,0.007055564524569619
2011-03-14,1301.18994140625,1301.18994140625,1286.3699951171875,1296.3900146484375,4050370000.0,Monday,March,-30.8299560546875,1319.0729919433593,-0.006049325659529536,-0.006067696956773771
2011-03-15,1288.4599609375,1288.4599609375,1261.1199951171875,1281.8699951171875,5201400000.0,Tuesday,March,-24.4599609375,1316.7659912109375,-0.01120034817237281,-0.011263544394845545
2011-03-16,1279.4599609375,1280.9100341796875,1249.050048828125,1256.8800048828125,5833000000.0,Wednesday,March,-51.5599365234375,1312.793994140625,-0.019494949042855536,-0.019687481949372254
2011-03-17,1261.6099853515625,1278.8800048828125,1261.6099853515625,1273.719970703125,4134950000.0,Thursday,March,-57.25,1309.4584899902343,0.013398228752857344,0.013309266231874258
2011-03-18,1276.7099609375,1288.8800048828125,1276.1800537109375,1279.2099609375,4685500000.0,Friday,March,-41.9400634765625,1306.268487548828,0.004310201897316901,0.0043009395825458095
2011-03-21,1281.6500244140625,1300.5799560546875,1281.6500244140625,1298.3800048828125,4223730000.0,Monday,March,-11.75,1304.0369873046875,0.014985846366661448,0.01487466793018228
2011-03-22,1298.2900390625,1299.3499755859375,1292.699951171875,1293.77001953125,3576550000.0,Tuesday,March,-28.0499267578125,1302.9534912109375,-0.003550567117658776,-0.0035568853410381704
2011-03-23,1292.18994140625,1300.510009765625,1284.050048828125,1297.5400390625,3842350000.0,Wednesday,March,-22.47998046875,1302.4604919433593,0.00291397966743423,0.002909742258502921
2011-03-24,1300.6099853515625,1311.3399658203125,1297.739990234375,1309.6600341796875,4223740000.0,Thursday,March,14.550048828125,1302.638494873047,0.009340748456551973,0.009297393435475379
2011-03-25,1311.800048828125,1319.1800537109375,1310.1500244140625,1313.800048828125,4223740000.0,Friday,March,9.52001953125,1302.3344970703124,0.003161136890789118,0.0031561510021889394
2011-03-28,1315.449951171875,1319.739990234375,1310.18994140625,1310.18994140625,3215170000.0,Monday,March,13.7999267578125,1301.4829956054687,-0.002747836267090409,-0.002751618499391395
2011-03-29,1309.3699951171875,1319.449951171875,1305.260009765625,1319.43994140625,3482580000.0,Tuesday,March,37.5699462890625,1302.138494873047,0.007060045042073693,0.007035239607301627
2011-03-30,1321.8900146484375,1331.739990234375,1321.8900146484375,1328.260009765625,3809570000.0,Wednesday,March,71.3800048828125,1303.1294982910156,0.006684706201916635,0.006662462626235184
2011-03-31,1327.43994140625,1329.77001953125,1325.030029296875,1325.8299560546875,3566270000.0,Thursday,March,52.1099853515625,1302.8724975585938,-0.0018295015230987977,-0.001831177104975248
2011-04-01,1329.47998046875,1337.8499755859375,1328.8900146484375,1332.4100341796875,4223740000.0,Friday,April,53.2000732421875,1303.435498046875,0.004962987972138233,0.004950712944456072
2011-04-04,1333.56005859375,1336.739990234375,1329.0999755859375,1332.8699951171875,4223740000.0,Monday,April,34.489990234375,1304.5724975585938,0.0003452097520288966,0.0003451501808517552
2011-04-05,1332.030029296875,1338.2099609375,1330.030029296875,1332.6300048828125,3852280000.0,Tuesday,April,38.8599853515625,1305.1130004882812,-0.0001800552456384663,-0.00018007145753026058
2011-04-06,1335.93994140625,1339.3800048828125,1331.0899658203125,1335.5400390625,4223740000.0,Wednesday,April,38.0,1305.8890014648437,0.002183677516658822,0.002181296758153027
2011-04-07,1334.8199462890625,1338.800048828125,1326.56005859375,1333.510009765625,4005600000.0,Thursday,April,23.8499755859375,1307.8090026855468,-0.0015200063176690204,-0.0015211626992252944
2011-04-08,1336.1600341796875,1339.4599609375,1322.93994140625,1328.1700439453125,3582810000.0,Friday,April,14.3699951171875,1309.0035034179687,-0.00400444374710851,-0.004012483000974196
2011-04-11,1329.010009765625,1333.77001953125,1321.06005859375,1324.4599609375,3478970000.0,Monday,April,14.27001953125,1310.407000732422,-0.0027933795260068894,-0.00279728829140217
2011-04-12,1321.9599609375,1321.9599609375,1309.510009765625,1314.1600341796875,4275490000.0,Tuesday,April,-5.2799072265625,1312.021502685547,-0.007776699229565143,-0.007807095445724583
2011-04-13,1314.030029296875,1321.3499755859375,1309.18994140625,1314.4100341796875,3850860000.0,Wednesday,April,-13.8499755859375,1314.8980041503905,0.00019023558280406583,0.0001902174903101045
2011-04-14,1311.1300048828125,1316.7900390625,1302.4200439453125,1314.52001953125,3872630000.0,Thursday,April,-11.3099365234375,1316.938006591797,8.367659155239515e-05,8.36730908616908e-05
2011-04-15,1314.5400390625,1322.8800048828125,1313.6800537109375,1319.6800537109375,4223740000.0,Friday,April,-12.72998046875,1318.9615112304687,0.003925413156908419,0.003917728825568014
2011-04-18,1313.3499755859375,1313.3499755859375,1294.699951171875,1305.1400146484375,4223740000.0,Monday,April,-27.72998046875,1319.29951171875,-0.011017851653977395,-0.011078997728577972
2011-04-19,1305.989990234375,1312.699951171875,1303.969970703125,1312.6199951171875,3886300000.0,Tuesday,April,-20.010009765625,1320.242010498047,0.00573117089721964,0.005714810218094469
2011-04-20,1319.1199951171875,1332.6600341796875,1319.1199951171875,1330.3599853515625,4236280000.0,Wednesday,April,-5.1800537109375,1321.8830078125,0.013514947433656221,0.013424435132347328
2011-04-21,1333.22998046875,1337.489990234375,1332.8299560546875,1337.3800048828125,3587240000.0,Thursday,April,3.8699951171875,1323.2690063476562,0.0052767819301140495,0.0052629084996557015
2011-04-22,1333.22998046875,1337.489990234375,1332.8299560546875,1337.3800048828125,3587240000.0,Friday,April,9.2099609375,1324.4480041503907,0.0,0.0
2011-04-25,1337.1400146484375,1337.550048828125,1331.469970703125,1335.25,2142130000.0,Monday,April,10.7900390625,1325.7010070800782,-0.0015926699031209024,-0.0015939395500958124
2011-04-26,1336.75,1349.550048828125,1336.75,1347.239990234375,3908060000.0,Tuesday,April,33.0799560546875,1327.0910095214845,0.008979584523029382,0.008939507790192994
2011-04-27,1348.4300537109375,1357.489990234375,1344.25,1355.6600341796875,4051570000.0,Wednesday,April,41.25,1328.4610107421875,0.006249847099511818,0.006230397799828821
2011-04-28,1353.8599853515625,1361.7099609375,1353.5999755859375,1360.47998046875,4036820000.0,Thursday,April,45.9599609375,1330.1935119628906,0.0035554240499382495,0.0035491184714345463
2011-04-29,1360.1400146484375,1364.56005859375,1358.68994140625,1363.6099853515625,3479070000.0,Friday,April,43.929931640625,1331.7535095214844,0.002300662213150728,0.002298019742020782
2011-05-02,1365.2099609375,1370.5799560546875,1358.5899658203125,1361.219970703125,3846250000.0,Monday,May,56.0799560546875,1333.1710083007813,-0.00175271131343413,-0.001754249109045456
2011-05-03,1359.760009765625,1360.8399658203125,1349.52001953125,1356.6199951171875,4223740000.0,Tuesday,May,44.0,1334.3705078125,-0.0033793036283190636,-0.0033850263710526606
2011-05-04,1355.9000244140625,1355.9000244140625,1341.5,1347.3199462890625,4223740000.0,Wednesday,May,16.9599609375,1334.9595031738281,-0.006855308680100647,-0.006878914252832363
2011-05-05,1344.1600341796875,1348.0,1329.1700439453125,1335.0999755859375,3846250000.0,Thursday,May,-2.280029296875,1335.0390014648438,-0.009069835815006422,-0.009111217180694528
2011-05-06,1340.239990234375,1354.3599853515625,1335.5799560546875,1340.199951171875,4223740000.0,Friday,May,2.8199462890625,1335.6404968261718,0.0038199203649145197,0.003812642995876722
2011-05-09,1340.199951171875,1349.43994140625,1338.6400146484375,1346.2900390625,4265250000.0,Monday,May,11.0400390625,1336.732000732422,0.004544163641626575,0.004533870101931407
2011-05-10,1348.3399658203125,1359.43994140625,1348.3399658203125,1357.1600341796875,4223740000.0,Tuesday,May,9.9200439453125,1338.8820007324218,0.008074036650198346,0.00804161600966336
2011-05-11,1354.510009765625,1354.510009765625,1336.3599853515625,1342.0799560546875,3846250000.0,Wednesday,May,-13.580078125,1340.2654968261718,-0.011111495877577093,-0.011173689687885626
2011-05-12,1339.3900146484375,1351.050048828125,1332.030029296875,1348.6500244140625,3777210000.0,Thursday,May,-11.8299560546875,1341.9719970703125,0.004895437361786659,0.004883493672167491
2011-05-13,1348.68994140625,1350.469970703125,1333.3599853515625,1337.77001953125,3426660000.0,Friday,May,-25.8399658203125,1342.8764953613281,-0.00806733006032423,-0.008100047045425269
2011-05-16,1334.77001953125,1343.3299560546875,1327.3199462890625,1329.469970703125,3846250000.0,Monday,May,-31.75,1344.0929931640626,-0.006204391417766519,-0.0062237186380957365
2011-05-17,1326.0999755859375,1330.4200439453125,1318.510009765625,1328.97998046875,4053970000.0,Tuesday,May,-27.6400146484375,1344.9109924316406,-0.0003685605881837972,-0.0003686285233300362
2011-05-18,1328.5400390625,1341.8199462890625,1326.5899658203125,1340.6800537109375,3922030000.0,Wednesday,May,-6.639892578125,1345.4269958496093,0.00880379946585852,0.008765271983703134
2011-05-19,1342.4000244140625,1346.8199462890625,1336.3599853515625,1343.5999755859375,3626110000.0,Thursday,May,8.5,1345.7379943847657,0.0021779408643529674,0.0021755725891674884
2011-05-20,1342.0,1342.0,1330.6700439453125,1333.27001953125,4066020000.0,Friday,May,-6.929931640625,1345.5324951171874,-0.007688267521873571,-0.007717974612614023
2011-05-23,1333.0699462890625,1333.0699462890625,1312.8800048828125,1317.3699951171875,3255580000.0,Monday,May,-28.9200439453125,1344.638494873047,-0.01192558460112425,-0.011997264840988668
2011-05-24,1317.699951171875,1323.719970703125,1313.8699951171875,1316.280029296875,3846250000.0,Tuesday,May,-40.8800048828125,1343.0904968261718,-0.0008273801774386635,-0.0008277226453314669
2011-05-25,1316.3599853515625,1325.8599853515625,1311.800048828125,1320.469970703125,4109670000.0,Wednesday,May,-21.6099853515625,1341.3309936523438,0.0031831687125787322,0.0031781131566695725
2011-05-26,1320.6400146484375,1328.510009765625,1314.4100341796875,1325.68994140625,3259470000.0,Thursday,May,-22.9600830078125,1339.5914916992188,0.0039531157988739185,0.003945322767699228
2011-05-27,1325.68994140625,1334.6199951171875,1325.68994140625,1331.0999755859375,3124560000.0,Friday,May,-6.6700439453125,1337.9659912109375,0.004080919686204165,0.004072615318765918
2011-05-30,1325.68994140625,1334.6199951171875,1325.68994140625,1331.0999755859375,3124560000.0,Monday,May,1.6300048828125,1336.4599914550781,0.0,0.0
2011-05-31,1331.0999755859375,1345.199951171875,1331.0999755859375,1345.199951171875,4696240000.0,Tuesday,May,16.219970703125,1335.8889892578125,0.010592724697279676,0.01053701485636789
2011-06-01,1345.199951171875,1345.199951171875,1313.7099609375,1314.550048828125,4241090000.0,Wednesday,June,-26.1300048828125,1334.2504943847657,-0.02278464425831217,-0.023048225700640405
2011-06-02,1314.550048828125,1318.030029296875,1305.6099853515625,1312.93994140625,3762170000.0,Thursday,June,-30.6600341796875,1333.1424926757813,-0.0012248353901096465,-0.001225586114047521
2011-06-03,1312.93994140625,1312.93994140625,1297.9000244140625,1300.1600341796875,3505030000.0,Friday,June,-33.1099853515625,1331.1404968261718,-0.009733809463420173,-0.00978149266519151
2011-06-06,1300.260009765625,1300.260009765625,1284.719970703125,1286.1700439453125,3555980000.0,Monday,June,-31.199951171875,1328.1344970703126,-0.010760206333523925,-0.010818516013722313
2011-06-07,1286.31005859375,1296.219970703125,1284.739990234375,1284.93994140625,3846250000.0,Tuesday,June,-31.340087890625,1324.5234924316405,-0.0009564073932939454,-0.0009568650426676839
2011-06-08,1284.6300048828125,1287.0400390625,1277.4200439453125,1279.56005859375,3970810000.0,Wednesday,June,-40.909912109375,1321.3974975585938,-0.004186874918536865,-0.0041956644216076975
2011-06-09,1279.6300048828125,1294.5400390625,1279.6300048828125,1289.0,3332510000.0,Thursday,June,-36.68994140625,1318.4149963378907,0.007377489898070522,0.007350409328991669
2011-06-10,1288.5999755859375,1288.5999755859375,1268.280029296875,1270.97998046875,3846250000.0,Friday,June,-60.1199951171875,1315.0754943847655,-0.013979844477308045,-0.014078482881846339
2011-06-13,1271.31005859375,1277.0400390625,1265.6400146484375,1271.8299560546875,4132520000.0,Monday,June,-59.27001953125,1312.1934936523437,0.0006687560771996282,0.0006685325595012269
2011-06-14,1272.219970703125,1292.5,1272.219970703125,1287.8699951171875,3500280000.0,Tuesday,June,-57.3299560546875,1310.1379943847655,0.012611779574887017,0.012532913485107313
2011-06-15,1287.8699951171875,1287.8699951171875,1261.9000244140625,1265.4200439453125,4070500000.0,Wednesday,June,-49.1300048828125,1306.3749938964843,-0.01743184580508239,-0.01758556950725801
2011-06-16,1265.530029296875,1274.1099853515625,1258.0699462890625,1267.6400146484375,3846250000.0,Thursday,June,-45.2999267578125,1302.5769958496094,0.0017543350239683786,0.0017527979756827483
2011-06-17,1268.5799560546875,1279.8199462890625,1267.4000244140625,1271.5,4916460000.0,Friday,June,-28.6600341796875,1299.4884948730469,0.003045016966140013,0.003040390291799793
2011-06-20,1271.5,1280.4200439453125,1267.56005859375,1278.3599853515625,3464660000.0,Monday,June,-7.81005859375,1297.5379943847656,0.005395190996116739,0.005380689090158733
2011-06-21,1278.4000244140625,1297.6199951171875,1278.4000244140625,1295.52001953125,4056150000.0,Tuesday,June,10.580078125,1296.4999938964843,0.013423475684721353,0.0133341790614636
2011-06-22,1295.47998046875,1298.6099853515625,1286.7900390625,1287.1400146484375,3718420000.0,Wednesday,June,7.5799560546875,1294.83349609375,-0.006468448774604507,-0.006489459844407726
2011-06-23,1286.5999755859375,1286.5999755859375,1262.8699951171875,1283.5,4983450000.0,Thursday,June,-5.5,1292.7239990234375,-0.002827986549257977,-0.002831992858193941
2011-06-24,1283.0400390625,1283.9300537109375,1267.239990234375,1268.449951171875,3665340000.0,Friday,June,-2.530029296875,1289.5914978027345,-0.011725787945559007,-0.011795077176858442
2011-06-27,1268.43994140625,1284.9100341796875,1267.530029296875,1280.0999755859375,3479070000.0,Monday,June,8.27001953125,1287.0414978027343,0.009184457300265958,0.009142536655730837
2011-06-28,1280.2099609375,1296.800048828125,1280.2099609375,1296.6700439453125,3681500000.0,Tuesday,June,8.800048828125,1284.6150024414062,0.012944354874931063,0.012861292735996777
2011-06-29,1296.8499755859375,1309.2099609375,1296.8499755859375,1307.4100341796875,4347540000.0,Wednesday,June,41.989990234375,1284.2580017089845,0.008282747245164312,0.008248633534913173
2011-06-30,1307.6400146484375,1321.969970703125,1307.6400146484375,1320.6400146484375,4200500000.0,Thursday,June,53.0,1284.6430053710938,0.01011922818616795,0.010068371595162745
2011-07-01,1320.6400146484375,1341.010009765625,1318.1800537109375,1339.6700439453125,3796930000.0,Friday,July,68.1700439453125,1286.618505859375,0.014409702179091433,0.014306869106082431
2011-07-04,1320.6400146484375,1341.010009765625,1318.1800537109375,1339.6700439453125,3796930000.0,Monday,July,61.31005859375,1289.293505859375,0.0,0.0
2011-07-05,1339.5899658203125,1340.8900146484375,1334.300048828125,1337.8800048828125,3722320000.0,Tuesday,July,42.3599853515625,1291.9405090332032,-0.0013361790618444669,-0.0013370725450782008
2011-07-06,1337.56005859375,1340.93994140625,1330.9200439453125,1339.219970703125,3564190000.0,Wednesday,July,52.0799560546875,1294.9235046386718,0.0010015590452223666,0.0010010578196052824
2011-07-07,1339.6199951171875,1356.47998046875,1339.6199951171875,1353.219970703125,4069530000.0,Thursday,July,69.719970703125,1298.134503173828,0.010453846497412655,0.010399582892092554
2011-07-08,1352.3900146484375,1352.3900146484375,1333.7099609375,1343.800048828125,3594360000.0,Friday,July,75.35009765625,1301.7755065917968,-0.006961116506509657,-0.006985458106936123
2011-07-11,1343.31005859375,1343.31005859375,1316.4200439453125,1319.489990234375,3879130000.0,Monday,July,39.3900146484375,1304.1585083007812,-0.01809053260189253,-0.018256166936573934
2011-07-12,1319.6099853515625,1327.1700439453125,1313.3299560546875,1313.6400146484375,4227890000.0,Tuesday,July,16.969970703125,1305.4470092773438,-0.004433512667192274,-0.004443369829837216
2011-07-13,1314.449951171875,1331.47998046875,1314.449951171875,1317.719970703125,4060080000.0,Wednesday,July,10.3099365234375,1308.0620056152343,0.003105840267646931,0.0031010271091221173
2011-07-14,1317.739990234375,1326.8800048828125,1306.510009765625,1308.8699951171875,4358570000.0,Thursday,July,-11.77001953125,1310.1235046386719,-0.0067161276923011215,-0.006738782369334765
2011-07-15,1308.8699951171875,1317.699951171875,1307.52001953125,1316.1400146484375,4242760000.0,Friday,July,-23.530029296875,1312.3555053710938,0.005554424471774233,0.005539055540283086
2011-07-18,1315.93994140625,1315.93994140625,1295.9200439453125,1305.43994140625,4118160000.0,Monday,July,-34.2301025390625,1313.7095031738281,-0.008129889770918997,-0.008163117539368405
2011-07-19,1307.0699462890625,1328.1400146484375,1307.0699462890625,1326.72998046875,4304600000.0,Tuesday,July,-11.1500244140625,1315.270001220703,0.01630870818887753,0.01617714964684356
2011-07-20,1328.6600341796875,1330.4300537109375,1323.6500244140625,1325.8399658203125,3767420000.0,Wednesday,July,-13.3800048828125,1317.2049987792968,-0.0006708332980633891,-0.0006710584073998067
2011-07-21,1325.6500244140625,1347.0,1325.6500244140625,1343.800048828125,4837430000.0,Thursday,July,-9.419921875,1320.2200012207031,0.013546192203295337,0.013455262786265243
2011-07-22,1343.800048828125,1346.0999755859375,1336.949951171875,1345.02001953125,3522830000.0,Friday,July,1.219970703125,1324.0485046386718,0.0009078513609139804,0.0009074395131127662
2011-07-25,1344.3199462890625,1344.3199462890625,1331.0899658203125,1337.4300537109375,3536890000.0,Monday,July,17.9400634765625,1326.9150085449219,-0.0056430132712504966,-0.005658995223243947
2011-07-26,1337.3900146484375,1338.510009765625,1329.5899658203125,1331.93994140625,4007050000.0,Tuesday,July,18.2999267578125,1328.6785034179688,-0.004104971538103408,-0.00411342006232854
2011-07-27,1331.9100341796875,1331.9100341796875,1303.489990234375,1304.8900146484375,3479040000.0,Wednesday,July,-12.8299560546875,1328.5525024414062,-0.020308668519432915,-0.02051772480729147
2011-07-28,1304.8399658203125,1316.3199462890625,1299.1600341796875,1300.6700439453125,4951800000.0,Thursday,July,-8.199951171875,1327.55400390625,-0.0032339665839667964,-0.0032392071555055867
2011-07-29,1300.1199951171875,1304.1600341796875,1282.8599853515625,1292.280029296875,5061190000.0,Friday,July,-23.8599853515625,1325.184503173828,-0.006450532698506817,-0.006471427287173138
2011-08-01,1292.5899658203125,1307.3800048828125,1274.72998046875,1286.93994140625,4967390000.0,Monday,August,-18.5,1322.547998046875,-0.004132299323336697,-0.004140860866230743
2011-08-02,1286.56005859375,1286.56005859375,1254.030029296875,1254.050048828125,5206290000.0,Tuesday,August,-72.679931640625,1318.3565002441405,-0.025556664705103427,-0.025888909190623945
2011-08-03,1254.25,1261.199951171875,1234.56005859375,1260.3399658203125,6446940000.0,Wednesday,August,-65.5,1314.4125,0.005015682586245518,0.0050031459527175165
2011-08-04,1260.22998046875,1260.22998046875,1199.5400390625,1200.0699462890625,4266530000.0,Thursday,August,-143.7301025390625,1306.7549987792968,-0.047820446201610634,-0.0490016550437416
2011-08-05,1200.280029296875,1218.1099853515625,1168.0899658203125,1199.3800048828125,5454590000.0,Friday,August,-145.6400146484375,1299.5339965820312,-0.0005749176607442452,-0.0005750829892724604
2011-08-08,1198.47998046875,1198.47998046875,1119.280029296875,1119.4599609375,2615150000.0,Monday,August,-217.9700927734375,1289.5324951171874,-0.06663446415643826,-0.06895836939262512
2011-08-09,1120.22998046875,1172.8800048828125,1101.5400390625,1172.530029296875,2366660000.0,Tuesday,August,-159.409912109375,1282.4769958496095,0.0474068481332115,0.04631744106338802
2011-08-10,1171.77001953125,1171.77001953125,1118.010009765625,1120.760009765625,5018070000.0,Wednesday,August,-184.1300048828125,1272.6289978027344,-0.04415240397919251,-0.04515679702747437
2011-08-11,1121.300048828125,1186.2900390625,1121.300048828125,1172.6400146484375,3685050000.0,Thursday,August,-128.030029296875,1265.8174987792968,0.04629002144148742,0.04525059436377155
2011-08-12,1172.8699951171875,1189.0400390625,1170.739990234375,1178.81005859375,5640380000.0,Friday,August,-113.469970703125,1258.9510009765625,0.00526166928318772,0.005247875067275939
2011-08-15,1178.8599853515625,1204.489990234375,1178.8599853515625,1204.489990234375,4272850000.0,Monday,August,-82.449951171875,1253.9035034179688,0.021784622088531824,0.021550727976033655
2011-08-16,1204.219970703125,1204.219970703125,1180.530029296875,1192.760009765625,5071600000.0,Tuesday,August,-61.2900390625,1247.2050048828125,-0.00973854541245922,-0.009786275177620173
2011-08-17,1192.8900146484375,1208.469970703125,1184.3599853515625,1193.8900146484375,4388340000.0,Wednesday,August,-66.449951171875,1240.6075073242187,0.0009473866272851073,0.0009469381398126654
2011-08-18,1189.6199951171875,1189.6199951171875,1131.030029296875,1140.6500244140625,3234810000.0,Thursday,August,-59.419921875,1230.4500061035155,-0.0445937143129993,-0.04561859893236344
2011-08-19,1140.469970703125,1154.5400390625,1122.050048828125,1123.530029296875,5167560000.0,Friday,August,-75.8499755859375,1219.375506591797,-0.015008981502439234,-0.015122756128207963
2011-08-22,1123.550048828125,1145.489990234375,1121.0899658203125,1123.8199462890625,5436260000.0,Monday,August,4.3599853515625,1208.695001220703,0.00025804116011829414,0.0002580078732242726
2011-08-23,1124.3599853515625,1162.3499755859375,1124.3599853515625,1162.3499755859375,5013170000.0,Tuesday,August,-10.1800537109375,1200.2155029296875,0.034284877594586316,0.03371024838647402
2011-08-24,1162.1600341796875,1178.56005859375,1156.300048828125,1177.5999755859375,5315310000.0,Wednesday,August,56.8399658203125,1193.8510009765625,0.013119972745138542,0.013034651368546804
2011-08-25,1176.68994140625,1190.6800537109375,1155.469970703125,1159.27001953125,5748420000.0,Thursday,August,-13.3699951171875,1186.7809997558593,-0.01556552007023193,-0.01568793473796148
2011-08-26,1158.8499755859375,1181.22998046875,1135.9100341796875,1176.800048828125,5035320000.0,Friday,August,-2.010009765625,1181.0070007324218,0.015121610152536658,0.015008418274915636
2011-08-29,1177.9100341796875,1210.280029296875,1177.9100341796875,1210.0799560546875,4228070000.0,Monday,August,5.5899658203125,1177.1640014648438,0.028280001568408375,0.027887505012164332
2011-08-30,1209.760009765625,1220.0999755859375,1195.77001953125,1212.9200439453125,4572570000.0,Tuesday,August,20.1600341796875,1175.1075012207032,0.002347024984931334,0.0023442750237692416
2011-08-31,1213.0,1230.7099609375,1209.3499755859375,1218.8900146484375,5267840000.0,Wednesday,August,25.0,1173.0350036621094,0.004921982065451136,0.004909908712070555
2011-09-01,1219.1199951171875,1229.2900390625,1203.8499755859375,1204.4200439453125,4780410000.0,Thursday,September,63.77001953125,1173.252508544922,-0.01187143263889856,-0.011942460792303735
2011-09-02,1203.9000244140625,1203.9000244140625,1170.56005859375,1173.969970703125,4401740000.0,Friday,September,50.43994140625,1171.9820068359375,-0.025281938303220453,-0.025607017291752767
2011-09-05,1203.9000244140625,1203.9000244140625,1170.56005859375,1173.969970703125,4401740000.0,Monday,September,50.1500244140625,1174.7075073242188,0.0,0.0
2011-09-06,1173.969970703125,1173.969970703125,1140.1300048828125,1165.239990234375,5103980000.0,Tuesday,September,2.8900146484375,1174.3430053710938,-0.007436289416773878,-0.007464076457609708
2011-09-07,1165.8499755859375,1198.6199951171875,1165.8499755859375,1198.6199951171875,4441040000.0,Wednesday,September,21.02001953125,1178.2360046386718,0.028646463529026667,0.028243824959147193
2011-09-08,1197.97998046875,1204.4000244140625,1183.3399658203125,1185.9000244140625,4465170000.0,Thursday,September,26.6300048828125,1178.8990051269532,-0.010612179635699603,-0.01066889038730246
2011-09-09,1185.3699951171875,1185.3699951171875,1148.3699951171875,1154.22998046875,4586370000.0,Friday,September,-22.570068359375,1177.6700012207032,-0.026705492278710663,-0.027068562510962152
2011-09-12,1153.5,1162.52001953125,1136.0699462890625,1162.27001953125,5168550000.0,Monday,September,-47.8099365234375,1175.5590026855468,0.006965716710316983,0.0069415681820229275
2011-09-13,1162.5899658203125,1176.4100341796875,1157.43994140625,1172.8699951171875,4681370000.0,Tuesday,September,-40.050048828125,1174.564501953125,0.00912006281484623,0.009078726180354301
2011-09-14,1173.3199462890625,1202.3800048828125,1162.72998046875,1188.6800537109375,4986740000.0,Wednesday,September,-30.2099609375,1174.30400390625,0.013479804803234297,0.013389760518230381
2011-09-15,1189.43994140625,1209.1099853515625,1189.43994140625,1209.1099853515625,4479730000.0,Thursday,September,4.68994140625,1177.727001953125,0.017187073659429952,0.01704104671810514
2011-09-16,1209.2099609375,1220.06005859375,1204.4599609375,1216.010009765625,5248890000.0,Friday,September,42.0400390625,1182.3510009765625,0.0057066970727697175,0.00569047556193546
2011-09-19,1214.989990234375,1214.989990234375,1188.3599853515625,1204.0899658203125,4254190000.0,Monday,September,30.1199951171875,1186.364501953125,-0.0098025870260805,-0.009850948688080358
2011-09-20,1204.5,1220.3900146484375,1201.2900390625,1202.0899658203125,4315610000.0,Tuesday,September,36.8499755859375,1188.3515014648438,-0.0016610054537223862,-0.0016623864527241425
2011-09-21,1203.6300048828125,1206.300048828125,1166.2099609375,1166.760009765625,4728550000.0,Wednesday,September,-31.8599853515625,1187.809503173828,-0.02939044252863232,-0.02983099508714744
2011-09-22,1164.550048828125,1164.550048828125,1114.219970703125,1129.56005859375,6703140000.0,Thursday,September,-56.3399658203125,1186.3240051269531,-0.031883121516435575,-0.032402456759229786
2011-09-23,1128.8199462890625,1141.719970703125,1121.3599853515625,1136.4300537109375,5639930000.0,Friday,September,-17.7999267578125,1184.3055053710937,0.006082009597382809,0.006063588829469748
2011-09-26,1136.9100341796875,1164.18994140625,1131.0699462890625,1162.949951171875,4762830000.0,Monday,September,0.679931640625,1181.9490051269531,0.023336145831710953,0.02306802129696945
2011-09-27,1163.3199462890625,1195.8599853515625,1163.3199462890625,1175.3800048828125,5548130000.0,Tuesday,September,2.510009765625,1180.072003173828,0.010688382331855317,0.010631665357294654
2011-09-28,1175.3900146484375,1184.7099609375,1150.4000244140625,1151.06005859375,4787920000.0,Wednesday,September,-37.6199951171875,1176.6805053710937,-0.020691134941917988,-0.02090819585269548
2011-09-29,1151.739990234375,1175.8699951171875,1139.9300537109375,1160.4000244140625,5285740000.0,Thursday,September,-48.7099609375,1174.4795043945312,0.008114229792425487,0.008081486435358656
2011-09-30,1159.9300537109375,1159.9300537109375,1131.3399658203125,1131.4200439453125,4416790000.0,Friday,September,-84.5899658203125,1172.3520080566407,-0.024974129488995245,-0.02529127447886567
2011-10-03,1131.2099609375,1138.989990234375,1098.9200439453125,1099.22998046875,5670340000.0,Monday,October,-104.8599853515625,1168.615008544922,-0.0284510281118181,-0.02886360290378494
2011-10-04,1097.4200439453125,1125.1199951171875,1074.77001953125,1123.949951171875,3714670000.0,Tuesday,October,-78.1400146484375,1166.5505065917969,0.022488442948566112,0.02223930613115467
2011-10-05,1124.030029296875,1146.0699462890625,1115.6800537109375,1144.030029296875,2510620000.0,Wednesday,October,-22.72998046875,1163.8210083007812,0.017865633700204997,0.017707918945510777
2011-10-06,1144.1099853515625,1165.550048828125,1134.949951171875,1164.969970703125,5098330000.0,Thursday,October,35.409912109375,1162.7745056152344,0.018303664125949304,0.018138168466480482
2011-10-07,1165.030029296875,1171.4000244140625,1150.260009765625,1155.4599609375,5580380000.0,Friday,October,19.0299072265625,1162.836004638672,-0.008163308930517088,-0.00819681118762265
2011-10-10,1158.1500244140625,1194.9100341796875,1158.1500244140625,1194.8900146484375,4446800000.0,Monday,October,31.9400634765625,1164.4670043945312,0.034124984892549115,0.033555643919288364
2011-10-11,1194.5999755859375,1199.239990234375,1187.300048828125,1195.5400390625,4424500000.0,Tuesday,October,20.1600341796875,1165.6005065917968,0.0005440035535435594,0.0005438556372526529
2011-10-12,1196.18994140625,1220.25,1196.18994140625,1207.25,5355360000.0,Wednesday,October,56.18994140625,1166.52900390625,0.009794704112697561,0.009747046937638061
2011-10-13,1206.9599609375,1207.4599609375,1190.5799560546875,1203.6600341796875,4436270000.0,Thursday,October,43.260009765625,1166.2565063476563,-0.002973672247100878,-0.0029781023951361333
2011-10-14,1205.6500244140625,1224.6099853515625,1205.6500244140625,1224.5799560546875,4116690000.0,Friday,October,93.159912109375,1166.6850036621095,0.01738025794738407,0.017230948802478146
2011-10-17,1224.469970703125,1224.469970703125,1198.550048828125,1200.8599853515625,4300700000.0,Monday,October,101.6300048828125,1166.523504638672,-0.019369883187983272,-0.01955993759944958
2011-10-18,1200.75,1233.0999755859375,1191.47998046875,1225.3800048828125,4840170000.0,Tuesday,October,101.4300537109375,1167.688006591797,0.020418716445174567,0.02021304938031121
2011-10-19,1223.4599609375,1229.6400146484375,1206.31005859375,1209.8800048828125,4846390000.0,Wednesday,October,65.8499755859375,1169.8440063476562,-0.01264913736003248,-0.012729818787026607
2011-10-20,1209.9200439453125,1219.530029296875,1197.3399658203125,1215.3900146484375,4870290000.0,Thursday,October,50.4200439453125,1174.1355041503907,0.0045541787147385104,0.004543839821084399
2011-10-21,1215.3900146484375,1239.030029296875,1215.3900146484375,1238.25,4980770000.0,Friday,October,82.7900390625,1179.2265014648438,0.01880876515031682,0.01863406749243458
2011-10-24,1238.719970703125,1256.550048828125,1238.719970703125,1254.18994140625,4309380000.0,Monday,October,59.2999267578125,1183.7885009765625,0.012872958939026846,0.012790806680371788
2011-10-25,1254.18994140625,1254.18994140625,1226.7900390625,1229.050048828125,4473970000.0,Tuesday,October,33.510009765625,1186.4720031738282,-0.02004472508361621,-0.020248346199382077
2011-10-26,1229.1700439453125,1246.280029296875,1221.06005859375,1242.0,4873530000.0,Wednesday,October,34.75,1191.0190002441407,0.010536553156824224,0.01048143054408723
2011-10-27,1243.969970703125,1292.6600341796875,1243.969970703125,1284.5899658203125,6367610000.0,Thursday,October,80.929931640625,1197.228497314453,0.034291437858544604,0.03371659116813434
2011-10-28,1284.3900146484375,1287.0799560546875,1277.010009765625,1285.0899658203125,4536690000.0,Friday,October,60.510009765625,1204.9119934082032,0.0003892292585989665,0.00038915352854135727
2011-10-31,1284.9599609375,1284.9599609375,1253.1600341796875,1253.300048828125,4310210000.0,Monday,October,52.4400634765625,1212.615496826172,-0.02473750308360323,-0.025048616612977612
2011-11-01,1251.0,1251.0,1215.4200439453125,1218.280029296875,5645540000.0,Tuesday,November,-7.0999755859375,1217.3320007324219,-0.027942247001422227,-0.02834005962159464
2011-11-02,1219.6199951171875,1242.47998046875,1219.6199951171875,1237.9000244140625,4110530000.0,Wednesday,November,28.02001953125,1222.0255004882813,0.016104667765514558,0.015976363304397206
2011-11-03,1238.25,1263.2099609375,1234.81005859375,1261.1500244140625,4849140000.0,Thursday,November,45.760009765625,1226.8345031738281,0.01878180753005876,0.018607607200930413
2011-11-04,1260.8199462890625,1260.8199462890625,1238.9200439453125,1253.22998046875,3830650000.0,Friday,November,14.97998046875,1231.7230041503906,-0.006280017279460592,-0.0062998195371895644
2011-11-07,1253.2099609375,1261.699951171875,1240.75,1261.1199951171875,3429740000.0,Monday,November,6.9300537109375,1235.0345031738282,0.006295743615618132,0.006276008211166596
2011-11-08,1261.1199951171875,1277.550048828125,1254.989990234375,1275.9200439453125,3908490000.0,Tuesday,November,46.8699951171875,1239.0535034179688,0.011735638864999398,0.011667310321725162
2011-11-09,1275.1800537109375,1275.1800537109375,1226.6400146484375,1229.0999755859375,4659740000.0,Wednesday,November,-12.9000244140625,1240.1460021972657,-0.036695142913972245,-0.037385347098988095
2011-11-10,1229.5899658203125,1246.219970703125,1227.699951171875,1239.699951171875,4002760000.0,Thursday,November,-44.8900146484375,1241.947998046875,0.008624176874533207,0.008587201099481741
2011-11-11,1240.1199951171875,1266.97998046875,1240.1199951171875,1263.8499755859375,3370180000.0,Friday,November,-21.239990234375,1243.9114990234375,0.019480539941325148,0.019293223004513554
2011-11-14,1263.8499755859375,1263.8499755859375,1246.6800537109375,1251.780029296875,3219680000.0,Monday,November,-1.52001953125,1246.457501220703,-0.009550141648312915,-0.009596036687554769
2011-11-15,1251.699951171875,1264.25,1244.3399658203125,1257.81005859375,3599300000.0,Tuesday,November,39.530029296875,1248.07900390625,0.004817163683512371,0.00480559827730043
2011-11-16,1257.81005859375,1259.6099853515625,1235.6700439453125,1236.9100341796875,4085010000.0,Wednesday,November,-0.989990234375,1249.4305053710937,-0.016616200730203312,-0.016755798341954984
2011-11-17,1236.56005859375,1237.72998046875,1209.4300537109375,1216.1300048828125,4596450000.0,Thursday,November,-45.02001953125,1249.4675048828126,-0.016799952076269054,-0.016942671987706433
2011-11-18,1216.18994140625,1223.510009765625,1211.3599853515625,1215.6500244140625,3827610000.0,Friday,November,-37.5799560546875,1248.3375061035156,-0.00039467858438069214,-0.0003947564904724282
2011-11-21,1215.6199951171875,1215.6199951171875,1183.1600341796875,1192.97998046875,4050070000.0,Monday,November,-68.1400146484375,1245.2770080566406,-0.018648495446902502,-0.01882457110494877
2011-11-22,1192.97998046875,1196.81005859375,1181.6500244140625,1188.0400390625,3911710000.0,Tuesday,November,-87.8800048828125,1243.2265075683595,-0.004140841830647446,-0.004149438857005794
2011-11-23,1187.47998046875,1187.47998046875,1161.7900390625,1161.7900390625,3798940000.0,Wednesday,November,-67.3099365234375,1239.2160095214845,-0.02209521492281885,-0.02234297045859626
2011-11-24,1187.47998046875,1187.47998046875,1161.7900390625,1161.7900390625,3798940000.0,Thursday,November,-77.909912109375,1233.0760131835937,0.0,0.0
2011-11-25,1161.4100341796875,1172.6600341796875,1158.6600341796875,1158.6700439453125,1664200000.0,Friday,November,-105.179931640625,1226.7550170898437,-0.002685506857766806,-0.0026891193002505226
2011-11-28,1158.6700439453125,1197.3499755859375,1158.6700439453125,1192.550048828125,3920750000.0,Monday,November,-59.22998046875,1223.7175170898438,0.029240425313361795,0.028821079038609924
2011-11-29,1192.56005859375,1203.6700439453125,1191.800048828125,1195.18994140625,3992650000.0,Tuesday,November,-62.6201171875,1222.5630126953124,0.002213653490450218,0.0022112069693969918
2011-11-30,1196.719970703125,1247.1099853515625,1196.719970703125,1246.9599609375,5801910000.0,Wednesday,November,10.0499267578125,1223.0160095214844,0.0433153072475978,0.04240343833622763
2011-12-01,1246.9100341796875,1251.0899658203125,1239.72998046875,1244.5799560546875,3818680000.0,Thursday,December,28.449951171875,1222.1875061035157,-0.0019086457924624156,-0.0019104695778526483
2011-12-02,1246.030029296875,1260.0799560546875,1243.3499755859375,1244.280029296875,4144310000.0,Friday,December,28.6300048828125,1221.740008544922,-0.00024098633145541726,-0.00024101537332728125
2011-12-05,1244.3299560546875,1266.72998046875,1244.3299560546875,1257.0799560546875,4148060000.0,Monday,December,64.0999755859375,1221.5380065917968,0.010287014543699957,0.010234463299265799
2011-12-06,1257.18994140625,1266.030029296875,1253.030029296875,1258.469970703125,3734230000.0,Tuesday,December,70.429931640625,1220.6655029296876,0.0011057487964409862,0.0011051379065262915
2011-12-07,1258.1400146484375,1267.06005859375,1244.800048828125,1261.010009765625,4160540000.0,Wednesday,December,99.219970703125,1222.261004638672,0.002018354924337773,0.0020163207826575202
2011-12-08,1260.8699951171875,1260.8699951171875,1231.469970703125,1234.3499755859375,4298370000.0,Thursday,December,72.5599365234375,1221.993505859375,-0.02114181011508598,-0.021368498950929855
2011-12-09,1234.47998046875,1258.25,1234.47998046875,1255.18994140625,3830610000.0,Friday,December,96.5198974609375,1221.5605041503907,0.01688335256005491,0.016742412907085384
2011-12-12,1255.050048828125,1255.050048828125,1227.25,1236.469970703125,3600570000.0,Monday,December,43.919921875,1220.7950012207032,-0.014914054108935981,-0.01502638690477899
2011-12-13,1236.8299560546875,1249.8599853515625,1219.4300537109375,1225.72998046875,4121570000.0,Tuesday,December,30.5400390625,1219.1909973144532,-0.00868600976072853,-0.008723953020305214
2011-12-14,1225.72998046875,1225.72998046875,1209.469970703125,1211.8199462890625,4298290000.0,Wednesday,December,-35.1400146484375,1217.9364929199219,-0.01134836742295231,-0.01141325149713759
2011-12-15,1212.1199951171875,1225.5999755859375,1212.1199951171875,1215.75,3810340000.0,Thursday,December,-28.8299560546875,1217.9174926757812,0.0032431003656709922,0.003237852858081692
2011-12-16,1216.0899658203125,1231.0400390625,1215.199951171875,1219.6600341796875,5345800000.0,Friday,December,-24.6199951171875,1218.1179931640625,0.0032161498496299235,0.003210989101900451
2011-12-19,1219.739990234375,1224.5699462890625,1202.3699951171875,1205.3499755859375,3659820000.0,Monday,December,-51.72998046875,1218.7364929199218,-0.011732825699560245,-0.011802198458557732
2011-12-20,1205.719970703125,1242.8199462890625,1205.719970703125,1241.300048828125,4055590000.0,Tuesday,December,-17.169921875,1221.3994934082032,0.029825423296426123,0.029389295930944068
2011-12-21,1241.25,1245.0899658203125,1229.510009765625,1243.719970703125,2959020000.0,Wednesday,December,-17.2900390625,1225.4959899902344,0.0019495059855065833,0.001947608164854339
2011-12-22,1243.719970703125,1255.219970703125,1243.719970703125,1254.0,3492250000.0,Thursday,December,19.6500244140625,1230.1064880371093,0.008265549753183832,0.008231577169829831
2011-12-23,1254.0,1265.4200439453125,1254.0,1265.3299560546875,2233830000.0,Friday,December,10.1400146484375,1235.4394836425781,0.009035052675189448,0.008994480783105519
2011-12-26,1254.0,1265.4200439453125,1254.0,1265.3299560546875,2233830000.0,Monday,December,28.8599853515625,1239.0784790039063,0.0,0.0
2011-12-27,1265.02001953125,1269.3699951171875,1262.300048828125,1265.4300537109375,2130590000.0,Tuesday,December,39.7000732421875,1242.5904846191406,7.9107947907886e-05,7.910481903918606e-05
2011-12-28,1265.3800048828125,1265.8499755859375,1248.6400146484375,1249.6400146484375,2349980000.0,Wednesday,December,37.820068359375,1242.7244873046875,-0.0124780022540123,-0.012556506256502386
2011-12-29,1249.75,1263.5400390625,1249.75,1263.02001953125,2278130000.0,Thursday,December,47.27001953125,1243.6464904785157,0.01070708742195392,0.010650172463280615
2011-12-30,1262.8199462890625,1264.1199951171875,1257.4599609375,1257.5999755859375,2271850000.0,Friday,December,37.93994140625,1244.3124877929688,-0.0042913365279230176,-0.004300570740064627
2012-01-02,1262.8199462890625,1264.1199951171875,1257.4599609375,1257.5999755859375,2271850000.0,Monday,January,52.25,1244.3384887695313,0.0,0.0
2012-01-03,1258.8599853515625,1284.6199951171875,1258.8599853515625,1277.06005859375,3943710000.0,Tuesday,January,35.760009765625,1245.2679931640625,0.015473984880403524,0.015355483670177897
2012-01-04,1277.030029296875,1278.72998046875,1268.0999755859375,1277.300048828125,3592580000.0,Wednesday,January,33.580078125,1246.0824951171876,0.00018792399994027598,0.00018790634443729306
2012-01-05,1277.300048828125,1283.050048828125,1265.260009765625,1281.06005859375,4315950000.0,Thursday,January,27.06005859375,1248.4179992675781,0.002943716919978634,0.002939392669493865
2012-01-06,1280.9300537109375,1281.8399658203125,1273.3399658203125,1277.81005859375,3656830000.0,Friday,January,12.4801025390625,1249.549005126953,-0.002536961462655807,-0.0025401850025391333
2012-01-09,1277.8299560546875,1281.989990234375,1274.550048828125,1280.699951171875,3371600000.0,Monday,January,15.3699951171875,1251.7605041503907,0.0022615979258335805,0.0022590443626086362
2012-01-10,1280.77001953125,1296.4599609375,1280.77001953125,1292.0799560546875,4221960000.0,Tuesday,January,26.64990234375,1255.0780029296875,0.00888576974833133,0.0088465236130604
2012-01-11,1292.02001953125,1293.800048828125,1285.4100341796875,1292.47998046875,3968120000.0,Wednesday,January,42.8399658203125,1259.1110046386718,0.0003095972599744812,0.00030954934463217333
2012-01-12,1292.47998046875,1296.8199462890625,1285.77001953125,1295.5,4019890000.0,Thursday,January,32.47998046875,1263.0985046386718,0.002336608362904613,0.0023338827385691882
2012-01-13,1294.8199462890625,1294.8199462890625,1277.5799560546875,1289.0899658203125,3692370000.0,Friday,January,31.489990234375,1266.570001220703,-0.004947922948427275,-0.004960204447869401
2012-01-16,1294.8199462890625,1294.8199462890625,1277.5799560546875,1289.0899658203125,3692370000.0,Monday,January,31.489990234375,1270.7570007324218,0.0,0.0
2012-01-17,1290.219970703125,1303.0,1290.219970703125,1293.6700439453125,4010490000.0,Tuesday,January,16.6099853515625,1273.3755004882812,0.003552954600872571,0.003546657768174128
2012-01-18,1293.6500244140625,1308.1099853515625,1290.989990234375,1308.0400390625,4096160000.0,Wednesday,January,30.739990234375,1276.59150390625,0.011107929092462498,0.011046689130222281
2012-01-19,1308.0699462890625,1315.489990234375,1308.0699462890625,1314.5,4465890000.0,Thursday,January,33.43994140625,1279.61650390625,0.004938656879440728,0.004926501717244016
2012-01-20,1314.489990234375,1315.3800048828125,1309.1700439453125,1315.3800048828125,3912620000.0,Friday,January,37.5699462890625,1282.1190063476563,0.0006694597815233294,0.0006692357932856269
2012-01-23,1315.2900390625,1322.280029296875,1309.8900146484375,1316.0,3770910000.0,Monday,January,35.300048828125,1284.6525085449218,0.00047134296924533636,0.0004712319220408503
2012-01-24,1315.9599609375,1315.9599609375,1306.06005859375,1314.6500244140625,3693560000.0,Tuesday,January,22.570068359375,1287.113507080078,-0.00102581731454221,-0.0010263438252235968
2012-01-25,1314.4000244140625,1328.300048828125,1307.6500244140625,1326.06005859375,4410910000.0,Wednesday,January,33.580078125,1290.9345092773438,0.008679141952454561,0.008641694717196025
2012-01-26,1326.280029296875,1333.469970703125,1313.5999755859375,1318.4300537109375,4522070000.0,Thursday,January,22.9300537109375,1293.705010986328,-0.005753890884025226,-0.005770508287989055
2012-01-27,1318.25,1320.06005859375,1311.719970703125,1316.3299560546875,4007380000.0,Friday,January,27.239990234375,1296.6415100097656,-0.0015928775670267514,-0.0015941475452909452
2012-01-30,1316.1600341796875,1316.1600341796875,1300.489990234375,1313.010009765625,3659010000.0,Monday,January,23.9200439453125,1299.41201171875,-0.0025221231757218687,-0.0025253090863453726
2012-01-31,1313.530029296875,1321.4100341796875,1306.68994140625,1312.4100341796875,4235550000.0,Tuesday,January,18.739990234375,1301.179510498047,-0.0004569466961219515,-0.0004570511280779364
2012-02-01,1312.449951171875,1330.52001953125,1312.449951171875,1324.0899658203125,4504360000.0,Wednesday,February,16.0499267578125,1303.5190063476562,0.008899605562620927,0.008860237474265962
2012-02-02,1324.239990234375,1329.18994140625,1321.5699462890625,1325.5400390625,4120920000.0,Thursday,February,11.0400390625,1305.7430053710937,0.0010951470667548424,0.0010945478306671234
2012-02-03,1326.2099609375,1345.3399658203125,1326.2099609375,1344.9000244140625,4608550000.0,Friday,February,29.52001953125,1309.0975036621094,0.014605356896842503,0.014499725948107648
2012-02-06,1344.3199462890625,1344.3599853515625,1337.52001953125,1344.3299560546875,3379700000.0,Monday,February,28.3299560546875,1312.27900390625,-0.0004238741534883239,-0.0004239640135311185
2012-02-07,1344.3299560546875,1349.239990234375,1335.9200439453125,1347.050048828125,3742460000.0,Tuesday,February,32.4000244140625,1315.0275085449218,0.00202338180532724,0.0020213375254701533
2012-02-08,1347.0400390625,1351.0,1341.949951171875,1349.9599609375,4096730000.0,Wednesday,February,23.89990234375,1317.9015075683594,0.0021602108339675574,0.0021578809333250354
2012-02-09,1349.969970703125,1354.3199462890625,1344.6300048828125,1351.949951171875,4209890000.0,Thursday,February,33.5198974609375,1320.7240051269532,0.0014741105602813498,0.0014730251258786603
2012-02-10,1351.2099609375,1351.2099609375,1337.3499755859375,1342.6400146484375,3877580000.0,Friday,February,26.31005859375,1323.4015075683594,-0.006886302644093845,-0.006910122643616179
2012-02-13,1343.06005859375,1353.3499755859375,1343.06005859375,1351.77001953125,3618040000.0,Monday,February,38.760009765625,1326.5355102539063,0.006800039312997219,0.006777023326497382
2012-02-14,1351.300048828125,1351.300048828125,1340.8299560546875,1350.5,3889520000.0,Tuesday,February,38.0899658203125,1329.3770080566405,-0.0009395233752043097,-0.0009399650039259267
2012-02-15,1350.52001953125,1355.8699951171875,1340.800048828125,1343.22998046875,4080340000.0,Wednesday,February,19.1400146484375,1331.1365051269531,-0.0053832058728249255,-0.005397747536216691
2012-02-16,1342.6099853515625,1359.02001953125,1341.219970703125,1358.0400390625,4108880000.0,Thursday,February,32.5,1333.3135070800781,0.01102570580548079,0.010965365833276902
2012-02-17,1358.06005859375,1363.4000244140625,1357.239990234375,1361.22998046875,3717640000.0,Friday,February,16.3299560546875,1335.606005859375,0.0023489303072772305,0.0023461758829402962
2012-02-20,1358.06005859375,1363.4000244140625,1357.239990234375,1361.22998046875,3717640000.0,Monday,February,16.9000244140625,1337.8675048828125,0.0,0.0
2012-02-21,1361.219970703125,1367.760009765625,1358.1099853515625,1362.2099609375,3795200000.0,Tuesday,February,15.159912109375,1340.2455017089844,0.000719922777789872,0.0007196637576957368
2012-02-22,1362.1099853515625,1362.699951171875,1355.530029296875,1357.6600341796875,3633710000.0,Wednesday,February,7.7000732421875,1341.8255004882812,-0.0033401068031253534,-0.0033456974121455286
2012-02-23,1357.530029296875,1364.239990234375,1352.280029296875,1363.4599609375,3786450000.0,Thursday,February,11.510009765625,1344.0769958496094,0.004272002277298181,0.00426290318060624
2012-02-24,1363.4599609375,1368.9200439453125,1363.4599609375,1365.739990234375,3505360000.0,Friday,February,23.0999755859375,1346.5474975585937,0.0016722378083675604,0.001670841175508428
2012-02-27,1365.199951171875,1371.93994140625,1354.9200439453125,1367.5899658203125,3648890000.0,Monday,February,15.8199462890625,1349.2764953613282,0.0013545591394890089,0.0013536425518792066
2012-02-28,1367.56005859375,1373.0899658203125,1365.969970703125,1372.1800537109375,3579120000.0,Tuesday,February,21.6800537109375,1352.2649963378906,0.0033563334079245166,0.0033507134923147753
2012-02-29,1372.199951171875,1378.0400390625,1363.81005859375,1365.6800537109375,4482370000.0,Wednesday,February,22.4500732421875,1354.344500732422,-0.0047369876733168725,-0.004748242756953383
2012-03-01,1365.9000244140625,1376.1700439453125,1365.9000244140625,1374.0899658203125,3919240000.0,Thursday,March,16.0499267578125,1356.7719970703124,0.006158039788692005,0.006139156544532941
2012-03-02,1374.0899658203125,1374.530029296875,1366.4200439453125,1369.6300048828125,3283490000.0,Friday,March,8.4000244140625,1358.00849609375,-0.003245756135652589,-0.0032510350278581205
2012-03-05,1369.5899658203125,1369.5899658203125,1359.1300048828125,1364.3299560546875,3429480000.0,Monday,March,3.0999755859375,1359.00849609375,-0.003869693865664492,-0.0038772005028211405
2012-03-06,1363.6300048828125,1363.6300048828125,1340.030029296875,1343.3599853515625,4191060000.0,Tuesday,March,-18.8499755859375,1358.823992919922,-0.015370160722531612,-0.015489506127544145
2012-03-07,1343.3900146484375,1354.8499755859375,1343.3900146484375,1352.6300048828125,3580380000.0,Wednesday,March,-5.030029296875,1358.9574951171876,0.0069006220464606915,0.006876921722994126
2012-03-08,1352.6500244140625,1368.719970703125,1352.6500244140625,1365.9100341796875,3543060000.0,Thursday,March,2.4500732421875,1359.655499267578,0.009817931917032618,0.009770049174722241
2012-03-09,1365.969970703125,1374.760009765625,1365.969970703125,1370.8699951171875,3639470000.0,Friday,March,5.1300048828125,1361.0669982910156,0.0036312500921620305,0.0036246730207315234
2012-03-12,1370.780029296875,1373.0400390625,1366.68994140625,1371.0899658203125,3081870000.0,Monday,March,3.5,1362.0329956054688,0.00016046065922270536,0.00016044778678812074
2012-03-13,1371.9200439453125,1396.1300048828125,1371.9200439453125,1395.949951171875,4386470000.0,Tuesday,March,23.7698974609375,1364.3054931640625,0.018131549330308916,0.017969133090434228
2012-03-14,1395.949951171875,1399.4200439453125,1389.969970703125,1394.280029296875,4502280000.0,Wednesday,March,28.5999755859375,1366.8579956054687,-0.0011962619960680376,-0.0011969780885961415
2012-03-15,1394.1700439453125,1402.6300048828125,1392.780029296875,1402.5999755859375,4271650000.0,Thursday,March,28.510009765625,1369.0859924316405,0.005967198922915307,0.0059494657015602215
2012-03-16,1402.550048828125,1405.8800048828125,1401.469970703125,1404.1700439453125,5163950000.0,Friday,March,34.5400390625,1371.2329956054687,0.0011193985360786751,0.0011187724767004654
2012-03-19,1404.1700439453125,1414.0,1402.4300537109375,1409.75,3932570000.0,Monday,March,45.4200439453125,1373.6589965820312,0.00397384638616094,0.003965971514071157
2012-03-20,1409.5899658203125,1409.5899658203125,1397.6800537109375,1405.52001953125,3695280000.0,Tuesday,March,62.1600341796875,1375.8244995117188,-0.003000518154814724,-0.003005028734390367
2012-03-21,1405.52001953125,1407.75,1400.6400146484375,1402.8900146484375,3573590000.0,Wednesday,March,50.260009765625,1378.0859985351562,-0.0018711970276237277,-0.0018729499037742287
2012-03-22,1402.8900146484375,1402.8900146484375,1388.72998046875,1392.780029296875,3740590000.0,Thursday,March,26.8699951171875,1379.552001953125,-0.0072065416718331,-0.007232634226897842
2012-03-23,1392.780029296875,1399.1800537109375,1386.8699951171875,1397.1099853515625,3472950000.0,Friday,March,26.239990234375,1381.1205017089844,0.003108858515779689,0.0031040360075561585
2012-03-26,1397.1099853515625,1416.5799560546875,1397.1099853515625,1416.510009765625,3576950000.0,Monday,March,45.4200439453125,1383.56650390625,0.013885824750712539,0.013790299964088289
2012-03-27,1416.550048828125,1419.1500244140625,1411.949951171875,1412.52001953125,3513640000.0,Tuesday,March,16.570068359375,1385.5835021972657,-0.0028167751776319028,-0.002820749754246321
2012-03-28,1412.52001953125,1413.6500244140625,1397.199951171875,1405.5400390625,3892800000.0,Wednesday,March,11.260009765625,1387.5765014648437,-0.00494150905632218,-0.004953758683289016
2012-03-29,1405.3900146484375,1405.3900146484375,1391.56005859375,1403.280029296875,3832000000.0,Thursday,March,0.6800537109375,1389.0360046386718,-0.001607929836799582,-0.0016092239433873861
2012-03-30,1403.31005859375,1410.8900146484375,1401.4200439453125,1408.469970703125,3676890000.0,Friday,March,4.2999267578125,1390.9780029296876,0.0036984360198231148,0.003691613621621361
2012-04-02,1408.469970703125,1422.3800048828125,1404.4599609375,1419.0400390625,3572010000.0,Monday,April,9.2900390625,1393.7135070800782,0.007504645877610239,0.007476626120982405
2012-04-03,1418.97998046875,1419.0,1404.6199951171875,1413.3800048828125,3822090000.0,Tuesday,April,7.8599853515625,1397.2145080566406,-0.003988635996082901,-0.003996611820141247
2012-04-04,1413.0899658203125,1413.0899658203125,1394.0899658203125,1398.9599609375,3938290000.0,Wednesday,April,-3.9300537109375,1399.531005859375,-0.010202524371008104,-0.010254926852538038
2012-04-05,1398.7900390625,1401.5999755859375,1392.9200439453125,1398.0799560546875,3303740000.0,Thursday,April,5.2999267578125,1401.139501953125,-0.0006290422223540482,-0.0006292401524213991
2012-04-06,1398.7900390625,1401.5999755859375,1392.9200439453125,1398.0799560546875,3303740000.0,Friday,April,0.969970703125,1402.5,0.0,0.0
2012-04-09,1397.449951171875,1397.449951171875,1378.239990234375,1382.199951171875,3468980000.0,Monday,April,-34.31005859375,1403.0554992675782,-0.011358438273891824,-0.011423437999542612
2012-04-10,1382.1800537109375,1383.010009765625,1357.3800048828125,1358.5899658203125,4631730000.0,Tuesday,April,-53.9300537109375,1401.1875,-0.017081454337735447,-0.017229025277185804
2012-04-11,1358.97998046875,1374.7099609375,1358.97998046875,1368.7099609375,3743040000.0,Wednesday,April,-36.830078125,1399.9089965820312,0.007448895819775148,0.007421289800123757
2012-04-12,1368.77001953125,1388.1300048828125,1368.77001953125,1387.5699462890625,3618280000.0,Thursday,April,-15.7100830078125,1399.1574951171874,0.013779387810288313,0.013685315235975748
2012-04-13,1387.6099853515625,1387.6099853515625,1369.8499755859375,1370.260009765625,3631160000.0,Friday,April,-38.2099609375,1397.4619934082032,-0.012475001040294531,-0.012553467125056119
2012-04-16,1370.27001953125,1379.6600341796875,1365.3800048828125,1369.5699462890625,3574780000.0,Monday,April,-49.4700927734375,1395.4529907226563,-0.000503600390907244,-0.0005037272401734527
2012-04-17,1369.5699462890625,1392.760009765625,1369.5699462890625,1390.780029296875,3456200000.0,Tuesday,April,-22.5999755859375,1394.7159912109375,0.015486673802446171,0.015367979157954645
2012-04-18,1390.780029296875,1390.780029296875,1383.2900390625,1385.1400146484375,3463140000.0,Wednesday,April,-13.8199462890625,1393.8284912109375,-0.004055288780130728,-0.004063533761746023
2012-04-19,1385.0799560546875,1390.4599609375,1370.300048828125,1376.9200439453125,4180020000.0,Thursday,April,-21.159912109375,1393.0354919433594,-0.005934396967956612,-0.005952075477202332
2012-04-20,1376.9599609375,1387.4000244140625,1376.9599609375,1378.530029296875,3833320000.0,Friday,April,-19.5499267578125,1392.106494140625,0.0011692656800530443,0.0011685826213373295
2012-04-23,1378.530029296875,1378.530029296875,1358.7900390625,1366.93994140625,3654860000.0,Monday,April,-15.260009765625,1389.6279907226562,-0.008407570124922548,-0.008443113102887432
2012-04-24,1366.969970703125,1375.5699462890625,1366.8199462890625,1371.969970703125,3617100000.0,Tuesday,April,13.3800048828125,1387.60048828125,0.003679773444691614,0.003673019641628904
2012-04-25,1372.1099853515625,1391.3699951171875,1372.1099853515625,1390.68994140625,3998430000.0,Wednesday,April,21.97998046875,1386.8579833984375,0.013644592157896263,0.0135523428987414
2012-04-26,1390.6400146484375,1402.0899658203125,1387.280029296875,1399.97998046875,4034700000.0,Thursday,April,12.4100341796875,1386.6929809570313,0.006680165568110796,0.006657952133507798
2012-04-27,1400.18994140625,1406.6400146484375,1397.31005859375,1403.3599853515625,3645830000.0,Friday,April,33.0999755859375,1386.437481689453,0.002414323726029899,0.002411413929023093
2012-04-30,1403.260009765625,1403.260009765625,1394.0,1397.9100341796875,3574010000.0,Monday,April,28.340087890625,1385.3809814453125,-0.0038835019016946193,-0.0038910622753696145
2012-05-01,1397.8599853515625,1415.3199462890625,1395.72998046875,1405.8199462890625,3807950000.0,Tuesday,May,15.0399169921875,1385.002978515625,0.005658384242170911,0.005642435719684134
2012-05-02,1405.5,1405.5,1393.9200439453125,1402.31005859375,3803860000.0,Wednesday,May,17.1700439453125,1385.1704833984375,-0.002496683664631072,-0.0024998055766587628
2012-05-03,1402.3199462890625,1403.0699462890625,1388.7099609375,1391.5699462890625,4004910000.0,Thursday,May,14.64990234375,1384.8449829101562,-0.0076588713308223255,-0.0076883511035068415
2012-05-04,1391.510009765625,1391.510009765625,1367.9599609375,1369.0999755859375,3975140000.0,Friday,May,-9.4300537109375,1383.3959838867188,-0.016147208958519288,-0.016278995721590046
2012-05-07,1368.7900390625,1373.9100341796875,1363.93994140625,1369.5799560546875,3559390000.0,Monday,May,2.6400146484375,1382.7649841308594,0.00035058102206497743,0.000350519582897646
2012-05-08,1369.1600341796875,1369.1600341796875,1347.75,1363.719970703125,4261670000.0,Tuesday,May,-8.25,1383.021484375,-0.004278673417828949,-0.004287853134969311
2012-05-09,1363.199951171875,1363.72998046875,1343.1300048828125,1354.5799560546875,4288540000.0,Wednesday,May,-36.1099853515625,1382.3149841308593,-0.006702266480503982,-0.006724827531781949
2012-05-10,1354.5799560546875,1365.8800048828125,1354.5799560546875,1357.989990234375,3727990000.0,Thursday,May,-41.989990234375,1380.835986328125,0.002517410777005402,0.0025142474063852525
2012-05-11,1358.1099853515625,1365.6600341796875,1348.8900146484375,1353.3900146484375,3869070000.0,Friday,May,-49.969970703125,1379.9924865722655,-0.0033873413051768164,-0.0033930913342817433
2012-05-14,1351.9300537109375,1351.9300537109375,1336.6099853515625,1338.3499755859375,3688120000.0,Monday,May,-59.56005859375,1378.4314880371094,-0.01111286391927968,-0.011175073102338487
2012-05-15,1338.3599853515625,1344.93994140625,1328.4100341796875,1330.6600341796875,4114040000.0,Tuesday,May,-75.159912109375,1375.42548828125,-0.005745837446504476,-0.005762408276502476
2012-05-16,1330.780029296875,1341.780029296875,1324.7900390625,1324.800048828125,4280420000.0,Wednesday,May,-77.510009765625,1372.4084899902343,-0.004403818556987793,-0.0044135439289479245
2012-05-17,1324.8199462890625,1326.3599853515625,1304.8599853515625,1304.8599853515625,4664280000.0,Thursday,May,-86.7099609375,1368.805487060547,-0.015051375861739213,-0.015165797405604461
2012-05-18,1305.050048828125,1312.239990234375,1291.97998046875,1295.219970703125,4512470000.0,Friday,May,-73.8800048828125,1364.6399841308594,-0.007387777046316768,-0.007415201826754865
2012-05-21,1295.72998046875,1316.3900146484375,1295.72998046875,1315.989990234375,3786750000.0,Monday,May,-53.5899658203125,1362.0924865722657,0.016035901237667627,0.01590868439583931
2012-05-22,1316.0899658203125,1328.489990234375,1310.0400390625,1316.6300048828125,4123680000.0,Tuesday,May,-47.0899658203125,1359.32548828125,0.0004863370186602989,0.00048621879514186843
2012-05-23,1316.02001953125,1320.7099609375,1296.530029296875,1318.8599853515625,4108330000.0,Wednesday,May,-35.719970703125,1355.7339904785156,0.0016937032123527374,0.001692270514548765
2012-05-24,1318.719970703125,1324.1400146484375,1310.5,1320.6800537109375,3937670000.0,Thursday,May,-37.3099365234375,1351.768994140625,0.001380031526917458,0.0013790801585880884
2012-05-25,1320.81005859375,1324.199951171875,1314.22998046875,1317.8199462890625,2872660000.0,Friday,May,-35.570068359375,1347.4919921875,-0.002165632329979128,-0.002167980702760717
2012-05-28,1320.81005859375,1324.199951171875,1314.22998046875,1317.8199462890625,2872660000.0,Monday,May,-20.530029296875,1343.4874877929688,0.0,0.0
2012-05-29,1318.9000244140625,1334.9300537109375,1318.9000244140625,1332.4200439453125,3441640000.0,Tuesday,May,1.760009765625,1339.8174926757813,0.011078977592776207,0.01101805527882847
2012-05-30,1331.25,1331.25,1310.760009765625,1313.3199462890625,3534290000.0,Wednesday,May,-11.4801025390625,1335.367987060547,-0.014334892170861036,-0.014438629304797283
2012-05-31,1313.0899658203125,1319.739990234375,1298.9000244140625,1310.3299560546875,4557620000.0,Thursday,May,5.469970703125,1331.3059875488282,-0.0022766655169013106,-0.0022792610600432576
2012-06-01,1309.8699951171875,1309.8699951171875,1277.25,1278.0400390625,4669350000.0,Friday,June,-17.179931640625,1326.7529907226562,-0.024642584749729912,-0.024951295414361523
2012-06-04,1278.2900390625,1282.550048828125,1266.739990234375,1278.1800537109375,4011960000.0,Monday,June,-37.8099365234375,1322.1829956054687,0.00010955419561042845,0.00010954819498779878
2012-06-05,1277.8199462890625,1287.6199951171875,1274.1600341796875,1285.5,3403230000.0,Tuesday,June,-31.1300048828125,1318.2719970703124,0.005726850663809513,0.005710514594359025
2012-06-06,1285.6099853515625,1315.1300048828125,1285.6099853515625,1315.1300048828125,4268360000.0,Wednesday,June,-3.72998046875,1316.2994995117188,0.023049400920118535,0.022787776048048256
2012-06-07,1316.1500244140625,1329.050048828125,1312.6800537109375,1314.989990234375,4258140000.0,Thursday,June,-5.6900634765625,1314.1494995117187,-0.00010646449242102118,-0.00010647016016737382
2012-06-08,1314.989990234375,1325.81005859375,1307.77001953125,1325.6600341796875,3497190000.0,Friday,June,7.840087890625,1312.7630004882812,0.008114163624478143,0.008081420799989608
2012-06-11,1325.719970703125,1335.52001953125,1307.72998046875,1308.9300537109375,3537530000.0,Monday,June,-8.889892578125,1311.2920043945312,-0.012620113782869202,-0.012700423815401067
2012-06-12,1309.4000244140625,1324.31005859375,1306.6199951171875,1324.1800537109375,3442920000.0,Tuesday,June,-8.239990234375,1310.9680053710938,0.011650737147309576,0.011583389901239803
2012-06-13,1324.02001953125,1327.280029296875,1310.510009765625,1314.8800048828125,3506510000.0,Wednesday,June,1.56005859375,1310.4720031738282,-0.007023250955987548,-0.007048030071104175
2012-06-14,1314.8800048828125,1333.6800537109375,1314.1400146484375,1329.0999755859375,3687720000.0,Thursday,June,18.77001953125,1311.6840026855468,0.010814652782245693,0.010756592649869777
2012-06-15,1329.18994140625,1343.3199462890625,1329.18994140625,1342.8399658203125,4401570000.0,Friday,June,64.7999267578125,1314.0650024414062,0.010337815429059649,0.010284745652146795
2012-06-18,1342.4200439453125,1348.219970703125,1334.4599609375,1344.780029296875,3259430000.0,Monday,June,66.5999755859375,1315.5045043945313,0.0014447466011910937,0.0014437039589353582
2012-06-19,1344.8299560546875,1363.4599609375,1344.8299560546875,1357.97998046875,3815350000.0,Tuesday,June,72.47998046875,1317.572003173828,0.009815695418065262,0.009767834417612748
2012-06-20,1358.0400390625,1361.5699462890625,1346.449951171875,1355.68994140625,3695700000.0,Wednesday,June,40.5599365234375,1319.4135009765625,-0.0016863570122068738,-0.001687780512771723
2012-06-21,1355.4300537109375,1358.27001953125,1324.4100341796875,1325.510009765625,4094470000.0,Thursday,June,10.52001953125,1319.6549987792969,-0.022261677039013494,-0.022513208183375856
2012-06-22,1325.9200439453125,1337.8199462890625,1325.9200439453125,1335.02001953125,5271490000.0,Friday,June,9.3599853515625,1320.5150024414063,0.007174604262178752,0.00714898923450435
2012-06-25,1334.9000244140625,1334.9000244140625,1309.27001953125,1313.719970703125,3501820000.0,Monday,June,4.7899169921875,1320.3100036621095,-0.015954853497705423,-0.016083502390603004
2012-06-26,1314.0899658203125,1324.239990234375,1310.300048828125,1319.989990234375,3412940000.0,Tuesday,June,-4.1900634765625,1319.6885009765624,0.004772721486371312,0.004761368161020215
2012-06-27,1320.7099609375,1334.4000244140625,1320.7099609375,1331.8499755859375,3286910000.0,Wednesday,June,16.969970703125,1320.6150024414062,0.008984905521485453,0.00894478141961743
2012-06-28,1331.52001953125,1331.52001953125,1313.2900390625,1329.0400390625,3969370000.0,Thursday,June,-0.0599365234375,1321.5505065917969,-0.002109799583246086,-0.0021120283457667526
2012-06-29,1330.1199951171875,1362.1700439453125,1330.1199951171875,1362.1600341796875,4590480000.0,Friday,June,19.320068359375,1325.7565063476563,0.02492023877666627,0.024614793734920246
2012-07-02,1362.3299560546875,1366.3499755859375,1355.699951171875,1365.510009765625,3301650000.0,Monday,July,20.72998046875,1330.1230041503907,0.0024593113157624913,0.002456292158706836
2012-07-03,1365.75,1374.81005859375,1363.530029296875,1374.02001953125,2116390000.0,Tuesday,July,16.0400390625,1334.549005126953,0.0062321108631679945,0.0062127715684242545
2012-07-04,1365.75,1374.81005859375,1363.530029296875,1374.02001953125,2116390000.0,Wednesday,July,18.330078125,1337.493505859375,0.0,0.0
2012-07-05,1373.719970703125,1373.8499755859375,1363.02001953125,1367.5799560546875,3041520000.0,Thursday,July,42.0699462890625,1340.1230041503907,-0.0046870230309741245,-0.004698041566321199
2012-07-06,1367.0899658203125,1367.0899658203125,1348.030029296875,1354.6800537109375,2745140000.0,Friday,July,19.6600341796875,1341.5740051269531,-0.00943264946713962,-0.009477418655581979
2012-07-09,1354.6600341796875,1354.8699951171875,1346.6500244140625,1352.4599609375,2904860000.0,Monday,July,38.739990234375,1343.7505004882812,-0.0016388318166757898,-0.00164017617051813
2012-07-10,1352.9599609375,1361.5400390625,1336.27001953125,1341.469970703125,3470600000.0,Tuesday,July,21.47998046875,1344.6149963378907,-0.008125926498228409,-0.00815912178959069
2012-07-11,1341.4000244140625,1345.0,1333.25,1341.449951171875,3426290000.0,Wednesday,July,9.5999755859375,1345.9434936523437,-1.4923577632885987e-05,-1.4923688990578574e-05
2012-07-12,1341.2900390625,1341.2900390625,1325.4100341796875,1334.760009765625,3654440000.0,Thursday,July,5.719970703125,1346.226495361328,-0.004987097282612596,-0.004999574352459078
2012-07-13,1334.81005859375,1357.699951171875,1334.81005859375,1356.780029296875,3212930000.0,Friday,July,-5.3800048828125,1346.9234985351563,0.01649736234989274,0.016362759247573275
2012-07-16,1356.5,1357.260009765625,1348.510009765625,1353.6400146484375,2862720000.0,Monday,July,-11.8699951171875,1347.3664978027343,-0.002314313728559836,-0.0023169958916205513
2012-07-17,1353.6800537109375,1365.3599853515625,1345.0699462890625,1363.6700439453125,3566680000.0,Tuesday,July,-10.3499755859375,1347.6510009765625,0.007409672577889825,0.00738235580991176
2012-07-18,1363.5799560546875,1375.260009765625,1358.9599609375,1372.780029296875,3642630000.0,Wednesday,July,-1.239990234375,1348.5055053710937,0.006680490923747229,0.006658275330085007
2012-07-19,1373.010009765625,1380.3900146484375,1371.2099609375,1376.510009765625,4043360000.0,Thursday,July,8.9300537109375,1351.0555053710937,0.002717099891568653,0.002713415248511383
2012-07-20,1376.510009765625,1376.510009765625,1362.18994140625,1362.6600341796875,3925020000.0,Friday,July,7.97998046875,1352.4375061035157,-0.010061659913606968,-0.010112620534169033
2012-07-23,1362.3399658203125,1362.3399658203125,1337.56005859375,1350.52001953125,3717180000.0,Monday,July,-1.93994140625,1354.2775085449218,-0.00890905606969361,-0.008948979003707246
2012-07-24,1350.52001953125,1351.530029296875,1329.239990234375,1338.31005859375,3891290000.0,Tuesday,July,-3.159912109375,1355.1935119628906,-0.009040932945028057,-0.00908205019242412
2012-07-25,1338.3499755859375,1343.97998046875,1331.5,1337.8900146484375,3719170000.0,Wednesday,July,-3.5599365234375,1355.4955139160156,-0.000313861457302278,-0.0003139107221179555
2012-07-26,1338.1700439453125,1363.1300048828125,1338.1700439453125,1360.02001953125,4429300000.0,Thursday,July,25.260009765625,1357.0445129394532,0.016540974699349675,0.01640566286495112
2012-07-27,1360.050048828125,1389.18994140625,1360.050048828125,1385.969970703125,4399010000.0,Friday,July,29.18994140625,1358.235009765625,0.01908056557933535,0.018900814490450273
2012-07-30,1385.93994140625,1391.739990234375,1381.3699951171875,1385.300048828125,3212060000.0,Monday,July,31.6600341796875,1359.22451171875,-0.0004833595887074882,-0.00048347644461061725
2012-07-31,1385.27001953125,1387.1600341796875,1379.1700439453125,1379.3199462890625,3821570000.0,Tuesday,July,15.64990234375,1359.4895080566407,-0.0043168283608459035,-0.004326172766220222
2012-08-01,1379.3199462890625,1385.030029296875,1373.3499755859375,1375.3199462890625,4440920000.0,Wednesday,August,2.5399169921875,1359.5545043945312,-0.0028999798130677767,-0.0029041929017454256
2012-08-02,1375.1300048828125,1375.1300048828125,1354.6500244140625,1365.0,4193740000.0,Thursday,August,-11.510009765625,1359.4255065917969,-0.0075036694675360005,-0.007531963624136046
2012-08-03,1365.449951171875,1394.1600341796875,1365.449951171875,1390.989990234375,3751170000.0,Friday,August,28.3299560546875,1361.2410034179688,0.01904028588598905,0.018861288185302486
2012-08-06,1391.0400390625,1399.6300048828125,1391.0400390625,1394.22998046875,3122050000.0,Monday,August,43.7099609375,1363.3295043945313,0.0023292692665812798,0.002326560724057678
2012-08-07,1394.4599609375,1407.1400146484375,1394.4599609375,1401.3499755859375,3682490000.0,Tuesday,August,63.0399169921875,1366.323504638672,0.005106758007594747,0.005093762742592908
2012-08-08,1401.22998046875,1404.1400146484375,1396.1300048828125,1402.219970703125,3221790000.0,Wednesday,August,64.3299560546875,1369.3620056152345,0.0006208264404641284,0.000620633807453193
2012-08-09,1402.260009765625,1405.949951171875,1398.800048828125,1402.800048828125,3119610000.0,Thursday,August,42.780029296875,1372.7640075683594,0.0004136855394443195,0.00041359999517301903
2012-08-10,1402.5799560546875,1405.97998046875,1395.6199951171875,1405.8699951171875,2767980000.0,Friday,August,19.9000244140625,1375.218505859375,0.002188441817939202,0.0021860506671047943
2012-08-13,1405.8699951171875,1405.8699951171875,1397.3199462890625,1404.1099853515625,2499990000.0,Monday,August,18.8099365234375,1377.7420043945312,-0.0012519007957618733,-0.0012526850781939547
2012-08-14,1404.3599853515625,1410.030029296875,1400.5999755859375,1403.9300537109375,2930900000.0,Tuesday,August,24.610107421875,1379.7550048828125,-0.00012814640056846294,-0.00012815461201997174
2012-08-15,1403.8900146484375,1407.72998046875,1401.8299560546875,1405.530029296875,2655750000.0,Wednesday,August,30.2100830078125,1381.3925048828125,0.0011396405267545262,0.0011389916294490677
2012-08-16,1405.5699462890625,1417.43994140625,1404.1500244140625,1415.510009765625,3114100000.0,Thursday,August,50.510009765625,1383.3425048828126,0.007100510313353237,0.007075420387505465
2012-08-17,1415.8399658203125,1418.7099609375,1414.6700439453125,1418.1600341796875,2922990000.0,Friday,August,27.1700439453125,1386.1175048828125,0.0018721339981915275,0.0018703837394767023
2012-08-20,1417.8499755859375,1418.1300048828125,1412.1199951171875,1418.1300048828125,2766320000.0,Monday,August,23.9000244140625,1389.4980041503907,-2.1174829462955458e-05,-2.1175053652821643e-05
2012-08-21,1418.1300048828125,1426.6800537109375,1410.8599853515625,1413.1700439453125,3282950000.0,Tuesday,August,11.820068359375,1393.2410034179688,-0.003497536135912971,-0.003503666814444632
2012-08-22,1413.0899658203125,1416.1199951171875,1406.780029296875,1413.489990234375,3062690000.0,Wednesday,August,11.27001953125,1397.0210021972657,0.0002264032488046297,0.00022637762345679676
2012-08-23,1413.489990234375,1413.489990234375,1400.5,1402.0799560546875,3008240000.0,Thursday,August,-0.7200927734375,1399.1239990234376,-0.008072242646582573,-0.008104999597722566
2012-08-24,1401.989990234375,1413.4599609375,1398.0400390625,1411.1300048828125,2598790000.0,Friday,August,5.260009765625,1400.3820007324218,0.006454730908207917,0.006433988343262266
2012-08-27,1411.1300048828125,1416.1700439453125,1409.1099853515625,1410.43994140625,2472500000.0,Monday,August,6.3299560546875,1401.6389953613282,-0.0004890148137838279,-0.0004891344205224454
2012-08-28,1410.43994140625,1413.6300048828125,1405.5899658203125,1409.300048828125,2629090000.0,Tuesday,August,5.3699951171875,1403.1380004882812,-0.0008081822874276279,-0.0008085090427962799
2012-08-29,1409.3199462890625,1413.949951171875,1406.5699462890625,1410.489990234375,2571220000.0,Wednesday,August,4.9599609375,1404.896502685547,0.0008443492265819419,0.0008439929642994782
2012-08-30,1410.0799560546875,1410.0799560546875,1397.010009765625,1399.47998046875,2530280000.0,Thursday,August,-16.030029296875,1406.6205017089844,-0.00780580496271055,-0.007836429729673381
2012-08-31,1400.0699462890625,1413.0899658203125,1398.9599609375,1406.5799560546875,2938250000.0,Friday,August,-11.580078125,1407.4,0.0050732955705157234,0.005060469767645165
2012-09-03,1400.0699462890625,1413.0899658203125,1398.9599609375,1406.5799560546875,2938250000.0,Monday,September,-11.550048828125,1408.0174987792968,0.0,0.0
2012-09-04,1406.5400390625,1409.31005859375,1396.56005859375,1404.93994140625,3200310000.0,Tuesday,September,-8.2301025390625,1408.1969970703126,-0.0011659590635981765,-0.0011666393226880797
2012-09-05,1404.93994140625,1408.81005859375,1401.25,1403.43994140625,3389110000.0,Wednesday,September,-10.050048828125,1408.2579956054688,-0.0010676612969652277,-0.0010682316532888013
2012-09-06,1403.739990234375,1432.1199951171875,1403.739990234375,1432.1199951171875,3952870000.0,Thursday,September,30.0400390625,1409.7239929199218,0.020435540463669577,0.020229536612006892
2012-09-07,1432.1199951171875,1437.9200439453125,1431.449951171875,1437.9200439453125,3717620000.0,Friday,September,26.7900390625,1411.3264953613282,0.0040499740579702515,0.0040417949889430295
2012-09-10,1437.9200439453125,1438.739990234375,1428.97998046875,1429.0799560546875,3223670000.0,Monday,September,18.6400146484375,1412.5749938964843,-0.006147829935223559,-0.006166805654652836
2012-09-11,1429.1300048828125,1437.760009765625,1429.1300048828125,1433.56005859375,3509630000.0,Tuesday,September,24.260009765625,1414.056494140625,0.0031349558295050706,0.003130052101452872
2012-09-12,1433.56005859375,1439.1500244140625,1432.989990234375,1436.56005859375,3641200000.0,Wednesday,September,26.070068359375,1415.6079956054687,0.002092692232889659,0.002090505602596938
2012-09-13,1436.56005859375,1463.760009765625,1435.3399658203125,1459.989990234375,4606550000.0,Thursday,September,60.510009765625,1417.8319946289062,0.01630974737217783,0.01617817215384428
2012-09-14,1460.0699462890625,1474.510009765625,1460.0699462890625,1465.77001953125,5041990000.0,Friday,September,59.1900634765625,1420.2124938964844,0.003958951318527193,0.003951135292808127
2012-09-17,1465.4200439453125,1465.6300048828125,1457.550048828125,1461.18994140625,3482430000.0,Monday,September,54.6099853515625,1422.3654907226562,-0.003124690820504483,-0.0031295828602655195
2012-09-18,1461.18994140625,1461.469970703125,1456.1300048828125,1459.3199462890625,3377390000.0,Tuesday,September,54.3800048828125,1424.6729858398437,-0.0012797755200721905,-0.001280595132117327
2012-09-19,1459.5,1465.1500244140625,1457.8800048828125,1461.050048828125,3451360000.0,Wednesday,September,57.610107421875,1427.0509887695312,0.001185553958514829,0.0011848517443742584
2012-09-20,1461.050048828125,1461.22998046875,1449.97998046875,1460.260009765625,3382520000.0,Thursday,September,28.1400146484375,1429.9599914550781,-0.0005407337436069692,-0.00054087999282134
2012-09-21,1460.3399658203125,1467.0699462890625,1459.510009765625,1460.1500244140625,4833870000.0,Friday,September,22.22998046875,1432.4109924316406,-7.531901909729743e-05,-7.532185571705149e-05
2012-09-24,1459.760009765625,1460.719970703125,1452.06005859375,1456.8900146484375,3008920000.0,Monday,September,27.81005859375,1434.73349609375,-0.002232653981520283,-0.002235150069379947
2012-09-25,1456.93994140625,1463.239990234375,1441.5899658203125,1441.5899658203125,3739900000.0,Tuesday,September,8.0299072265625,1436.3479919433594,-0.0105018557847808,-0.010557389418567714
2012-09-26,1441.5999755859375,1441.5999755859375,1430.530029296875,1433.3199462890625,3565380000.0,Wednesday,September,-3.2401123046875,1437.4894897460938,-0.0057367349435899495,-0.005753253211740956
2012-09-27,1433.3599853515625,1450.199951171875,1433.3599853515625,1447.1500244140625,3150330000.0,Thursday,September,-12.8399658203125,1439.8729919433595,0.009648981834660786,0.009602727708234702
2012-09-28,1447.1300048828125,1447.1300048828125,1435.5999755859375,1440.6700439453125,3509230000.0,Friday,September,-25.0999755859375,1441.5774963378906,-0.004477753072888002,-0.004487808236766832
2012-10-01,1440.9000244140625,1457.1400146484375,1440.9000244140625,1444.489990234375,3505080000.0,Monday,October,-16.699951171875,1443.472998046875,0.002651506710448004,0.002647997667994667
2012-10-02,1444.989990234375,1451.52001953125,1439.010009765625,1445.75,3321790000.0,Tuesday,October,-13.5699462890625,1445.5135009765625,0.0008722869484341089,0.0008719067272658147
2012-10-03,1446.050048828125,1454.300048828125,1441.989990234375,1450.989990234375,3531640000.0,Wednesday,October,-10.06005859375,1447.8910034179687,0.0036244096381636837,0.003617857293033645
2012-10-04,1451.0799560546875,1463.1400146484375,1451.0799560546875,1461.4000244140625,3615860000.0,Thursday,October,1.1400146484375,1449.3550048828124,0.007174435557619541,0.007148821731697362
2012-10-05,1461.4000244140625,1470.9599609375,1456.8900146484375,1460.9300537109375,3172940000.0,Friday,October,0.780029296875,1450.5055053710937,-0.00032158936312698394,-0.0003216410840751239
2012-10-08,1460.9300537109375,1460.9300537109375,1453.0999755859375,1455.8800048828125,2328720000.0,Monday,October,-1.010009765625,1451.8455078125,-0.0034567355331607263,-0.0034627238474289053
2012-10-09,1455.9000244140625,1455.9000244140625,1441.1800537109375,1441.47998046875,3216320000.0,Tuesday,October,-0.1099853515625,1452.24150390625,-0.00989094181235195,-0.009940182135141966
2012-10-10,1441.47998046875,1442.52001953125,1430.6400146484375,1432.56005859375,3225060000.0,Wednesday,October,-0.7598876953125,1452.04150390625,-0.006188030354815854,-0.0062072555664811424
2012-10-11,1432.8199462890625,1443.9000244140625,1432.8199462890625,1432.8399658203125,3672540000.0,Thursday,October,-14.31005859375,1450.6840026855468,0.00019538952303133073,0.00019537043698457742
2012-10-12,1432.8399658203125,1438.4300537109375,1425.530029296875,1428.5899658203125,3134750000.0,Friday,October,-12.080078125,1448.825,-0.0029661372528556607,-0.002970544956016541
2012-10-15,1428.75,1441.31005859375,1427.239990234375,1440.1300048828125,3483810000.0,Monday,October,-4.3599853515625,1447.7720031738281,0.008077922524027725,0.008045470752666933
2012-10-16,1440.31005859375,1455.510009765625,1440.31005859375,1454.9200439453125,3568770000.0,Tuesday,October,9.1700439453125,1447.5520080566407,0.010269933278491461,0.010217555817170515
2012-10-17,1454.219970703125,1462.199951171875,1453.3499755859375,1460.9100341796875,3655320000.0,Wednesday,October,9.9200439453125,1447.5450073242187,0.004117058019306619,0.004108606125954804
2012-10-18,1460.93994140625,1464.02001953125,1452.6300048828125,1457.3399658203125,3880030000.0,Thursday,October,-4.06005859375,1447.3990051269532,-0.0024437290975140025,-0.0024467198768949572
2012-10-19,1457.3399658203125,1457.3399658203125,1429.8499755859375,1433.18994140625,3875170000.0,Friday,October,-27.7401123046875,1446.0510009765626,-0.016571304555192734,-0.01671014460003599
2012-10-22,1433.2099609375,1435.4599609375,1422.06005859375,1433.8199462890625,3216220000.0,Monday,October,-22.06005859375,1444.8974975585938,0.00043958226653084687,0.0004394856785508615
2012-10-23,1433.739990234375,1433.739990234375,1407.56005859375,1413.1099853515625,3587670000.0,Tuesday,October,-28.3699951171875,1443.4734985351563,-0.01444390628760639,-0.014549234970738009
2012-10-24,1413.199951171875,1420.0400390625,1407.0999755859375,1408.75,3385970000.0,Wednesday,October,-23.81005859375,1442.2450012207032,-0.0030853828766044256,-0.0030901524835878326
2012-10-25,1409.739990234375,1421.1199951171875,1405.1400146484375,1412.969970703125,3512640000.0,Thursday,October,-19.8699951171875,1440.5359985351563,0.002995542646406335,0.002991064948394708
2012-10-26,1412.969970703125,1417.0899658203125,1403.280029296875,1411.93994140625,3284910000.0,Friday,October,-16.6500244140625,1439.0994934082032,-0.0007289817322603254,-0.0007292475686444066
2012-10-29,1412.969970703125,1417.0899658203125,1403.280029296875,1411.93994140625,3284910000.0,Monday,October,-28.1900634765625,1437.471990966797,0.0,0.0
2012-10-30,1412.969970703125,1417.0899658203125,1403.280029296875,1411.93994140625,3284910000.0,Tuesday,October,-42.9801025390625,1435.7814880371093,0.0,0.0
2012-10-31,1410.989990234375,1418.760009765625,1405.949951171875,1412.1600341796875,3577110000.0,Wednesday,October,-48.75,1433.839990234375,0.00015587969925845435,0.00015586755128053293
2012-11-01,1412.199951171875,1428.3499755859375,1412.199951171875,1427.5899658203125,3929890000.0,Thursday,November,-29.75,1432.1494873046875,0.010926475234507071,0.010867212600985972
2012-11-02,1427.5899658203125,1434.27001953125,1412.9100341796875,1414.199951171875,3732480000.0,Friday,November,-18.989990234375,1429.8129821777343,-0.009379454163327194,-0.009423718242892513
2012-11-05,1414.02001953125,1419.9000244140625,1408.1300048828125,1417.260009765625,2921040000.0,Monday,November,-16.5599365234375,1427.881982421875,0.002163809008205897,0.002161471345057592
2012-11-06,1417.260009765625,1433.3800048828125,1417.260009765625,1428.3900146484375,3306970000.0,Tuesday,November,15.280029296875,1427.2274841308595,0.007853184882181896,0.00782250912272711
2012-11-07,1428.27001953125,1428.27001953125,1388.1400146484375,1394.530029296875,4356490000.0,Wednesday,November,-14.219970703125,1425.3259826660155,-0.023705000038029778,-0.023990484179204748
2012-11-08,1394.530029296875,1401.22998046875,1377.510009765625,1377.510009765625,3779520000.0,Thursday,November,-35.4599609375,1422.5594848632813,-0.01220484261628385,-0.0122799333135091
2012-11-09,1377.550048828125,1391.3900146484375,1373.030029296875,1379.8499755859375,3647350000.0,Friday,November,-32.0899658203125,1420.1224853515625,0.001698692425988746,0.0016972512798215903
2012-11-12,1379.8599853515625,1384.8699951171875,1377.18994140625,1380.030029296875,2567540000.0,Monday,November,-31.909912109375,1417.1174865722655,0.00013048788935265954,0.00013047937654856286
2012-11-13,1380.030029296875,1388.81005859375,1371.3900146484375,1374.530029296875,3455550000.0,Tuesday,November,-37.409912109375,1413.0979858398437,-0.0039854205221913075,-0.003993383474745327
2012-11-14,1374.6400146484375,1380.1300048828125,1352.5,1355.489990234375,4109510000.0,Wednesday,November,-56.6700439453125,1407.8269836425782,-0.013852035718884714,-0.013948870444327605
2012-11-15,1355.4100341796875,1360.6199951171875,1348.050048828125,1353.3299560546875,3928870000.0,Thursday,November,-74.260009765625,1402.626483154297,-0.0015935449138314572,-0.001594815957016726
2012-11-16,1353.3599853515625,1362.030029296875,1343.3499755859375,1359.8800048828125,4045910000.0,Friday,November,-54.3199462890625,1398.960986328125,0.00483994963594836,0.004828274735175702
2012-11-19,1359.8800048828125,1386.8900146484375,1359.8800048828125,1386.8900146484375,3374800000.0,Monday,November,-30.3699951171875,1396.6144897460938,0.019862053761098286,0.01966737673954756
2012-11-20,1386.8199462890625,1389.77001953125,1377.0400390625,1387.81005859375,3207160000.0,Tuesday,November,-40.5799560546875,1395.3494934082032,0.0006633863793055195,0.0006631664358276915
2012-11-21,1387.7900390625,1391.25,1386.3900146484375,1391.030029296875,2667090000.0,Wednesday,November,-3.5,1394.4634948730468,0.002320181125065268,0.002317493660971613
2012-11-22,1387.7900390625,1391.25,1386.3900146484375,1391.030029296875,2667090000.0,Thursday,November,13.52001953125,1393.3664978027343,0.0,0.0
2012-11-23,1391.030029296875,1409.1600341796875,1391.030029296875,1409.1500244140625,1504960000.0,Friday,November,29.300048828125,1393.227001953125,0.013026314842639719,0.012942202068968308
2012-11-26,1409.1500244140625,1409.1500244140625,1397.6800537109375,1406.2900390625,2948960000.0,Monday,November,26.260009765625,1392.9445068359375,-0.0020295818770267315,-0.0020316442693263446
2012-11-27,1406.2900390625,1409.010009765625,1398.030029296875,1398.93994140625,3323120000.0,Tuesday,November,24.409912109375,1392.2945068359375,-0.0052265872985560735,-0.005240293685227754
2012-11-28,1398.77001953125,1410.31005859375,1385.4300537109375,1409.9300537109375,3359250000.0,Wednesday,November,54.4400634765625,1392.1830078125,0.007856028682432292,0.007825330760125263
2012-11-29,1409.9599609375,1419.699951171875,1409.0400390625,1415.949951171875,3356850000.0,Thursday,November,62.6199951171875,1391.601007080078,0.004269642628790704,0.004260553566881813
2012-11-30,1415.949951171875,1418.8599853515625,1411.6300048828125,1416.1800537109375,3966000000.0,Friday,November,56.300048828125,1391.7000122070312,0.00016250753698754394,0.0001624943340681183
2012-12-03,1416.3399658203125,1423.72998046875,1408.4599609375,1409.4599609375,3074280000.0,Monday,December,22.5699462890625,1391.310009765625,-0.004745224843287543,-0.004756519166260062
2012-12-04,1409.4599609375,1413.1400146484375,1403.6500244140625,1407.050048828125,3247710000.0,Tuesday,December,19.239990234375,1390.2430114746094,-0.0017098123935156417,-0.0017112757910542108
2012-12-05,1407.050048828125,1415.56005859375,1398.22998046875,1409.280029296875,4253920000.0,Wednesday,December,18.25,1390.9805114746093,0.0015848622233496368,0.0015836076545869759
2012-12-06,1409.4300537109375,1413.949951171875,1405.9300537109375,1413.93994140625,3229700000.0,Thursday,December,22.909912109375,1392.8020080566407,0.0033065906083264984,0.0033011358587093772
2012-12-07,1413.949951171875,1420.3399658203125,1410.9000244140625,1418.0699462890625,3125160000.0,Friday,December,8.919921875,1394.7130065917968,0.0029209195962771606,0.002916661999350491
2012-12-10,1418.0699462890625,1421.6400146484375,1415.6400146484375,1418.550048828125,2999430000.0,Monday,December,12.260009765625,1396.6390075683594,0.0003385605486661003,0.0003385032499758963
2012-12-11,1418.550048828125,1434.27001953125,1418.550048828125,1427.8399658203125,3650230000.0,Tuesday,December,28.9000244140625,1399.3045043945312,0.0065488820784729285,0.006527531315292975
2012-12-12,1427.8399658203125,1438.5899658203125,1426.760009765625,1428.47998046875,3709050000.0,Wednesday,December,18.5499267578125,1402.95400390625,0.0004482397633895907,0.000448139333956705
2012-12-13,1428.47998046875,1431.3599853515625,1416.0,1419.449951171875,3349960000.0,Thursday,December,3.5,1406.2600036621093,-0.0063214251654488685,-0.006341489977008348
2012-12-14,1419.449951171875,1419.449951171875,1411.8800048828125,1413.5799560546875,3210170000.0,Friday,December,-2.60009765625,1408.945001220703,-0.004135401260425775,-0.004143975679491531
2012-12-17,1413.5400390625,1430.6700439453125,1413.5400390625,1430.3599853515625,3455610000.0,Monday,December,20.9000244140625,1411.1184997558594,0.011870590853387819,0.011800688037811027
2012-12-18,1430.469970703125,1448.0,1430.469970703125,1446.7900390625,4302240000.0,Tuesday,December,39.739990234375,1414.0674987792968,0.011486656421599406,0.011421185666775555
2012-12-19,1446.7900390625,1447.75,1435.800048828125,1435.81005859375,3869800000.0,Wednesday,December,26.530029296875,1416.3065002441406,-0.007589201039747917,-0.0076181455628212226
2012-12-20,1435.81005859375,1443.699951171875,1432.8199462890625,1443.68994140625,3686580000.0,Thursday,December,29.75,1418.9394958496093,0.00548810949285139,0.005473104693568626
2012-12-21,1443.6700439453125,1443.6700439453125,1422.5799560546875,1430.1500244140625,5229160000.0,Friday,December,12.080078125,1419.9894958496093,-0.009378687628036508,-0.009422944450144789
2012-12-24,1430.1500244140625,1430.1500244140625,1424.6600341796875,1426.6600341796875,1248960000.0,Monday,December,8.1099853515625,1421.0079956054688,-0.002440296594621194,-0.0024432789712663986
2012-12-25,1430.1500244140625,1430.1500244140625,1424.6600341796875,1426.6600341796875,1248960000.0,Tuesday,December,-1.179931640625,1422.3940002441407,0.0,0.0
2012-12-26,1426.6600341796875,1429.4200439453125,1416.4300537109375,1419.8299560546875,2285030000.0,Wednesday,December,-8.6500244140625,1422.8889953613282,-0.00478746019469678,-0.0047989567899257195
2012-12-27,1419.8299560546875,1422.800048828125,1401.800048828125,1418.0999755859375,2830180000.0,Thursday,December,-1.3499755859375,1422.9964965820313,-0.001218442012279497,-0.0012191849162664064
2012-12-28,1418.0999755859375,1418.0999755859375,1401.5799560546875,1402.4300537109375,2426680000.0,Friday,December,-11.14990234375,1422.3089965820313,-0.011049941573072375,-0.011111445674961485
2012-12-31,1402.4300537109375,1426.739990234375,1398.1099853515625,1426.18994140625,3204330000.0,Monday,December,-4.1700439453125,1423.1454956054688,0.016941941334216226,0.01680002726988578
2013-01-01,1402.4300537109375,1426.739990234375,1398.1099853515625,1426.18994140625,3204330000.0,Tuesday,January,-20.60009765625,1424.102490234375,0.0,0.0
2013-01-02,1426.18994140625,1462.4300537109375,1426.18994140625,1462.4200439453125,4202600000.0,Wednesday,January,26.6099853515625,1426.7594909667969,0.025403420320955883,0.025086115958697298
2013-01-03,1462.4200439453125,1465.469970703125,1455.530029296875,1459.3699951171875,3829730000.0,Thursday,January,15.6800537109375,1429.0309936523438,-0.0020856174946130013,-0.002087795423524574
2013-01-04,1459.3699951171875,1467.93994140625,1458.989990234375,1466.469970703125,3424290000.0,Friday,January,36.3199462890625,1431.450994873047,0.004865096315322948,0.0048532999789810665
2013-01-07,1466.469970703125,1466.469970703125,1456.6199951171875,1461.8900146484375,3304970000.0,Monday,January,35.22998046875,1433.6179931640625,-0.0031231161538831653,-0.003128003259122683
2013-01-08,1461.8900146484375,1461.8900146484375,1451.6400146484375,1457.1500244140625,3601600000.0,Tuesday,January,30.489990234375,1435.08349609375,-0.003242371304872038,-0.0032476391807331087
2013-01-09,1457.1500244140625,1464.72998046875,1457.1500244140625,1461.02001953125,3674390000.0,Wednesday,January,41.1900634765625,1436.710498046875,0.002655865938542279,0.00265234535868163
2013-01-10,1461.02001953125,1472.300048828125,1461.02001953125,1472.1199951171875,4081840000.0,Thursday,January,54.02001953125,1439.3440002441407,0.007597415119266371,0.00756870010921085
2013-01-11,1472.1199951171875,1472.75,1467.5799560546875,1472.050048828125,3340650000.0,Friday,January,69.6199951171875,1442.2675048828125,-4.7513986152325494e-05,-4.751511497752233e-05
2013-01-14,1472.050048828125,1472.050048828125,1465.68994140625,1470.6800537109375,3003010000.0,Monday,January,44.4901123046875,1444.2835083007812,-0.0009306715612543703,-0.0009311049049197806
2013-01-15,1470.6700439453125,1473.31005859375,1463.760009765625,1472.3399658203125,3135350000.0,Tuesday,January,46.1500244140625,1445.5610046386719,0.0011286697641588184,0.001128033295304306
2013-01-16,1472.3299560546875,1473.9599609375,1467.5999755859375,1472.6300048828125,3384080000.0,Wednesday,January,10.2099609375,1447.402001953125,0.00019699191031485874,0.0001969725099562613
2013-01-17,1472.6300048828125,1485.1600341796875,1472.6300048828125,1480.93994140625,3706710000.0,Thursday,January,21.5699462890625,1449.264501953125,0.005642922184040833,0.0056270605413545815
2013-01-18,1480.949951171875,1485.97998046875,1475.81005859375,1485.97998046875,3795740000.0,Friday,January,19.510009765625,1452.0559997558594,0.0034032703971196288,0.003397492378151099
2013-01-21,1480.949951171875,1485.97998046875,1475.81005859375,1485.97998046875,3795740000.0,Monday,January,24.0899658203125,1455.0219970703124,0.0,0.0
2013-01-22,1485.97998046875,1492.56005859375,1481.1600341796875,1492.56005859375,3570950000.0,Tuesday,January,35.4100341796875,1458.3169982910156,0.004428106846314561,0.00441833162771152
2013-01-23,1492.56005859375,1496.1300048828125,1489.9000244140625,1494.81005859375,3552010000.0,Wednesday,January,33.7900390625,1462.0660034179687,0.001507477027169024,0.001506341924293118
2013-01-24,1494.81005859375,1502.27001953125,1489.4599609375,1494.8199462890625,3699430000.0,Thursday,January,22.699951171875,1465.902001953125,6.614683421224399e-06,6.61466154430249e-06
2013-01-25,1494.8199462890625,1503.260009765625,1494.8199462890625,1502.9599609375,3476290000.0,Friday,January,30.909912109375,1470.9284973144531,0.005445481690718124,0.005430708661868184
2013-01-28,1502.9599609375,1503.22998046875,1496.3299560546875,1500.1800537109375,3388540000.0,Monday,January,29.5,1474.6280029296875,-0.0018496216125600817,-0.0018513342747921247
2013-01-29,1500.1800537109375,1509.3499755859375,1498.0899658203125,1507.8399658203125,3949640000.0,Tuesday,January,35.5,1478.7105041503905,0.005105995170664235,0.005093003781205059
2013-01-30,1507.8399658203125,1509.93994140625,1500.1099853515625,1501.9599609375,3726810000.0,Wednesday,January,29.3299560546875,1480.6875,-0.0038996213232838084,-0.003907244671751714
2013-01-31,1501.9599609375,1504.18994140625,1496.760009765625,1498.1099853515625,3999880000.0,Thursday,January,17.1700439453125,1482.6244995117188,-0.0025633010773032927,-0.002566591958392015
2013-02-01,1498.1099853515625,1514.4100341796875,1498.1099853515625,1513.1700439453125,3836320000.0,Friday,February,27.1900634765625,1484.9595031738281,0.010052705569688847,0.010002513224009682
2013-02-04,1513.1700439453125,1513.1700439453125,1495.02001953125,1495.7099609375,3390000000.0,Monday,February,9.72998046875,1486.6505004882813,-0.011538744820964397,-0.0116058327096515
2013-02-05,1495.7099609375,1514.9599609375,1495.7099609375,1511.2900390625,3618360000.0,Tuesday,February,18.72998046875,1489.3575012207032,0.010416510240551347,0.010362632222059643
2013-02-06,1511.2900390625,1512.530029296875,1504.7099609375,1512.1199951171875,3611570000.0,Wednesday,February,17.3099365234375,1491.9125,0.0005491705981217621,0.0005490198591339299
2013-02-07,1512.1199951171875,1512.9000244140625,1498.489990234375,1509.3900146484375,3614580000.0,Thursday,February,14.570068359375,1493.7760009765625,-0.0018053993582290984,-0.001807031055856767
2013-02-08,1509.3900146484375,1518.31005859375,1509.3900146484375,1517.9300537109375,2986150000.0,Friday,February,14.9700927734375,1496.070001220703,0.005657940611518475,0.0056419945850431485
2013-02-11,1517.9300537109375,1518.31005859375,1513.6099853515625,1517.010009765625,2684100000.0,Monday,February,16.8299560546875,1498.3864990234374,-0.000606117484177382,-0.0006063012476382776
2013-02-12,1517.010009765625,1522.2900390625,1515.6099853515625,1519.4300537109375,3414370000.0,Tuesday,February,11.590087890625,1500.7410034179688,0.001595272232703504,0.0015940011376042063
2013-02-13,1519.4300537109375,1524.68994140625,1515.9300537109375,1520.3299560546875,3385880000.0,Wednesday,February,18.3699951171875,1503.1260009765624,0.000592263093356804,0.0005920877747906565
2013-02-14,1520.3299560546875,1523.1400146484375,1514.02001953125,1521.3800048828125,3759740000.0,Thursday,February,23.27001953125,1505.1480041503905,0.0006906716689645265,0.000690433265053607
2013-02-15,1521.3800048828125,1524.239990234375,1514.1400146484375,1519.7900390625,3838510000.0,Friday,February,6.6199951171875,1506.8385070800782,-0.0010450813177572682,-0.001045627796013619
2013-02-18,1521.3800048828125,1524.239990234375,1514.1400146484375,1519.7900390625,3838510000.0,Monday,February,24.080078125,1508.5290100097657,0.0,0.0
2013-02-19,1519.7900390625,1530.93994140625,1519.7900390625,1530.93994140625,3748910000.0,Tuesday,February,19.64990234375,1510.4480041503907,0.007336475471722448,0.007309694441361245
2013-02-20,1530.93994140625,1530.93994140625,1511.4100341796875,1511.949951171875,4240570000.0,Wednesday,February,-0.1700439453125,1511.304998779297,-0.012404137955230099,-0.012481711430005843
2013-02-21,1511.949951171875,1511.949951171875,1497.2900390625,1502.4200439453125,4274600000.0,Thursday,February,-6.969970703125,1511.6850036621095,-0.006303057332801343,-0.00632300546566533
2013-02-22,1502.4200439453125,1515.6400146484375,1502.4200439453125,1515.5999755859375,3419320000.0,Friday,February,-2.330078125,1512.3170043945313,0.008772467921830174,0.008734213386774423
2013-02-25,1515.5999755859375,1525.8399658203125,1487.8499755859375,1487.8499755859375,4011050000.0,Monday,February,-29.1600341796875,1511.7005004882812,-0.018309580659152336,-0.01847927558477439
2013-02-26,1487.8499755859375,1498.989990234375,1485.010009765625,1496.93994140625,3975280000.0,Tuesday,February,-22.4901123046875,1511.155499267578,0.006109463971145868,0.006090876862567387
2013-02-27,1496.93994140625,1520.0799560546875,1494.8800048828125,1515.989990234375,3551850000.0,Wednesday,February,-4.3399658203125,1511.857000732422,0.012725994077109837,0.012645699119019574
2013-02-28,1515.989990234375,1525.3399658203125,1514.4599609375,1514.6800537109375,3912320000.0,Thursday,February,-6.699951171875,1512.6855041503907,-0.0008640799292052304,-0.0008644534614572404
2013-03-01,1514.6800537109375,1519.989990234375,1501.47998046875,1518.199951171875,3695610000.0,Friday,March,-1.590087890625,1512.9369995117188,0.002323855425648391,0.002321159449526721
2013-03-04,1518.199951171875,1525.27001953125,1512.2900390625,1525.199951171875,3414430000.0,Monday,March,5.409912109375,1514.4114990234375,0.00461072337316093,0.004600126548349631
2013-03-05,1525.199951171875,1543.469970703125,1525.199951171875,1539.7900390625,3610690000.0,Tuesday,March,8.85009765625,1515.8364990234375,0.00956601649469957,0.009520551872499975
2013-03-06,1539.7900390625,1545.25,1538.1099853515625,1541.4599609375,3676890000.0,Wednesday,March,29.510009765625,1517.3034973144531,0.001084512714484509,0.0010839250554146814
2013-03-07,1541.4599609375,1545.780029296875,1541.4599609375,1544.260009765625,3634710000.0,Thursday,March,41.8399658203125,1519.0469970703125,0.0018164914425815581,0.0018148436172064244
2013-03-08,1544.260009765625,1552.47998046875,1542.93994140625,1551.1800537109375,3652260000.0,Friday,March,35.580078125,1520.7094970703124,0.004481139122655131,0.00447112871295497
2013-03-11,1551.1500244140625,1556.27001953125,1547.3599853515625,1556.219970703125,3091080000.0,Monday,March,68.3699951171875,1522.6699951171875,0.0032490857396794137,0.0032438188658736856
2013-03-12,1556.219970703125,1556.77001953125,1548.239990234375,1552.47998046875,3274910000.0,Tuesday,March,55.5400390625,1524.322491455078,-0.0024032529493148713,-0.002406145396801988
2013-03-13,1552.47998046875,1556.3900146484375,1548.25,1554.52001953125,3073830000.0,Wednesday,March,38.530029296875,1526.0319946289062,0.00131405176760091,0.0013131891571707575
2013-03-14,1554.52001953125,1563.3199462890625,1554.52001953125,1563.22998046875,3459260000.0,Thursday,March,48.5499267578125,1528.124493408203,0.005602990523162488,0.005587352158971998
2013-03-15,1563.2099609375,1563.6199951171875,1555.739990234375,1560.699951171875,5175850000.0,Friday,March,42.5,1530.169989013672,-0.0016184626244926115,-0.0016197737499887566
2013-03-18,1560.699951171875,1560.699951171875,1545.1300048828125,1552.0999755859375,3164560000.0,Monday,March,26.9000244140625,1531.7854858398437,-0.005510332450180511,-0.005525570335024047
2013-03-19,1552.0999755859375,1557.25,1538.5699462890625,1548.3399658203125,3796210000.0,Tuesday,March,8.5499267578125,1532.6554870605469,-0.0024225306518709244,-0.0024254697268762293
2013-03-20,1548.3399658203125,1561.56005859375,1548.3399658203125,1558.7099609375,3349090000.0,Wednesday,March,17.25,1534.9934875488282,0.006697492376419811,0.006675163815817943
2013-03-21,1558.7099609375,1558.7099609375,1543.550048828125,1545.800048828125,3243270000.0,Thursday,March,1.5400390625,1537.1624877929687,-0.008282433828555424,-0.008316923756005078
2013-03-22,1545.9000244140625,1557.739990234375,1545.9000244140625,1556.8900146484375,2948380000.0,Friday,March,5.7099609375,1539.2269897460938,0.007174256352702191,0.007148643803299891
2013-03-25,1556.8900146484375,1564.9100341796875,1546.219970703125,1551.68994140625,3178170000.0,Monday,March,-4.530029296875,1542.4189880371093,-0.0033400389194234714,-0.003345629300947282
2013-03-26,1551.68994140625,1563.949951171875,1551.68994140625,1563.77001953125,2869260000.0,Tuesday,March,11.2900390625,1545.7604919433593,0.0077851108025177584,0.007754963194634991
2013-03-27,1563.75,1564.0699462890625,1551.9000244140625,1562.8499755859375,2914210000.0,Wednesday,March,8.3299560546875,1548.1034912109376,-0.0005883499068413123,-0.0005885230525645966
2013-03-28,1562.8599853515625,1570.280029296875,1561.0799560546875,1569.18994140625,3304440000.0,Thursday,March,5.9599609375,1550.8289855957032,0.00405666949441863,0.004048463396191122
2013-03-29,1562.8599853515625,1570.280029296875,1561.0799560546875,1569.18994140625,3304440000.0,Friday,March,8.489990234375,1553.378485107422,0.0,0.0
2013-04-01,1569.1800537109375,1570.5699462890625,1558.469970703125,1562.1700439453125,2753110000.0,Monday,April,10.070068359375,1555.2269897460938,-0.0044735804606589324,-0.004483616865356026
2013-04-02,1562.1700439453125,1573.6600341796875,1562.1700439453125,1570.25,3312160000.0,Tuesday,April,21.9100341796875,1556.7499877929688,0.005172264111710456,0.005158933898853431
2013-04-03,1570.25,1571.469970703125,1549.800048828125,1553.68994140625,4060610000.0,Wednesday,April,-5.02001953125,1557.3614868164063,-0.010546128701639845,-0.010602133218841155
2013-04-04,1553.68994140625,1562.5999755859375,1552.52001953125,1559.97998046875,3350670000.0,Thursday,April,14.179931640625,1558.1474853515624,0.004048451943253761,0.004040279012737101
2013-04-05,1559.97998046875,1559.97998046875,1539.5,1553.280029296875,3515410000.0,Friday,April,-3.6099853515625,1558.2524841308593,-0.00429489561132812,-0.004304145168907639
2013-04-08,1553.260009765625,1563.0699462890625,1548.6300048828125,1563.0699462890625,2887120000.0,Monday,April,11.3800048828125,1558.5949829101562,0.006302737952936344,0.006282958765270947
2013-04-09,1563.1099853515625,1573.8900146484375,1560.9200439453125,1568.6099853515625,3252780000.0,Tuesday,April,4.8399658203125,1559.4014831542968,0.0035443321494683655,0.003538065806577469
2013-04-10,1568.6099853515625,1589.0699462890625,1568.6099853515625,1587.72998046875,3453350000.0,Wednesday,April,24.8800048828125,1561.0619812011719,0.01218913260513399,0.012115443329548888
2013-04-11,1587.72998046875,1597.3499755859375,1586.1700439453125,1593.3699951171875,3393950000.0,Thursday,April,24.1800537109375,1562.5689819335937,0.0035522505198095633,0.0035459561795765683
2013-04-12,1593.300048828125,1593.300048828125,1579.969970703125,1588.8499755859375,3206290000.0,Friday,April,19.6600341796875,1563.9764831542968,-0.002836767069231527,-0.0028407983185492532
2013-04-15,1588.8399658203125,1588.8399658203125,1552.280029296875,1552.3599853515625,4660130000.0,Monday,April,-9.81005859375,1563.989483642578,-0.022966290584432447,-0.02323412455036433
2013-04-16,1552.3599853515625,1575.3499755859375,1552.3599853515625,1574.5699462890625,3654700000.0,Tuesday,April,4.3199462890625,1565.3009826660157,0.014307223290395576,0.014205840828064486
2013-04-17,1574.5699462890625,1574.5699462890625,1543.68994140625,1552.010009765625,4250310000.0,Wednesday,April,-1.679931640625,1564.9659851074218,-0.014327681394279534,-0.014431313685984552
2013-04-18,1552.030029296875,1554.3800048828125,1536.030029296875,1541.6099853515625,3890800000.0,Thursday,April,-18.3699951171875,1564.7564819335937,-0.006701003439812281,-0.0067235559695443025
2013-04-19,1541.6099853515625,1555.8900146484375,1539.4000244140625,1555.25,3569870000.0,Friday,April,1.969970703125,1564.6744812011718,0.008847902373522176,0.008808989051054724
2013-04-22,1555.25,1565.550048828125,1548.18994140625,1562.5,2979880000.0,Monday,April,-0.5699462890625,1565.2149841308594,0.004661629963028435,0.004650798215427389
2013-04-23,1562.5,1579.5799560546875,1562.5,1578.780029296875,3565150000.0,Tuesday,April,10.1700439453125,1565.9654846191406,0.01041921875000007,0.01036531280555277
2013-04-24,1578.780029296875,1583.0,1575.800048828125,1578.7900390625,3598240000.0,Wednesday,April,-8.93994140625,1566.7624877929688,6.340190171760796e-06,6.340170072840042e-06
2013-04-25,1578.9300537109375,1592.6400146484375,1578.9300537109375,1585.1600341796875,3908580000.0,Thursday,April,-8.2099609375,1567.5609924316407,0.0040347322693841114,0.004026614564991384
2013-04-26,1585.1600341796875,1585.780029296875,1577.56005859375,1582.239990234375,3198620000.0,Friday,April,-6.6099853515625,1568.2134948730468,-0.0018421130247733286,-0.0018438118015177635
2013-04-29,1582.3399658203125,1596.6500244140625,1582.3399658203125,1593.6099853515625,2891200000.0,Monday,April,41.25,1569.7854919433594,0.007186011722218666,0.00716031536940742
2013-04-30,1593.5799560546875,1597.5699462890625,1586.5,1597.5699462890625,3745070000.0,Tuesday,April,23.0,1571.1514892578125,0.002484899676771457,0.00248181741858196
2013-05-01,1597.550048828125,1597.550048828125,1581.280029296875,1582.699951171875,3530320000.0,Wednesday,May,30.68994140625,1572.6019897460938,-0.009307883608932754,-0.009351472649564404
2013-05-02,1582.77001953125,1598.5999755859375,1582.77001953125,1597.5899658203125,3366950000.0,Thursday,May,55.97998046875,1574.482489013672,0.009407983261396247,0.009364003810320709
2013-05-03,1597.5999755859375,1618.4599609375,1597.5999755859375,1614.4200439453125,3603910000.0,Friday,May,59.1700439453125,1577.5394897460938,0.010534666895180678,0.01047956394817034
2013-05-06,1614.4000244140625,1619.77001953125,1614.2099609375,1617.5,3062240000.0,Monday,May,55.0,1580.2609924316407,0.0019077786269059427,0.001905961128483939
2013-05-07,1617.550048828125,1626.030029296875,1616.6400146484375,1625.9599609375,3309580000.0,Tuesday,May,47.179931640625,1583.1284912109375,0.005230269513137653,0.005216639159837863
2013-05-08,1625.949951171875,1632.780029296875,1622.699951171875,1632.68994140625,3554700000.0,Wednesday,May,53.89990234375,1585.3764892578124,0.004139081299929126,0.004130538866696586
2013-05-09,1632.68994140625,1635.010009765625,1623.0899658203125,1626.6700439453125,3457400000.0,Thursday,May,41.510009765625,1587.0414916992188,-0.0036871039064235722,-0.00369391802877331
2013-05-10,1626.68994140625,1633.699951171875,1623.7099609375,1633.699951171875,3086470000.0,Friday,May,51.4599609375,1589.2839904785155,0.004321655306021466,0.004312343771584845
2013-05-13,1632.0999755859375,1636.0,1626.739990234375,1633.77001953125,2910600000.0,Monday,May,40.1600341796875,1593.3544921875,4.2889368592202715e-05,4.288844886953105e-05
2013-05-14,1633.75,1651.0999755859375,1633.75,1650.3399658203125,3457790000.0,Tuesday,May,52.77001953125,1597.1429931640625,0.010142153479971716,0.010091066969150287
2013-05-15,1649.1300048828125,1661.489990234375,1646.6800537109375,1658.780029296875,3657440000.0,Wednesday,May,76.080078125,1602.481494140625,0.0051141362697153525,0.005101103490210887
2013-05-16,1658.0699462890625,1660.510009765625,1648.5999755859375,1650.469970703125,3513130000.0,Thursday,May,52.8800048828125,1607.924493408203,-0.005009741163373271,-0.005022331985410747
2013-05-17,1652.449951171875,1667.469970703125,1652.449951171875,1667.469970703125,3440710000.0,Friday,May,53.0499267578125,1613.5354919433594,0.010300096519028301,0.010247411986562578
2013-05-20,1665.7099609375,1672.8399658203125,1663.52001953125,1666.2900390625,3275080000.0,Monday,May,48.7900390625,1618.7249938964844,-0.000707617924973758,-0.0007078684047072334
2013-05-21,1666.199951171875,1674.9300537109375,1662.6700439453125,1669.1600341796875,3513560000.0,Tuesday,May,43.2000732421875,1623.243994140625,0.001722386289245481,0.001720904683002348
2013-05-22,1669.3900146484375,1687.1800537109375,1648.8599853515625,1655.3499755859375,4361020000.0,Wednesday,May,22.6600341796875,1627.0719909667969,-0.008273657594813577,-0.008308074265778554
2013-05-23,1651.6199951171875,1655.5,1635.530029296875,1650.510009765625,3945510000.0,Thursday,May,23.8399658203125,1630.3394897460937,-0.002923832356719225,-0.0029281151046060853
2013-05-24,1646.6700439453125,1649.780029296875,1636.8800048828125,1649.5999755859375,2758080000.0,Friday,May,15.9000244140625,1633.7074890136719,-0.0005513654411685165,-0.0005515174989888943
2013-05-27,1646.6700439453125,1649.780029296875,1636.8800048828125,1649.5999755859375,2758080000.0,Monday,May,15.8299560546875,1636.5069885253906,0.0,0.0
2013-05-28,1652.6300048828125,1674.2099609375,1652.6300048828125,1660.06005859375,3457400000.0,Tuesday,May,9.7200927734375,1639.631494140625,0.006340981548631053,0.006320962109160131
2013-05-29,1656.5699462890625,1656.5699462890625,1640.050048828125,1648.3599853515625,3587140000.0,Wednesday,May,-10.4200439453125,1642.9144958496095,-0.007047981897774669,-0.007072936243165862
2013-05-30,1649.1400146484375,1661.9100341796875,1648.6099853515625,1654.4100341796875,3498620000.0,Thursday,May,3.9400634765625,1645.7554992675782,0.00367034439193481,0.003663625114313425
2013-05-31,1652.1300048828125,1658.989990234375,1630.739990234375,1630.739990234375,4099600000.0,Friday,May,-36.72998046875,1646.5714965820312,-0.014307241527974024,-0.014410576921857085
2013-06-03,1631.7099609375,1640.4200439453125,1622.719970703125,1640.4200439453125,3952070000.0,Monday,June,-25.8699951171875,1647.7174987792969,0.005935988427895333,0.005918439859741687
2013-06-04,1640.72998046875,1646.530029296875,1623.6199951171875,1631.3800048828125,3653840000.0,Tuesday,June,-37.780029296875,1647.9885009765626,-0.005510807488524838,-0.005526048005605536
2013-06-05,1629.050048828125,1629.31005859375,1607.0899658203125,1608.9000244140625,3632350000.0,Wednesday,June,-46.449951171875,1646.799005126953,-0.013779732742503992,-0.013875554543922225
2013-06-06,1609.2900390625,1622.56005859375,1598.22998046875,1622.56005859375,3547380000.0,Thursday,June,-27.949951171875,1646.593505859375,0.008490293972530871,0.008454454144230643
2013-06-07,1625.27001953125,1644.4000244140625,1625.27001953125,1643.3800048828125,3371990000.0,Friday,June,-6.219970703125,1647.0775085449218,0.012831541229424204,0.01274991452694569
2013-06-10,1644.6700439453125,1648.68994140625,1639.260009765625,1642.81005859375,2978730000.0,Monday,June,-6.7899169921875,1647.5295104980469,-0.00034681344994402785,-0.0003468736036370341
2013-06-11,1638.6400146484375,1640.1300048828125,1622.9200439453125,1626.1300048828125,3435710000.0,Tuesday,June,-33.9300537109375,1646.3190124511718,-0.010153367167240024,-0.01020526418482108
2013-06-12,1629.93994140625,1637.7099609375,1610.9200439453125,1612.52001953125,3202550000.0,Wednesday,June,-35.8399658203125,1644.0060119628906,-0.008369555515669425,-0.008404776908050976
2013-06-13,1612.1500244140625,1639.25,1608.0699462890625,1636.3599853515625,3378620000.0,Thursday,June,-18.050048828125,1643.3005126953126,0.014784291377196501,0.014676069097359318
2013-06-14,1635.52001953125,1640.800048828125,1623.9599609375,1626.72998046875,2939400000.0,Friday,June,-4.010009765625,1641.2635131835937,-0.005885016114436148,-0.005902401062457968
2013-06-17,1630.6400146484375,1646.5,1630.3399658203125,1639.0400390625,3137080000.0,Monday,June,-1.3800048828125,1639.9010131835937,0.007567364431436019,0.007538875562714677
2013-06-18,1639.77001953125,1654.18994140625,1639.77001953125,1651.81005859375,3120980000.0,Tuesday,June,20.4300537109375,1639.033514404297,0.007791157767295331,0.0077609634287832945
2013-06-19,1651.8299560546875,1652.449951171875,1628.9100341796875,1628.9300537109375,3545060000.0,Wednesday,June,20.030029296875,1637.7125183105468,-0.013851474486292426,-0.013948301328481997
2013-06-20,1624.6199951171875,1624.6199951171875,1584.3199462890625,1588.18994140625,4858850000.0,Thursday,June,-34.3701171875,1634.5965148925782,-0.02501035094286319,-0.02532842439229829
2013-06-21,1588.6199951171875,1599.18994140625,1577.699951171875,1592.4300537109375,5797280000.0,Friday,June,-50.949951171875,1631.738018798828,0.002669776576555538,0.002666219053525561
2013-06-24,1588.77001953125,1588.77001953125,1560.3299560546875,1573.0899658203125,4733660000.0,Monday,June,-69.7200927734375,1627.9125183105468,-0.012145015629135836,-0.01221936895962692
2013-06-25,1577.52001953125,1593.7900390625,1577.0899658203125,1588.030029296875,3761170000.0,Tuesday,June,-38.0999755859375,1624.311016845703,0.009497272121224087,0.009452456559302368
2013-06-26,1592.27001953125,1606.8299560546875,1592.27001953125,1603.260009765625,3558340000.0,Wednesday,June,-9.260009765625,1622.0560180664063,0.009590486444071455,0.009544789666190033
2013-06-27,1606.43994140625,1620.0699462890625,1606.43994140625,1613.199951171875,3364540000.0,Thursday,June,-23.1600341796875,1619.9955139160156,0.0061998311850259835,0.006180691300296602
2013-06-28,1611.1199951171875,1615.93994140625,1601.06005859375,1606.280029296875,4977190000.0,Friday,June,-20.449951171875,1618.7725158691405,-0.004289562412875814,-0.004298788980467904
2013-07-01,1609.780029296875,1626.6099853515625,1609.780029296875,1614.9599609375,3104690000.0,Monday,July,-24.080078125,1617.49951171875,0.005403747467634501,0.005389199609389811
2013-07-02,1614.2900390625,1624.260009765625,1606.77001953125,1614.0799560546875,3317130000.0,Tuesday,July,-37.7301025390625,1616.6345092773438,-0.0005449081736377259,-0.0005450566900508968
2013-07-03,1611.47998046875,1618.969970703125,1604.5699462890625,1615.4100341796875,1966050000.0,Wednesday,July,-13.52001953125,1616.960009765625,0.0008240472350893313,0.0008237078945754475
2013-07-04,1611.47998046875,1618.969970703125,1604.5699462890625,1615.4100341796875,1966050000.0,Thursday,July,27.2200927734375,1616.6025085449219,0.0,0.0
2013-07-05,1618.6500244140625,1632.0699462890625,1614.7099609375,1631.8900146484375,2634140000.0,Friday,July,39.4599609375,1616.028009033203,0.010201732142340214,0.010150045703225963
2013-07-08,1634.199951171875,1644.6800537109375,1634.199951171875,1640.4599609375,3514590000.0,Monday,July,67.3699951171875,1615.9105041503906,0.0052515464964768555,0.00523780521383603
2013-07-09,1642.8900146484375,1654.1800537109375,1642.8900146484375,1652.3199462890625,3155360000.0,Tuesday,July,64.2899169921875,1617.2200012207031,0.007229670722828763,0.007203661934863007
2013-07-10,1651.56005859375,1657.9200439453125,1647.6600341796875,1652.6199951171875,3011010000.0,Wednesday,July,49.3599853515625,1619.225,0.00018159245054127915,0.00018157596462801376
2013-07-11,1657.4100341796875,1676.6300048828125,1657.4100341796875,1675.02001953125,3446340000.0,Thursday,July,61.820068359375,1621.1580017089843,0.013554249906357896,0.013463212765353812
2013-07-12,1675.260009765625,1680.18994140625,1672.3299560546875,1680.18994140625,3039070000.0,Friday,July,73.909912109375,1623.8309997558595,0.003086483632862347,0.0030817302206288433
2013-07-15,1679.5899658203125,1684.510009765625,1677.8900146484375,1682.5,2623200000.0,Monday,July,67.5400390625,1626.0039978027344,0.001374879432867404,0.0013739351515561534
2013-07-16,1682.699951171875,1683.72998046875,1671.8399658203125,1676.260009765625,3081710000.0,Tuesday,July,62.1800537109375,1627.226495361328,-0.003708760911961373,-0.0037156554177069927
2013-07-17,1677.9100341796875,1684.75,1677.9100341796875,1680.9100341796875,3153440000.0,Wednesday,July,65.5,1629.8254943847655,0.0027740472164057284,0.0027702066483981415
2013-07-18,1681.050048828125,1693.1199951171875,1681.050048828125,1689.3699951171875,3452370000.0,Thursday,July,73.9599609375,1634.8844970703126,0.0050329647425946256,0.0050203417120067255
2013-07-19,1686.1500244140625,1692.0899658203125,1684.0799560546875,1692.0899658203125,3302580000.0,Friday,July,60.199951171875,1639.8674926757812,0.0016100503211176065,0.0016087555796456545
2013-07-22,1694.4100341796875,1697.6099853515625,1690.6700439453125,1695.530029296875,2779130000.0,Monday,July,55.070068359375,1645.9894958496093,0.0020330263437824403,0.0020309625424268186
2013-07-23,1696.6300048828125,1698.780029296875,1691.1300048828125,1692.3900146484375,3096180000.0,Tuesday,July,40.070068359375,1651.2074951171876,-0.0018519369130487462,-0.0018536538683364202
2013-07-24,1696.06005859375,1698.3800048828125,1682.5699462890625,1685.93994140625,3336120000.0,Wednesday,July,33.3199462890625,1655.3414916992188,-0.0038112215188927934,-0.0038185027297184216
2013-07-25,1685.2099609375,1690.93994140625,1680.0699462890625,1690.25,3322500000.0,Thursday,July,15.22998046875,1659.193994140625,0.0025564722015867236,0.002553209985188819
2013-07-26,1687.31005859375,1691.8499755859375,1676.030029296875,1691.6500244140625,2762770000.0,Friday,July,11.4600830078125,1663.4624938964844,0.0008282942843145236,0.0008279514379092263
2013-07-29,1690.3199462890625,1690.9200439453125,1681.8599853515625,1685.3299560546875,2840520000.0,Monday,July,2.8299560546875,1666.9809936523438,-0.003736037754951127,-0.0037430341753677174
2013-07-30,1687.9200439453125,1693.18994140625,1682.4200439453125,1685.9599609375,3320530000.0,Tuesday,July,9.699951171875,1670.5749938964843,0.00037381693747806644,0.00037374708533409457
2013-07-31,1687.760009765625,1698.4300537109375,1684.93994140625,1685.72998046875,3847390000.0,Wednesday,July,4.8199462890625,1674.0909912109375,-0.00013640921141577778,-0.0001364185159984208
2013-08-01,1689.4200439453125,1707.8499755859375,1689.4200439453125,1706.8699951171875,3775170000.0,Thursday,August,17.5,1678.6639892578125,0.01254056989753427,0.012462588230416578
2013-08-02,1706.0999755859375,1709.6700439453125,1700.6800537109375,1709.6700439453125,3136630000.0,Friday,August,17.580078125,1682.5529907226562,0.0016404581697111453,0.0016391140879470276
2013-08-05,1708.010009765625,1709.239990234375,1703.550048828125,1707.1400146484375,2529300000.0,Monday,August,11.6099853515625,1685.8869934082031,-0.0014798348405500317,-0.0014809308775636419
2013-08-06,1705.7900390625,1705.7900390625,1693.2900390625,1697.3699951171875,3141210000.0,Tuesday,August,4.97998046875,1688.1394958496094,-0.005723033522392118,-0.00573947283055402
2013-08-07,1695.300048828125,1695.300048828125,1684.9100341796875,1690.9100341796875,3010230000.0,Wednesday,August,4.9700927734375,1690.0539978027343,-0.0038058649299111957,-0.0038131256619417632
2013-08-08,1693.3499755859375,1700.1800537109375,1688.3800048828125,1697.47998046875,3271660000.0,Thursday,August,7.22998046875,1691.1769958496093,0.003885449938943575,0.0038779210740465357
2013-08-09,1696.0999755859375,1699.4200439453125,1686.02001953125,1691.4200439453125,2957670000.0,Friday,August,-0.22998046875,1691.7385009765626,-0.003569960525698801,-0.0035763480414268737
2013-08-12,1688.3699951171875,1691.489990234375,1683.3499755859375,1689.469970703125,2789160000.0,Monday,August,4.1400146484375,1692.0869995117187,-0.0011529207361400395,-0.0011535858605248943
2013-08-13,1690.6500244140625,1696.81005859375,1682.6199951171875,1694.1600341796875,3035560000.0,Tuesday,August,8.2000732421875,1692.982000732422,0.002776056134700333,0.002772210007268357
2013-08-14,1693.8800048828125,1695.52001953125,1684.8299560546875,1685.3900146484375,2871430000.0,Wednesday,August,-0.3399658203125,1693.2059997558595,-0.005176618120080079,-0.005190063227858108
2013-08-15,1679.6099853515625,1679.6099853515625,1658.5899658203125,1661.3199462890625,3426690000.0,Thursday,August,-45.550048828125,1691.8034973144531,-0.014281601380197961,-0.014384564947961866
2013-08-16,1661.219970703125,1663.5999755859375,1652.6099853515625,1655.8299560546875,3211450000.0,Friday,August,-53.840087890625,1689.990496826172,-0.0033045953891290836,-0.003310067623478068
2013-08-19,1655.25,1659.1800537109375,1645.8399658203125,1646.06005859375,2904530000.0,Monday,August,-61.0799560546875,1687.5169982910156,-0.005900302398330837,-0.005917777957153822
2013-08-20,1646.81005859375,1658.9200439453125,1646.0799560546875,1652.3499755859375,2994090000.0,Tuesday,August,-45.02001953125,1685.5149963378906,0.0038211953199089876,0.0038139130983711445
2013-08-21,1650.6600341796875,1656.989990234375,1639.4300537109375,1642.800048828125,2932180000.0,Wednesday,August,-48.1099853515625,1683.3580017089844,-0.005779602928505545,-0.005796369467346862
2013-08-22,1645.030029296875,1659.550048828125,1645.030029296875,1656.9599609375,2537460000.0,Thursday,August,-40.52001953125,1681.6934997558594,0.008619376484360286,0.008582441743413965
2013-08-23,1659.9200439453125,1664.8499755859375,1654.81005859375,1663.5,2582670000.0,Friday,August,-27.9200439453125,1680.2859985351563,0.003947010921615535,0.00393924191021318
2013-08-26,1664.2900390625,1669.510009765625,1656.02001953125,1656.780029296875,2430670000.0,Monday,August,-32.68994140625,1678.8585021972656,-0.00403965777164117,-0.004047839230058562
2013-08-27,1652.5400390625,1652.5400390625,1629.050048828125,1630.47998046875,3219190000.0,Tuesday,August,-63.6800537109375,1676.0845031738281,-0.015874194741040237,-0.01600153922918335
2013-08-28,1630.25,1641.1800537109375,1627.469970703125,1634.9599609375,2784010000.0,Wednesday,August,-50.4300537109375,1673.5460021972656,0.002747645185721348,0.0027438773089689754
2013-08-29,1633.5,1646.4100341796875,1630.8800048828125,1638.1700439453125,2527550000.0,Thursday,August,-23.14990234375,1670.1110046386718,0.0019634016027962886,0.0019614766490956537
2013-08-30,1638.8900146484375,1640.0799560546875,1628.050048828125,1632.969970703125,2734300000.0,Friday,August,-22.8599853515625,1666.2760009765625,-0.0031743183568806455,-0.0031793671926351754
2013-09-02,1638.8900146484375,1640.0799560546875,1628.050048828125,1632.969970703125,2734300000.0,Monday,September,-13.090087890625,1662.5674987792968,0.0,0.0
2013-09-03,1635.949951171875,1651.3499755859375,1633.4100341796875,1639.77001953125,3731610000.0,Tuesday,September,-12.5799560546875,1659.6875,0.004164221602432239,0.004155575226959593
2013-09-04,1640.719970703125,1655.719970703125,1637.4100341796875,1653.0799560546875,3312150000.0,Wednesday,September,10.2799072265625,1657.79599609375,0.008116953209842404,0.008084187928560308
2013-09-05,1653.280029296875,1659.1700439453125,1653.0699462890625,1655.0799560546875,2957110000.0,Thursday,September,-1.8800048828125,1655.6759948730469,0.0012098628337211537,0.0012091315394673384
2013-09-06,1657.43994140625,1664.8299560546875,1640.6199951171875,1655.1700439453125,3123880000.0,Friday,September,-8.3299560546875,1653.8634948730469,5.443114110303959e-05,5.442965978223178e-05
2013-09-09,1656.8499755859375,1672.4000244140625,1656.8499755859375,1671.7099609375,3102780000.0,Monday,September,14.929931640625,1652.9754943847656,0.009992880823750605,0.009943282138970118
2013-09-10,1675.1099853515625,1684.0899658203125,1675.1099853515625,1683.989990234375,3691800000.0,Tuesday,September,53.510009765625,1652.4669921875,0.007345789391592916,0.007318940484802409
2013-09-11,1681.0400390625,1689.1300048828125,1678.699951171875,1689.1300048828125,3135460000.0,Wednesday,September,54.1700439453125,1652.6539916992188,0.0030522833735622257,0.0030476346138184848
2013-09-12,1689.2099609375,1689.969970703125,1681.9599609375,1683.4200439453125,3106290000.0,Thursday,September,45.25,1653.7589965820312,-0.0033804153149811222,-0.0033861418278017777
2013-09-13,1685.0400390625,1688.72998046875,1682.219970703125,1687.989990234375,2736500000.0,Friday,September,55.02001953125,1655.3669982910155,0.002714679741101511,0.002711001653103429
2013-09-16,1691.699951171875,1704.949951171875,1691.699951171875,1697.5999755859375,3079800000.0,Monday,September,64.6300048828125,1657.943994140625,0.0056931530442476674,0.005677008295820802
2013-09-17,1697.72998046875,1705.52001953125,1697.72998046875,1704.760009765625,2774240000.0,Tuesday,September,64.989990234375,1660.5644958496093,0.004217739327674108,0.00420886959655227
2013-09-18,1705.739990234375,1729.43994140625,1700.3499755859375,1725.52001953125,3989760000.0,Wednesday,September,72.4400634765625,1664.7004943847655,0.012177672896303449,0.012104121558415792
2013-09-19,1727.3399658203125,1729.8599853515625,1720.199951171875,1722.3399658203125,3740130000.0,Thursday,September,67.260009765625,1667.9694946289062,-0.0018429538196846895,-0.0018446541484815583
2013-09-20,1722.43994140625,1725.22998046875,1708.8900146484375,1709.9100341796875,5074030000.0,Friday,September,54.739990234375,1670.2899963378907,-0.007216886263627376,-0.007243053962847499
2013-09-23,1711.43994140625,1711.43994140625,1697.0999755859375,1701.8399658203125,3126950000.0,Monday,September,30.1300048828125,1672.5429931640624,-0.004719586526811925,-0.004730758941951058
2013-09-24,1702.5999755859375,1707.6300048828125,1694.9000244140625,1697.4200439453125,3268930000.0,Tuesday,September,13.4300537109375,1675.8899963378906,-0.0025971430708935372,-0.002600521497731875
2013-09-25,1698.02001953125,1701.7099609375,1691.8800048828125,1692.77001953125,3148730000.0,Wednesday,September,3.6400146484375,1678.780499267578,-0.00273946595048713,-0.0027432251543777135
2013-09-26,1694.050048828125,1703.8499755859375,1693.1099853515625,1698.6700439453125,2813930000.0,Thursday,September,15.25,1681.8054992675782,0.0034854258676535466,0.0034793658479979504
2013-09-27,1695.52001953125,1695.52001953125,1687.1099853515625,1691.75,2951700000.0,Friday,September,3.760009765625,1684.7445007324218,-0.004073801130465626,-0.004082121663443529
2013-09-30,1687.260009765625,1687.260009765625,1674.989990234375,1681.550048828125,3308630000.0,Monday,September,-16.0499267578125,1687.1735046386718,-0.0060292307798877065,-0.006047479981190951
2013-10-01,1682.4100341796875,1696.550048828125,1682.0699462890625,1695.0,3238690000.0,Tuesday,October,-9.760009765625,1689.9350036621095,0.007998543475556064,0.007966724683406784
2013-10-02,1691.9000244140625,1693.8699951171875,1680.3399658203125,1693.8699951171875,3148600000.0,Wednesday,October,-31.6500244140625,1691.9745056152344,-0.0006666695473820372,-0.0006668918703408628
2013-10-03,1692.3499755859375,1692.3499755859375,1670.3599853515625,1678.6600341796875,3279650000.0,Thursday,October,-43.679931640625,1693.1535095214845,-0.008979414583967338,-0.009019972500552986
2013-10-04,1678.7900390625,1691.93994140625,1677.3299560546875,1690.5,2880270000.0,Friday,October,-19.4100341796875,1694.9200073242187,0.0070532243451535415,0.007028466704283861
2013-10-07,1687.1500244140625,1687.1500244140625,1674.699951171875,1676.1199951171875,2678490000.0,Monday,October,-25.719970703125,1695.1405090332032,-0.008506361953748875,-0.008542747536819599
2013-10-08,1676.219970703125,1676.7900390625,1655.030029296875,1655.449951171875,3569230000.0,Tuesday,October,-41.9700927734375,1693.7135070800782,-0.012332078852067663,-0.012408749931083476
2013-10-09,1656.989990234375,1662.469970703125,1646.469970703125,1656.4000244140625,3577840000.0,Wednesday,October,-36.3699951171875,1692.0770080566406,0.0005739063518743759,0.0005737417306057981
2013-10-10,1660.8800048828125,1692.56005859375,1660.8800048828125,1692.56005859375,3362300000.0,Thursday,October,-6.1099853515625,1692.5340087890625,0.02183049604365883,0.021595622882836497
2013-10-11,1691.0899658203125,1703.43994140625,1688.52001953125,1703.199951171875,2944670000.0,Friday,October,11.449951171875,1693.2945068359375,0.006286271807078414,0.006266595617327234
2013-10-14,1699.8599853515625,1711.030029296875,1692.1300048828125,1710.1400146484375,2580580000.0,Monday,October,28.5899658203125,1693.9215087890625,0.004074720335558668,0.004066441145288558
2013-10-15,1709.1700439453125,1711.5699462890625,1695.9300537109375,1698.06005859375,3327740000.0,Tuesday,October,3.06005859375,1693.5865112304687,-0.007063723409320266,-0.007088789613758755
2013-10-16,1700.489990234375,1721.760009765625,1700.489990234375,1721.5400390625,3486180000.0,Wednesday,October,27.6700439453125,1693.3875122070312,0.013827532394934838,0.013732804307132302
2013-10-17,1720.1700439453125,1733.449951171875,1714.1199951171875,1733.1500244140625,3453590000.0,Thursday,October,54.489990234375,1693.9280151367188,0.0067439531397044394,0.0067213144137370845
2013-10-18,1736.719970703125,1745.31005859375,1735.739990234375,1744.5,3664890000.0,Friday,October,54.0,1695.6575134277343,0.006548755402622897,0.00652740546362272
2013-10-21,1745.199951171875,1747.7900390625,1740.6700439453125,1744.6600341796875,3052710000.0,Monday,October,68.5400390625,1697.798516845703,9.173641713244862e-05,9.173220960465485e-05
2013-10-22,1746.47998046875,1759.3299560546875,1746.47998046875,1754.6700439453125,3850840000.0,Tuesday,October,99.2200927734375,1700.6610168457032,0.005737513079636436,0.005721116239627231
2013-10-23,1752.27001953125,1752.27001953125,1740.5,1746.3800048828125,3713380000.0,Wednesday,October,89.97998046875,1703.3415161132812,-0.004724557241463034,-0.004735753240036749
2013-10-24,1747.47998046875,1753.93994140625,1745.5,1752.0699462890625,3671700000.0,Thursday,October,59.5098876953125,1706.0115112304688,0.003258134764679621,0.003252838544355574
2013-10-25,1756.010009765625,1759.8199462890625,1752.449951171875,1759.77001953125,3175720000.0,Friday,October,56.570068359375,1709.4125122070313,0.004394843515520774,0.0043852143927746775
2013-10-28,1759.4200439453125,1764.989990234375,1757.6700439453125,1762.1099853515625,3282300000.0,Monday,October,51.969970703125,1713.4405090332032,0.001329699787098182,0.0013288165192369688
2013-10-29,1762.9300537109375,1772.0899658203125,1762.9300537109375,1771.949951171875,3358460000.0,Tuesday,October,73.889892578125,1717.2880065917968,0.00558419502875096,0.0055686612140941685
2013-10-30,1772.27001953125,1775.219970703125,1757.239990234375,1763.31005859375,3523040000.0,Wednesday,October,41.77001953125,1720.760009765625,-0.004875923596155185,-0.0048878496945693045
2013-10-31,1763.239990234375,1768.530029296875,1755.719970703125,1756.5400390625,3826530000.0,Thursday,October,23.3900146484375,1724.6540100097657,-0.0038393812241105385,-0.003846770567938354
2013-11-01,1758.699951171875,1765.6700439453125,1752.699951171875,1761.6400146484375,3686290000.0,Friday,November,17.1400146484375,1728.2110107421875,0.002903421198789946,0.0028992144122096126
2013-11-04,1763.4000244140625,1768.780029296875,1761.56005859375,1767.9300537109375,3194870000.0,Monday,November,23.27001953125,1732.801513671875,0.003570558689741876,0.0035641993780981683
2013-11-05,1765.6700439453125,1767.030029296875,1755.760009765625,1762.969970703125,3516680000.0,Tuesday,November,8.2999267578125,1738.1775146484374,-0.0028055878101066467,-0.0028095308483402836
2013-11-06,1765.0,1773.739990234375,1764.4000244140625,1770.489990234375,3322100000.0,Wednesday,November,24.1099853515625,1743.882012939453,0.004265540341705787,0.004256468712287575
2013-11-07,1770.739990234375,1774.5400390625,1746.199951171875,1747.1500244140625,4143200000.0,Thursday,November,-4.919921875,1746.6115112304688,-0.013182771972194418,-0.013270435999594777
2013-11-08,1748.3699951171875,1770.780029296875,1747.6300048828125,1770.6099853515625,3837170000.0,Friday,November,10.8399658203125,1749.9820129394532,0.013427559516743681,0.013338208792264144
2013-11-11,1769.9599609375,1773.43994140625,1767.8499755859375,1771.8900146484375,2534060000.0,Monday,November,9.780029296875,1753.069512939453,0.000722931253898329,0.0007226700649729084
2013-11-12,1769.510009765625,1771.780029296875,1762.2900390625,1767.68994140625,3221030000.0,Tuesday,November,-4.260009765625,1756.551007080078,-0.0023703916199453445,-0.002373205445619954
2013-11-13,1764.3699951171875,1782.0,1760.6400146484375,1782.0,3327480000.0,Wednesday,November,18.68994140625,1759.5740051269531,0.008095344244797742,0.008062752720499361
2013-11-14,1782.75,1791.530029296875,1780.219970703125,1790.6199951171875,3139060000.0,Thursday,November,34.0799560546875,1762.4475036621093,0.00483725876385388,0.004825596820450657
2013-11-15,1790.6600341796875,1798.219970703125,1790.6600341796875,1798.1800537109375,3254820000.0,Friday,November,36.5400390625,1765.1315063476563,0.004222034052096646,0.004213146273881077
2013-11-18,1798.8199462890625,1802.3299560546875,1788.0,1791.530029296875,3168520000.0,Monday,November,23.5999755859375,1767.4750061035156,-0.00369819718572606,-0.0037050524235046974
2013-11-19,1790.7900390625,1795.510009765625,1784.719970703125,1787.8699951171875,3224450000.0,Tuesday,November,24.9000244140625,1769.1350036621093,-0.0020429655768170463,-0.0020450552776006604
2013-11-20,1789.5899658203125,1795.72998046875,1777.22998046875,1781.3699951171875,3109140000.0,Wednesday,November,10.8800048828125,1770.884503173828,-0.0036356111002209257,-0.003642235996161311
2013-11-21,1783.52001953125,1797.1600341796875,1783.52001953125,1795.8499755859375,3256630000.0,Thursday,November,48.699951171875,1773.073504638672,0.00812856425584818,0.0080957054207559
2013-11-22,1797.2099609375,1804.8399658203125,1794.699951171875,1804.760009765625,3055140000.0,Friday,November,34.1500244140625,1775.3230041503907,0.004961457973002625,0.0049491905000291735
2013-11-25,1806.3299560546875,1808.0999755859375,1800.5799560546875,1802.47998046875,2998540000.0,Monday,November,30.5899658203125,1777.34150390625,-0.0012633420978621634,-0.0012641407872397545
2013-11-26,1802.8699951171875,1808.4200439453125,1800.77001953125,1802.75,3427120000.0,Tuesday,November,35.06005859375,1778.8815063476563,0.00014980445507073448,0.00014979323550383503
2013-11-27,1803.47998046875,1808.27001953125,1802.77001953125,1807.22998046875,2613590000.0,Wednesday,November,25.22998046875,1781.0775024414063,0.0024850813860768373,0.002481998677460743
2013-11-28,1803.47998046875,1808.27001953125,1802.77001953125,1807.22998046875,2613590000.0,Thursday,November,16.6099853515625,1783.6119995117188,0.0,0.0
2013-11-29,1808.68994140625,1813.550048828125,1803.97998046875,1805.81005859375,1598300000.0,Friday,November,7.6300048828125,1785.8205017089845,-0.0007856896412440362,-0.0007859984571164318
2013-12-02,1806.550048828125,1810.02001953125,1798.5999755859375,1800.9000244140625,3095430000.0,Monday,December,9.3699951171875,1787.4690002441407,-0.002719020284730922,-0.002722723534716429
2013-12-03,1800.0999755859375,1800.0999755859375,1787.8499755859375,1795.1500244140625,3475680000.0,Tuesday,December,7.280029296875,1789.0780029296875,-0.0031928479771501372,-0.0031979559918936147
2013-12-04,1793.1500244140625,1799.800048828125,1779.0899658203125,1792.81005859375,3610540000.0,Wednesday,December,11.4400634765625,1790.1940063476563,-0.0013034931835718133,-0.0013043434697867973
2013-12-05,1792.8199462890625,1792.8199462890625,1783.3800048828125,1785.030029296875,3336880000.0,Thursday,December,-10.8199462890625,1792.0880065917968,-0.004339572538419101,-0.004349015813080098
2013-12-06,1788.3599853515625,1806.0400390625,1788.3599853515625,1805.0899658203125,3150030000.0,Friday,December,0.3299560546875,1793.8120056152343,0.011237870620775636,0.011175194876875877
2013-12-09,1806.2099609375,1811.52001953125,1806.2099609375,1808.3699951171875,3129500000.0,Monday,December,5.8900146484375,1795.636004638672,0.0018171001772671058,0.0018154512479509814
2013-12-10,1807.5999755859375,1808.52001953125,1801.75,1802.6199951171875,3117150000.0,Tuesday,December,-0.1300048828125,1797.3825073242188,-0.003179659038540561,-0.0031847248956570497
2013-12-11,1802.760009765625,1802.969970703125,1780.0899658203125,1782.219970703125,3472240000.0,Wednesday,December,-25.010009765625,1797.393505859375,-0.01131687458772268,-0.011381397674606988
2013-12-12,1781.7099609375,1782.989990234375,1772.280029296875,1775.5,3306640000.0,Thursday,December,-31.72998046875,1796.6375061035155,-0.0037705618911193506,-0.0037776883791563434
2013-12-13,1777.97998046875,1780.9200439453125,1772.449951171875,1775.3199462890625,3061070000.0,Friday,December,-30.4901123046875,1795.4945007324218,-0.00010141014414954963,-0.00010141528650587885
2013-12-16,1777.47998046875,1792.219970703125,1777.47998046875,1786.5400390625,3209890000.0,Monday,December,-14.3599853515625,1795.2450012207032,0.006320039831068547,0.006300152129396221
2013-12-17,1786.469970703125,1786.77001953125,1777.050048828125,1781.0,3270030000.0,Tuesday,December,-14.1500244140625,1794.9015014648437,-0.003100987910356179,-0.0031058059363714124
2013-12-18,1781.4599609375,1811.0799560546875,1767.989990234375,1810.6500244140625,4327770000.0,Wednesday,December,17.8399658203125,1796.3655029296874,0.01664796429762072,0.01651090600917418
2013-12-19,1809.0,1810.8800048828125,1801.3499755859375,1809.5999755859375,3497210000.0,Thursday,December,24.5699462890625,1797.0530029296874,-0.0005799292044108562,-0.0005800974283937316
2013-12-20,1810.3900146484375,1823.75,1810.25,1818.3199462890625,5097700000.0,Friday,December,13.22998046875,1797.7309997558593,0.0048187283492318045,0.004807155440690711
2013-12-23,1822.9200439453125,1829.75,1822.9200439453125,1827.989990234375,2851540000.0,Monday,December,19.6199951171875,1799.0065002441406,0.00531812014989308,0.0053040288862060605
2013-12-24,1828.02001953125,1833.3199462890625,1828.02001953125,1833.3199462890625,1307630000.0,Tuesday,December,30.699951171875,1800.5349975585937,0.0029157468493599126,0.002911504304306033
2013-12-25,1828.02001953125,1833.3199462890625,1828.02001953125,1833.3199462890625,1307630000.0,Wednesday,December,51.0999755859375,1801.8394958496094,0.0,0.0
2013-12-26,1834.9599609375,1842.8399658203125,1834.9599609375,1842.02001953125,1982270000.0,Thursday,December,66.52001953125,1803.5789978027344,0.004745529147706984,0.004734304621132077
2013-12-27,1842.969970703125,1844.8900146484375,1839.81005859375,1841.4000244140625,2052920000.0,Friday,December,66.080078125,1805.35849609375,-0.00033658435338035364,-0.0003366410106074713
2013-12-30,1841.469970703125,1842.469970703125,1838.77001953125,1841.0699462890625,2293860000.0,Monday,December,54.5299072265625,1807.3669921875,-0.00017925389411521664,-0.00017926996201467877
2013-12-31,1842.6099853515625,1849.43994140625,1842.4100341796875,1848.3599853515625,2312840000.0,Tuesday,December,67.3599853515625,1810.027490234375,0.003959675229718407,0.003951856349111548
2014-01-01,1842.6099853515625,1849.43994140625,1842.4100341796875,1848.3599853515625,2312840000.0,Wednesday,January,37.7099609375,1812.8049865722655,0.0,0.0
2014-01-02,1845.8599853515625,1845.8599853515625,1827.739990234375,1831.97998046875,3080600000.0,Thursday,January,22.3800048828125,1815.1524841308594,-0.008861912729460575,-0.008901413016629188
2014-01-03,1833.2099609375,1838.239990234375,1829.1300048828125,1831.3699951171875,2774270000.0,Friday,January,13.050048828125,1816.466485595703,-0.00033296507498215,-0.00033302052016060914
2014-01-06,1832.31005859375,1837.1600341796875,1823.72998046875,1826.77001953125,3294850000.0,Monday,January,-1.219970703125,1817.3864868164062,-0.0025117674736410134,-0.0025149272537594355
2014-01-07,1828.7099609375,1840.0999755859375,1828.7099609375,1837.8800048828125,3511750000.0,Tuesday,January,4.56005859375,1819.1494873046875,0.006081764662643874,0.006063345375391041
2014-01-08,1837.9000244140625,1840.02001953125,1831.4000244140625,1837.489990234375,3652140000.0,Wednesday,January,4.1700439453125,1821.91298828125,-0.0002122089839386998,-0.0002122315034510835
2014-01-09,1839.0,1843.22998046875,1830.3800048828125,1838.1300048828125,3581150000.0,Thursday,January,-3.8900146484375,1825.0444885253905,0.0003483091890779111,0.0003482485435141758
2014-01-10,1840.06005859375,1843.1500244140625,1832.4300537109375,1842.3699951171875,3335710000.0,Friday,January,0.969970703125,1828.396990966797,0.002306686808393188,0.002304030490455301
2014-01-13,1841.260009765625,1843.449951171875,1815.52001953125,1819.199951171875,3591350000.0,Monday,January,-21.8699951171875,1830.0299865722657,-0.012576216507389826,-0.012655966458794009
2014-01-14,1821.3599853515625,1839.260009765625,1821.3599853515625,1838.8800048828125,3353270000.0,Tuesday,January,-9.47998046875,1832.9239868164063,0.010817971767347556,0.010759876119934082
2014-01-15,1840.52001953125,1850.8399658203125,1840.52001953125,1848.3800048828125,3777800000.0,Wednesday,January,0.02001953125,1834.8104858398438,0.005166188100786506,0.005152889134682223
2014-01-16,1847.989990234375,1847.989990234375,1840.300048828125,1845.8900146484375,3491310000.0,Thursday,January,13.9100341796875,1836.6249877929688,-0.0013471203041567348,-0.0013480284864258142
2014-01-17,1844.22998046875,1846.0400390625,1835.22998046875,1838.699951171875,3626120000.0,Friday,January,7.3299560546875,1837.6439880371095,-0.0038951743709020326,-0.0039027803200150837
2014-01-20,1844.22998046875,1846.0400390625,1835.22998046875,1838.699951171875,3626120000.0,Monday,January,11.929931640625,1838.1794860839843,0.0,0.0
2014-01-21,1841.050048828125,1849.31005859375,1832.3800048828125,1843.800048828125,3782470000.0,Tuesday,January,5.9200439453125,1838.7034912109375,0.0027737519941737343,0.0027699122428176707
2014-01-22,1844.7099609375,1846.8699951171875,1840.8800048828125,1844.8599853515625,3374170000.0,Wednesday,January,7.3699951171875,1839.2804931640626,0.0005748652214816463,0.0005747000497681626
2014-01-23,1842.2900390625,1842.2900390625,1820.06005859375,1828.4599609375,3972250000.0,Thursday,January,-9.6700439453125,1838.602490234375,-0.00888957673985069,-0.00892932476457093
2014-01-24,1826.9599609375,1826.9599609375,1790.2900390625,1790.2900390625,4618450000.0,Friday,January,-52.0799560546875,1836.0469909667968,-0.02087544856898549,-0.02109642142734084
2014-01-27,1791.030029296875,1795.97998046875,1772.8800048828125,1781.56005859375,4045200000.0,Monday,January,-37.639892578125,1833.0714965820312,-0.004876293940238585,-0.004888221853339347
2014-01-28,1783.0,1793.8699951171875,1779.489990234375,1792.5,3437830000.0,Tuesday,January,-46.3800048828125,1830.278497314453,0.00614065260021901,0.006121875622432071
2014-01-29,1790.1500244140625,1790.1500244140625,1770.449951171875,1774.199951171875,3964020000.0,Wednesday,January,-74.1800537109375,1826.5704956054688,-0.010209232261157553,-0.01026170390849596
2014-01-30,1777.1700439453125,1798.77001953125,1777.1700439453125,1794.18994140625,3547510000.0,Thursday,January,-51.7000732421875,1824.6809936523437,0.011267044743841437,0.011204044372218206
2014-01-31,1790.8800048828125,1793.8800048828125,1772.260009765625,1782.5899658203125,4059690000.0,Friday,January,-56.1099853515625,1822.2419921875,-0.0064652996420466735,-0.006486290214250376
2014-02-03,1782.6800537109375,1784.8299560546875,1739.6600341796875,1741.8900146484375,4726040000.0,Monday,February,-96.8099365234375,1817.9979919433595,-0.02283191982018462,-0.023096604704486576
2014-02-04,1743.8199462890625,1758.72998046875,1743.8199462890625,1755.199951171875,4068410000.0,Tuesday,February,-88.60009765625,1813.8639892578126,0.007641088938743268,0.007612043683081426
2014-02-05,1753.3800048828125,1755.7900390625,1737.9200439453125,1751.6400146484375,3984290000.0,Wednesday,February,-93.219970703125,1809.5714904785157,-0.0020282227794392593,-0.0020302824086565886
2014-02-06,1752.989990234375,1774.06005859375,1752.989990234375,1773.4300537109375,3825410000.0,Thursday,February,-55.0299072265625,1806.336492919922,0.012439792925644788,0.012363054453375717
2014-02-07,1776.010009765625,1798.030029296875,1776.010009765625,1797.02001953125,3775990000.0,Friday,February,6.72998046875,1804.068994140625,0.013301886798946505,0.013214193504296921
2014-02-10,1796.199951171875,1799.93994140625,1791.8299560546875,1799.8399658203125,3312160000.0,Monday,February,18.2799072265625,1803.1009948730468,0.0015692347655638095,0.0015680048032540356
2014-02-11,1800.449951171875,1823.5400390625,1800.4100341796875,1819.75,3699380000.0,Tuesday,February,27.25,1802.1444946289062,0.011062113608869106,0.011001375944254965
2014-02-12,1820.1199951171875,1826.550048828125,1815.969970703125,1819.260009765625,3326380000.0,Wednesday,February,45.06005859375,1800.688494873047,-0.00026926239009483766,-0.00026929864772088686
2014-02-13,1814.8199462890625,1830.25,1809.219970703125,1829.8299560546875,3289510000.0,Thursday,February,35.6400146484375,1799.8854919433593,0.005810025082904069,0.005793211978776681
2014-02-14,1828.4599609375,1841.6500244140625,1825.5899658203125,1838.6300048828125,3114750000.0,Friday,February,56.0400390625,1799.8819946289063,0.004809216724759979,0.004797689385548304
2014-02-17,1828.4599609375,1841.6500244140625,1825.5899658203125,1838.6300048828125,3114750000.0,Monday,February,96.739990234375,1799.8784973144532,0.0,0.0
2014-02-18,1839.030029296875,1842.8699951171875,1835.010009765625,1840.760009765625,3421110000.0,Tuesday,February,85.56005859375,1799.726495361328,0.0011584739056558213,0.0011578033925587676
2014-02-19,1838.9000244140625,1847.5,1826.989990234375,1828.75,3661570000.0,Wednesday,February,77.1099853515625,1798.92099609375,-0.006524484290135191,-0.0065458617731959995
2014-02-20,1829.239990234375,1842.7900390625,1824.5799560546875,1839.780029296875,3404980000.0,Thursday,February,66.3499755859375,1799.4869995117188,0.006031458262132583,0.006013341826934013
2014-02-21,1841.0699462890625,1846.1300048828125,1835.5999755859375,1836.25,3403880000.0,Friday,February,39.22998046875,1801.7849975585937,-0.0019187235651341172,-0.0019205666731810659
2014-02-24,1836.780029296875,1858.7099609375,1836.780029296875,1847.6099853515625,4014530000.0,Monday,February,47.77001953125,1805.0874938964844,0.00618651346579302,0.006167455552331448
2014-02-25,1847.6600341796875,1852.9100341796875,1840.18994140625,1845.1199951171875,3515560000.0,Tuesday,February,25.3699951171875,1807.7184936523438,-0.0013476817370097205,-0.0013485906767746498
2014-02-26,1845.7900390625,1852.6500244140625,1840.6600341796875,1845.1600341796875,3716730000.0,Wednesday,February,25.9000244140625,1811.2664978027344,2.1699977565736717e-05,2.1699742124629578e-05
2014-02-27,1844.9000244140625,1854.530029296875,1841.1300048828125,1854.2900390625,3547460000.0,Thursday,February,24.4600830078125,1814.271502685547,0.004948082937896281,0.004935881408416543
2014-02-28,1855.1199951171875,1867.9200439453125,1847.6700439453125,1859.449951171875,3917450000.0,Friday,February,20.8199462890625,1818.114501953125,0.0027826887923012578,0.0027788242813380905
2014-03-03,1857.6800537109375,1857.6800537109375,1834.43994140625,1845.72998046875,3428220000.0,Monday,March,7.0999755859375,1823.3065002441406,-0.007378510346287226,-0.007405866200454787
2014-03-04,1849.22998046875,1876.22998046875,1849.22998046875,1873.9100341796875,3765770000.0,Tuesday,March,33.1500244140625,1829.2420043945312,0.01526770113133269,0.015152322676141788
2014-03-05,1874.050048828125,1876.530029296875,1871.1099853515625,1873.81005859375,3392990000.0,Wednesday,March,45.06005859375,1835.3505065917968,-5.335132643191631e-05,-5.335274966455346e-05
2014-03-06,1874.1800537109375,1881.93994140625,1874.1800537109375,1877.030029296875,3360450000.0,Thursday,March,37.25,1840.5305053710938,0.0017184082710823834,0.0017169334968570882
2014-03-07,1878.52001953125,1883.5699462890625,1870.56005859375,1878.0400390625,3564740000.0,Friday,March,41.7900390625,1844.5815063476562,0.0005380892952486782,0.0005379445771157059
2014-03-10,1877.8599853515625,1877.8699951171875,1867.0400390625,1877.1700439453125,3021350000.0,Monday,March,29.56005859375,1848.4480102539062,-0.0004632463094992323,-0.0004633536412194934
2014-03-11,1878.260009765625,1882.3499755859375,1863.8800048828125,1867.6300048828125,3392400000.0,Tuesday,March,22.510009765625,1850.8420104980469,-0.005082138985368356,-0.005095096975215844
2014-03-12,1866.1500244140625,1868.3800048828125,1854.3800048828125,1868.199951171875,3270860000.0,Wednesday,March,23.0399169921875,1853.2890075683595,0.00030517087837123036,0.0003051243232100062
2014-03-13,1869.06005859375,1874.4000244140625,1841.8599853515625,1846.3399658203125,3670990000.0,Thursday,March,-7.9500732421875,1854.1145080566407,-0.011701095130556172,-0.011770091695883623
2014-03-14,1845.0699462890625,1852.43994140625,1839.5699462890625,1841.1300048828125,3285460000.0,Friday,March,-18.3199462890625,1854.2395080566407,-0.0028217776974703845,-0.002825766417445165
2014-03-17,1842.81005859375,1862.300048828125,1842.81005859375,1858.8299560546875,2860490000.0,Monday,March,13.0999755859375,1855.2495056152343,0.009613634629240364,0.009567717695038962
2014-03-18,1858.9200439453125,1873.760009765625,1858.9200439453125,1872.25,2930190000.0,Tuesday,March,-1.6600341796875,1856.8240051269531,0.0072196189337276895,0.0071936822454731885
2014-03-19,1872.25,1874.1400146484375,1850.3499755859375,1860.77001953125,3289210000.0,Wednesday,March,-13.0400390625,1858.4250061035157,-0.006131649335692324,-0.006150525096734505
2014-03-20,1860.0899658203125,1873.489990234375,1854.6300048828125,1872.010009765625,3327540000.0,Thursday,March,-5.02001953125,1860.0365051269532,0.006040504799839086,0.0060223340875217475
2014-03-21,1874.530029296875,1883.969970703125,1863.4599609375,1866.52001953125,5270710000.0,Friday,March,-11.52001953125,1861.5500061035157,-0.0029326714097337447,-0.002936980116608755
2014-03-24,1867.6700439453125,1873.3399658203125,1849.68994140625,1857.43994140625,3409000000.0,Monday,March,-19.7301025390625,1862.04150390625,-0.004864709743258144,-0.004876580959363224
2014-03-25,1859.47998046875,1871.8699951171875,1855.9599609375,1865.6199951171875,3200560000.0,Tuesday,March,-2.010009765625,1863.06650390625,0.004403939814465518,0.0043942708488222335
2014-03-26,1867.0899658203125,1875.9200439453125,1852.56005859375,1852.56005859375,3480850000.0,Wednesday,March,-15.639892578125,1863.436505126953,-0.007000319763734719,-0.007024936954876045
2014-03-27,1852.1099853515625,1855.550048828125,1842.1099853515625,1849.0400390625,3733430000.0,Thursday,March,2.7000732421875,1863.174005126953,-0.0019000838946738874,-0.0019018913439770551
2014-03-28,1850.0699462890625,1866.6300048828125,1850.0699462890625,1857.6199951171875,2955520000.0,Friday,March,16.489990234375,1863.0825073242188,0.0046402218845611465,0.004629489243409657
2014-03-31,1859.1600341796875,1875.1800537109375,1859.1600341796875,1872.3399658203125,3274300000.0,Monday,March,13.510009765625,1864.4130065917968,0.007924102207026662,0.007892871384796676
2014-04-01,1873.9599609375,1885.8399658203125,1873.9599609375,1885.52001953125,3336190000.0,Tuesday,April,13.27001953125,1864.993505859375,0.0070393485966973035,0.007014688044213445
2014-04-02,1886.6099853515625,1893.1700439453125,1883.7900390625,1890.9000244140625,3131660000.0,Wednesday,April,30.1300048828125,1865.8480041503906,0.002853326841976367,0.0028492638318384613
2014-04-03,1891.4300537109375,1893.800048828125,1882.6500244140625,1888.77001953125,3055600000.0,Thursday,April,16.760009765625,1866.4350036621095,-0.0011264502910314222,-0.0011270852130106552
2014-04-04,1890.25,1897.280029296875,1863.260009765625,1865.0899658203125,3583750000.0,Friday,April,-1.4300537109375,1865.7875,-0.012537288005457836,-0.012616542925313997
2014-04-07,1863.9200439453125,1864.0400390625,1841.47998046875,1845.0400390625,3801540000.0,Monday,April,-12.39990234375,1864.1809997558594,-0.010750112394172895,-0.010808312332149784
2014-04-08,1845.47998046875,1854.949951171875,1837.489990234375,1851.9599609375,3721450000.0,Tuesday,April,-13.6600341796875,1863.3974975585938,0.0037505537703756975,0.0037435379801772804
2014-04-09,1852.6400146484375,1872.4300537109375,1852.3800048828125,1872.1800537109375,3308650000.0,Wednesday,April,19.6199951171875,1863.596502685547,0.010918212704340347,0.010859039341965573
2014-04-10,1872.280029296875,1872.530029296875,1830.8699951171875,1833.0799560546875,3758780000.0,Thursday,April,-15.9600830078125,1862.9335021972656,-0.020884795550912827,-0.02110596773738724
2014-04-11,1830.6500244140625,1835.0699462890625,1814.3599853515625,1815.68994140625,3743460000.0,Friday,April,-41.9300537109375,1861.6614990234375,-0.009486773662544357,-0.009532059739897396
2014-04-14,1818.1800537109375,1834.18994140625,1815.800048828125,1830.6099853515625,3111540000.0,Monday,April,-41.72998046875,1860.2505004882812,0.008217286225508769,0.008183708150740607
2014-04-15,1831.449951171875,1844.02001953125,1816.2900390625,1842.97998046875,3736440000.0,Tuesday,April,-42.5400390625,1858.7869995117187,0.006757307791485534,0.006734579517703411
2014-04-16,1846.010009765625,1862.31005859375,1846.010009765625,1862.31005859375,3155080000.0,Wednesday,April,-28.5899658203125,1858.8640014648438,0.010488490558689278,0.010433867948766148
2014-04-17,1861.72998046875,1869.6300048828125,1856.719970703125,1864.8499755859375,3341430000.0,Thursday,April,-23.9200439453125,1858.5059997558594,0.001363852909705754,0.0013629237070939353
2014-04-18,1861.72998046875,1869.6300048828125,1856.719970703125,1864.8499755859375,3341430000.0,Friday,April,-0.239990234375,1858.4224975585937,0.0,0.0
2014-04-21,1865.7900390625,1871.8900146484375,1863.1800537109375,1871.8900146484375,2642500000.0,Monday,April,26.8499755859375,1859.145001220703,0.003775123551313042,0.003768015655572547
2014-04-22,1872.5699462890625,1884.8900146484375,1872.5699462890625,1879.550048828125,3215440000.0,Tuesday,April,27.590087890625,1859.84150390625,0.004092139025126507,0.004083788996127826
2014-04-23,1879.3199462890625,1879.75,1873.9100341796875,1875.3900146484375,3085720000.0,Wednesday,April,3.2099609375,1860.9830017089844,-0.002213313863220212,-0.0022157668625220617
2014-04-24,1881.969970703125,1884.06005859375,1870.239990234375,1878.6099853515625,3191830000.0,Thursday,April,45.530029296875,1862.4614990234375,0.0017169605671216726,0.001715488275330875
2014-04-25,1877.719970703125,1877.719970703125,1859.699951171875,1863.4000244140625,3213020000.0,Friday,April,47.7100830078125,1862.7505004882812,-0.008096390978489132,-0.008129344743501644
2014-04-28,1865.0,1877.010009765625,1850.6099853515625,1869.4300537109375,4034680000.0,Monday,April,38.820068359375,1862.6050048828124,0.0032360358580392212,0.003230811162502344
2014-04-29,1870.780029296875,1880.5999755859375,1870.780029296875,1878.3299560546875,3647820000.0,Tuesday,April,35.3499755859375,1862.2455017089844,0.004760757069291355,0.004749460504633521
2014-04-30,1877.0999755859375,1885.199951171875,1872.68994140625,1883.949951171875,3779230000.0,Wednesday,April,21.639892578125,1861.897998046875,0.002992016977140688,0.00298754980270127
2014-05-01,1884.3900146484375,1888.5899658203125,1878.0400390625,1883.6800537109375,3416740000.0,Thursday,May,18.830078125,1861.6434997558595,-0.0001432614814260713,-0.00014327174433229932
2014-05-02,1885.300048828125,1891.3299560546875,1878.5,1881.1400146484375,3159560000.0,Friday,May,16.2900390625,1862.4460021972657,-0.0013484450597095465,-0.0013493550298709083
2014-05-05,1879.449951171875,1885.510009765625,1866.77001953125,1884.6600341796875,2733730000.0,Monday,May,12.77001953125,1864.427001953125,0.001871216126306141,0.0018694675823397822
2014-05-06,1883.68994140625,1883.68994140625,1867.719970703125,1867.719970703125,3327260000.0,Tuesday,May,-11.830078125,1865.2150024414063,-0.008988392160571124,-0.009029031461991046
2014-05-07,1868.530029296875,1878.8299560546875,1859.7900390625,1878.2099609375,3632950000.0,Wednesday,May,2.8199462890625,1865.5164978027344,0.005616468420812426,0.005600754871033284
2014-05-08,1877.3900146484375,1889.0699462890625,1870.050048828125,1875.6300048828125,3393420000.0,Thursday,May,-2.97998046875,1867.6440002441407,-0.0013736249452109828,-0.0013745692327864058
2014-05-09,1875.27001953125,1878.5699462890625,1867.02001953125,1878.47998046875,3025020000.0,Friday,May,15.0799560546875,1870.7835021972655,0.001519476431128819,0.0015183231948788392
2014-05-12,1880.030029296875,1897.1300048828125,1880.030029296875,1896.6500244140625,3005740000.0,Monday,May,27.219970703125,1874.0855041503905,0.009672737603931392,0.009626256172315509
2014-05-13,1896.75,1902.1700439453125,1896.06005859375,1897.449951171875,2915680000.0,Tuesday,May,19.1199951171875,1876.8090026855468,0.0004217577030636299,0.0004216687882830338
2014-05-14,1897.1300048828125,1897.1300048828125,1885.77001953125,1888.530029296875,2822060000.0,Wednesday,May,4.580078125,1878.1200012207032,-0.004701005088166399,-0.004712089565017091
2014-05-15,1888.1600341796875,1888.1600341796875,1862.3599853515625,1870.8499755859375,3552640000.0,Thursday,May,-12.830078125,1878.4200012207032,-0.00936180703333589,-0.009405904183934792
2014-05-16,1871.18994140625,1878.280029296875,1864.8199462890625,1877.8599853515625,3173650000.0,Friday,May,-3.280029296875,1879.0705017089845,0.00374696520677964,0.0037399628190006033
2014-05-19,1876.6600341796875,1886.0,1872.4200439453125,1885.0799560546875,2664250000.0,Monday,May,0.419921875,1879.729998779297,0.0038447864907102947,0.003837414189704193
2014-05-20,1884.8800048828125,1884.8800048828125,1868.1400146484375,1872.8299560546875,3007700000.0,Tuesday,May,5.1099853515625,1879.393994140625,-0.00649839809746755,-0.006519604608543308
2014-05-21,1873.3399658203125,1888.800048828125,1873.3399658203125,1888.030029296875,2777140000.0,Wednesday,May,9.820068359375,1880.0259948730468,0.008116098951240547,0.008083340547746922
2014-05-22,1888.18994140625,1896.3299560546875,1885.3900146484375,1892.489990234375,2759800000.0,Thursday,May,16.8599853515625,1880.7199951171874,0.0023622298736216685,0.0023594441947138818
2014-05-23,1893.3199462890625,1901.260009765625,1893.3199462890625,1900.530029296875,2396280000.0,Friday,May,22.050048828125,1882.5764953613282,0.004248391856225497,0.004239392917884754
2014-05-26,1893.3199462890625,1901.260009765625,1893.3199462890625,1900.530029296875,2396280000.0,Monday,May,3.8800048828125,1884.131494140625,0.0,0.0
2014-05-27,1902.010009765625,1912.280029296875,1902.010009765625,1911.9100341796875,2911020000.0,Tuesday,May,14.4600830078125,1885.810498046875,0.005987805879090757,0.0059699502115288725
2014-05-28,1911.77001953125,1914.4599609375,1907.300048828125,1909.780029296875,2976450000.0,Wednesday,May,21.25,1887.102001953125,-0.0011140717108722997,-0.0011146927500584232
2014-05-29,1910.5999755859375,1920.030029296875,1909.8199462890625,1920.030029296875,2709050000.0,Thursday,May,49.1800537109375,1888.919500732422,0.0053671102654548886,0.005352758657361124
2014-05-30,1920.3299560546875,1924.030029296875,1916.6400146484375,1923.5699462890625,3263490000.0,Friday,May,45.7099609375,1891.040997314453,0.0018436779311643559,0.0018419804431013698
2014-06-02,1923.8699951171875,1925.8800048828125,1915.97998046875,1924.969970703125,2509020000.0,Monday,June,39.8900146484375,1893.056494140625,0.0007278261010281728,0.0007275613640587
2014-06-03,1923.0699462890625,1925.0699462890625,1918.7900390625,1924.239990234375,2867180000.0,Tuesday,June,51.4100341796875,1895.8824951171875,-0.00037921654875650024,-0.0003792884695348666
2014-06-04,1923.06005859375,1928.6300048828125,1918.5999755859375,1927.8800048828125,2793920000.0,Wednesday,June,39.8499755859375,1898.3659973144531,0.001891663548679423,0.0018898766063629325
2014-06-05,1928.52001953125,1941.739990234375,1922.9300537109375,1940.4599609375,3113270000.0,Thursday,June,47.969970703125,1901.6074951171875,0.006525279593556643,0.006504082119662981
2014-06-06,1942.4100341796875,1949.43994140625,1942.4100341796875,1949.43994140625,2864300000.0,Friday,June,48.909912109375,1905.1554931640626,0.004627758701298612,0.00461708354801898
2014-06-09,1948.969970703125,1955.550048828125,1947.1600341796875,1951.27001953125,2812180000.0,Monday,June,50.739990234375,1907.886492919922,0.0009387712266117898,0.0009383308564868176
2014-06-10,1950.3399658203125,1950.8599853515625,1944.6400146484375,1950.7900390625,2702360000.0,Tuesday,June,38.8800048828125,1910.5534973144531,-0.00024598362294592224,-0.0002460138818795375
2014-06-11,1949.3699951171875,1949.3699951171875,1940.0799560546875,1943.8900146484375,2710620000.0,Wednesday,June,34.1099853515625,1913.3214965820312,-0.0035370410325543666,-0.0035433111516659397
2014-06-12,1943.3499755859375,1943.3499755859375,1925.780029296875,1930.1099853515625,3040480000.0,Thursday,June,10.0799560546875,1916.2844970703125,-0.00708889350376507,-0.00711413908891029
2014-06-13,1930.800048828125,1937.300048828125,1927.68994140625,1936.1600341796875,2598230000.0,Friday,June,12.590087890625,1919.1994995117188,0.003134561695468774,0.0031296591990707602
2014-06-16,1934.8399658203125,1941.1500244140625,1930.9100341796875,1937.780029296875,2926130000.0,Monday,June,12.81005859375,1921.8345031738281,0.0008367051734305964,0.0008363553307868065
2014-06-17,1937.1500244140625,1943.68994140625,1933.550048828125,1941.989990234375,2971260000.0,Tuesday,June,17.75,1925.2925048828124,0.0021725690603942027,0.0021702124448891515
2014-06-18,1942.72998046875,1957.739990234375,1939.2900390625,1956.97998046875,3065220000.0,Wednesday,June,29.0999755859375,1928.7400024414062,0.007718881307192449,0.007689243160729406
2014-06-19,1957.5,1959.8699951171875,1952.260009765625,1959.47998046875,2952150000.0,Thursday,June,19.02001953125,1932.089501953125,0.0012774785766593855,0.001276663295165036
2014-06-20,1960.449951171875,1963.9100341796875,1959.1700439453125,1962.8699951171875,4336240000.0,Friday,June,13.4300537109375,1935.2065002441407,0.0017300583227324307,0.0017285634956760601
2014-06-23,1962.9200439453125,1963.739990234375,1958.8900146484375,1962.6099853515625,2717630000.0,Monday,June,11.3399658203125,1938.310498046875,-0.00013246407875799893,-0.0001324728528989271
2014-06-24,1961.969970703125,1968.1700439453125,1948.3399658203125,1949.97998046875,3089700000.0,Tuesday,June,-0.81005859375,1940.2139953613282,-0.006435310620591883,-0.006456106498617479
2014-06-25,1949.27001953125,1960.8299560546875,1947.489990234375,1959.530029296875,3106710000.0,Wednesday,June,15.6400146484375,1942.7014953613282,0.0048975112174378665,0.004885557422717193
2014-06-26,1959.8900146484375,1959.8900146484375,1944.68994140625,1957.219970703125,2778840000.0,Thursday,June,27.1099853515625,1944.5609924316407,-0.00117888399729138,-0.0011795794276391145
2014-06-27,1956.56005859375,1961.469970703125,1952.1800537109375,1960.9599609375,4290590000.0,Friday,June,24.7999267578125,1946.4304931640625,0.001910868625069062,0.0019090452380837368
2014-06-30,1960.7900390625,1964.239990234375,1958.219970703125,1960.22998046875,3037350000.0,Monday,June,22.449951171875,1948.1934936523437,-0.0003722566922789161,-0.00037232599700135415
2014-07-01,1962.2900390625,1978.5799560546875,1962.2900390625,1973.3199462890625,3188240000.0,Tuesday,July,31.3299560546875,1950.6474914550781,0.006677770440579822,0.006655572896822518
2014-07-02,1973.06005859375,1976.6700439453125,1972.5799560546875,1974.6199951171875,2851480000.0,Wednesday,July,17.6400146484375,1952.9844909667968,0.0006588129971369927,0.0006585960751231936
2014-07-03,1975.8800048828125,1985.5899658203125,1975.8800048828125,1985.43994140625,1998090000.0,Thursday,July,25.9599609375,1955.2334899902344,0.005479508115899812,0.005464550227672394
2014-07-04,1975.8800048828125,1985.5899658203125,1975.8800048828125,1985.43994140625,1998090000.0,Friday,July,22.5699462890625,1957.0334899902343,0.0,0.0
2014-07-07,1984.219970703125,1984.219970703125,1974.8800048828125,1977.6500244140625,2681260000.0,Monday,July,15.0400390625,1958.352490234375,-0.003923521850109468,-0.003931239054323629
2014-07-08,1976.3900146484375,1976.3900146484375,1959.4599609375,1963.7099609375,3302430000.0,Tuesday,July,13.72998046875,1958.998486328125,-0.00704880201475111,-0.007073762181680688
2014-07-09,1965.0999755859375,1974.1500244140625,1965.0999755859375,1972.8299560546875,2858800000.0,Wednesday,July,13.2999267578125,1960.4454833984375,0.004644267890169251,0.004633516553259208
2014-07-10,1966.6700439453125,1969.8399658203125,1952.8599853515625,1964.6800537109375,3165690000.0,Thursday,July,7.4600830078125,1962.1739868164063,-0.004131071874054704,-0.004139628324473722
2014-07-11,1965.760009765625,1968.6700439453125,1959.6300048828125,1967.5699462890625,2684630000.0,Friday,July,6.6099853515625,1963.744482421875,0.0014709227452411877,0.0014698419980472353
2014-07-14,1969.8599853515625,1979.8499755859375,1969.8599853515625,1977.0999755859375,2744920000.0,Monday,July,16.8699951171875,1965.7104797363281,0.004843552990250188,0.004831860726996926
2014-07-15,1977.3599853515625,1982.52001953125,1965.3399658203125,1973.280029296875,3328740000.0,Tuesday,July,-0.0399169921875,1967.2749816894532,-0.0019320956634630848,-0.0019339645679456246
2014-07-16,1976.3499755859375,1983.93994140625,1975.6700439453125,1981.5699462890625,3390950000.0,Wednesday,July,6.949951171875,1968.5044799804687,0.004201084929208676,0.004192285009448555
2014-07-17,1979.75,1981.800048828125,1955.5899658203125,1958.1199951171875,3381680000.0,Thursday,July,-27.3199462890625,1968.4364807128907,-0.01183402645755216,-0.011904605927478003
2014-07-18,1961.5400390625,1979.9100341796875,1960.8199462890625,1978.219970703125,3106060000.0,Friday,July,-7.219970703125,1969.2039794921875,0.010264935568841116,0.010212608899671183
2014-07-21,1976.9300537109375,1976.9300537109375,1965.77001953125,1973.6300048828125,2611160000.0,Monday,July,-4.02001953125,1969.75498046875,-0.0023202504717819705,-0.002322946423904652
2014-07-22,1975.6500244140625,1986.239990234375,1975.6500244140625,1983.530029296875,2890480000.0,Tuesday,July,19.820068359375,1971.4324829101563,0.005016150134305564,0.005003611167300126
2014-07-23,1985.3199462890625,1989.22998046875,1982.43994140625,1987.010009765625,2869720000.0,Wednesday,July,14.1800537109375,1972.8064819335937,0.0017544380056517817,0.001752900777012884
2014-07-24,1988.0699462890625,1991.3900146484375,1985.7900390625,1987.97998046875,3203530000.0,Thursday,July,23.2999267578125,1974.344482421875,0.00048815592189166424,0.00048803681255066896
2014-07-25,1984.5999755859375,1984.5999755859375,1974.3699951171875,1978.3399658203125,2638960000.0,Friday,July,10.77001953125,1975.2134826660156,-0.004849150767687549,-0.004860946046109087
2014-07-28,1978.25,1981.52001953125,1967.31005859375,1978.9100341796875,2803320000.0,Monday,July,1.81005859375,1976.1474853515624,0.0002881549022029084,0.0002881133935528325
2014-07-29,1980.030029296875,1984.8499755859375,1969.949951171875,1969.949951171875,3183300000.0,Tuesday,July,-3.330078125,1975.978985595703,-0.004527786939807377,-0.004538068413714011
2014-07-30,1973.2099609375,1978.9000244140625,1962.4200439453125,1970.0699462890625,3448250000.0,Wednesday,July,-11.5,1975.751483154297,6.091277451791832e-05,6.091091941020138e-05
2014-07-31,1965.1400146484375,1965.1400146484375,1930.6700439453125,1930.6700439453125,4193000000.0,Thursday,July,-27.449951171875,1973.01298828125,-0.019999240340662028,-0.02020193215523012
2014-08-01,1929.800048828125,1937.3499755859375,1916.3699951171875,1925.1500244140625,3789660000.0,Friday,August,-53.0699462890625,1969.9984924316407,-0.002859121137017251,-0.002863216231298331
2014-08-04,1926.6199951171875,1942.9200439453125,1921.199951171875,1938.989990234375,3072920000.0,Monday,August,-34.6400146484375,1968.0654907226562,0.007189032358413172,0.007163314449646609
2014-08-05,1936.3399658203125,1936.3399658203125,1913.77001953125,1920.2099609375,3462520000.0,Tuesday,August,-63.320068359375,1965.8904907226563,-0.009685469956760784,-0.009732679197336652
2014-08-06,1917.2900390625,1927.9100341796875,1911.449951171875,1920.239990234375,3539150000.0,Wednesday,August,-66.77001953125,1963.2609924316407,1.563854864095049e-05,1.5638426360123552e-05
2014-08-07,1923.030029296875,1928.8900146484375,1904.780029296875,1909.5699462890625,3230520000.0,Thursday,August,-78.4100341796875,1960.5054870605468,-0.0055566200056119674,-0.005572115446733026
2014-08-08,1910.3499755859375,1932.3800048828125,1909.010009765625,1931.5899658203125,2902280000.0,Friday,August,-46.75,1958.7064880371095,0.011531402436471216,0.011465422557972033
2014-08-11,1933.4300537109375,1944.9000244140625,1933.4300537109375,1936.9200439453125,2784890000.0,Monday,August,-41.989990234375,1956.697491455078,0.0027594252503462258,0.0027556250258418476
2014-08-12,1935.72998046875,1939.6500244140625,1928.2900390625,1933.75,2611700000.0,Tuesday,August,-36.199951171875,1954.7209899902343,-0.00163664161317445,-0.0016379823741559415
2014-08-13,1935.5999755859375,1948.4100341796875,1935.5999755859375,1946.719970703125,2718020000.0,Wednesday,August,-23.3499755859375,1952.9784912109376,0.006707160027472625,0.006684767102510805
2014-08-14,1947.4100341796875,1955.22998046875,1947.4100341796875,1955.1800537109375,2609460000.0,Thursday,August,24.510009765625,1952.831494140625,0.004345814053963171,0.004336398273697699
2014-08-15,1958.8699951171875,1964.0400390625,1941.5,1955.06005859375,3023380000.0,Friday,August,29.9100341796875,1951.6734985351563,-6.137292417629503e-05,-6.137480757126603e-05
2014-08-18,1958.3599853515625,1971.989990234375,1958.3599853515625,1971.739990234375,2638160000.0,Monday,August,32.75,1951.5789978027344,0.008531672245722488,0.0084954832196601
2014-08-19,1972.72998046875,1982.5699462890625,1972.72998046875,1981.5999755859375,2656430000.0,Tuesday,August,61.3900146484375,1951.4824951171875,0.005000651911710952,0.004988190179197795
2014-08-20,1980.4599609375,1988.5699462890625,1977.6800537109375,1986.510009765625,2579560000.0,Wednesday,August,66.27001953125,1951.4574951171876,0.002477812999687634,0.0024747482825436223
2014-08-21,1986.8199462890625,1994.760009765625,1986.8199462890625,1992.3699951171875,2638920000.0,Thursday,August,82.800048828125,1951.6769958496093,0.0029498896671826813,0.002945547280270624
2014-08-22,1992.5999755859375,1993.5400390625,1984.760009765625,1988.4000244140625,2301860000.0,Friday,August,56.81005859375,1952.179998779297,-0.0019925870761225983,-0.0019945749188226202
2014-08-25,1991.739990234375,2001.949951171875,1991.739990234375,1997.9200439453125,2233880000.0,Monday,August,61.0,1953.1304992675782,0.004787778824361766,0.004776353863603847
2014-08-26,1998.5899658203125,2005.0400390625,1998.5899658203125,2000.02001953125,2451950000.0,Tuesday,August,66.27001953125,1954.6340026855469,0.0010510808940034089,0.0010505288952435787
2014-08-27,2000.5400390625,2002.1400146484375,1996.199951171875,2000.1199951171875,2344350000.0,Wednesday,August,53.4000244140625,1956.1365051269531,4.9987292607633904e-05,4.998604328455613e-05
2014-08-28,1997.4200439453125,1998.550048828125,1990.52001953125,1996.739990234375,2282400000.0,Thursday,August,41.5599365234375,1959.4400024414062,-0.0016899010514689339,-0.0016913305449461642
2014-08-29,1998.449951171875,2003.3800048828125,1994.6500244140625,2003.3699951171875,2259130000.0,Friday,August,48.3099365234375,1963.3510009765625,0.00332041473363498,0.0033149143290199016
2014-09-01,1998.449951171875,2003.3800048828125,1994.6500244140625,2003.3699951171875,2259130000.0,Monday,September,31.6300048828125,1966.570001220703,0.0,0.0
2014-09-02,2004.0699462890625,2006.1199951171875,1994.8499755859375,2002.280029296875,2819980000.0,Tuesday,September,20.6800537109375,1970.6735046386718,-0.0005440661600049079,-0.0005442142177026967
2014-09-03,2003.5699462890625,2009.280029296875,1998.1400146484375,2000.719970703125,2809980000.0,Wednesday,September,14.2099609375,1974.6975036621093,-0.0007791410646480479,-0.0007794447528015455
2014-09-04,2001.6700439453125,2011.1700439453125,1992.5400390625,1997.6500244140625,3072410000.0,Thursday,September,5.280029296875,1979.1015075683595,-0.0015344207755288997,-0.001535599204712169
2014-09-05,1998.0,2007.7099609375,1990.0999755859375,2007.7099609375,2818300000.0,Friday,September,19.3099365234375,1982.9075073242188,0.005035885365550108,0.005023247704958486
2014-09-08,2007.1700439453125,2007.1700439453125,1995.5999755859375,2001.5400390625,2789090000.0,Monday,September,3.6199951171875,1986.1385070800782,-0.003073114142502442,-0.003077845854315851
2014-09-09,2000.72998046875,2001.010009765625,1984.6099853515625,1988.43994140625,2882830000.0,Tuesday,September,-11.580078125,1988.8730041503907,-0.006545009043329442,-0.006566521532685439
2014-09-10,1988.4100341796875,1996.6600341796875,1982.989990234375,1995.68994140625,2912430000.0,Wednesday,September,-4.4300537109375,1991.3215026855469,0.0036460744169486414,0.0036394436003678032
2014-09-11,1992.8499755859375,1997.6500244140625,1985.9300537109375,1997.449951171875,2941690000.0,Thursday,September,0.7099609375,1993.4349975585938,0.0008819054148185845,0.0008815167647232053
2014-09-12,1996.739990234375,1996.739990234375,1980.260009765625,1985.5400390625,3206570000.0,Friday,September,-17.8299560546875,1994.9589965820312,-0.005962558462297207,-0.0059804054920065425
2014-09-15,1986.0400390625,1987.1800537109375,1978.47998046875,1984.1300048828125,2776530000.0,Monday,September,-19.239990234375,1995.5784973144532,-0.0007101514711097545,-0.0007104037481093734
2014-09-16,1981.9300537109375,2002.280029296875,1979.06005859375,1998.97998046875,3160310000.0,Tuesday,September,-3.300048828125,1996.4474975585938,0.007484376300642026,0.007456507324556423
2014-09-17,1999.300048828125,2010.739990234375,1993.2900390625,2001.5699462890625,3209420000.0,Wednesday,September,0.8499755859375,1997.2004943847655,0.0012956437010964716,0.0012948050790884346
2014-09-18,2003.0699462890625,2012.3399658203125,2003.0699462890625,2011.3599853515625,3235340000.0,Thursday,September,13.7099609375,1998.1499938964844,0.0048911800862372345,0.004879257127339826
2014-09-19,2012.739990234375,2019.260009765625,2006.5899658203125,2010.4000244140625,4880220000.0,Friday,September,2.6900634765625,1999.2499938964843,-0.00047726958102545236,-0.00047738351040339826
2014-09-22,2009.0799560546875,2009.0799560546875,1991.010009765625,1994.2900390625,3349670000.0,Monday,September,-7.25,1999.0684936523437,-0.00801332329681892,-0.0080456025302185
2014-09-23,1992.780029296875,1995.4100341796875,1982.77001953125,1982.77001953125,3279350000.0,Tuesday,September,-5.669921875,1998.2059936523438,-0.0057765015647701645,-0.0057932500796262516
2014-09-24,1983.3399658203125,1999.7900390625,1978.6300048828125,1998.300048828125,3313850000.0,Wednesday,September,2.610107421875,1998.1149963378907,0.00783249148610099,0.0078019767586544365
2014-09-25,1997.3199462890625,1997.3199462890625,1965.989990234375,1965.989990234375,3273050000.0,Thursday,September,-31.4599609375,1996.5774963378906,-0.016168772358634453,-0.016300913265170507
2014-09-26,1966.219970703125,1986.3699951171875,1966.219970703125,1982.8499755859375,2929440000.0,Friday,September,-2.6900634765625,1995.551495361328,0.008575824615237426,0.00853926112400154
2014-09-29,1978.9599609375,1981.280029296875,1964.0400390625,1977.800048828125,3094440000.0,Monday,September,-6.3299560546875,1994.272998046875,-0.002546802239196233,-0.0025500508569158233
2014-09-30,1978.2099609375,1985.1700439453125,1968.9599609375,1972.2900390625,3951100000.0,Tuesday,September,-26.68994140625,1992.7734985351562,-0.002785928622506484,-0.0027898165443120183
2014-10-01,1971.43994140625,1971.43994140625,1941.719970703125,1946.1600341796875,4188590000.0,Wednesday,October,-55.409912109375,1990.0455017089844,-0.013248560995234304,-0.013337106112637435
2014-10-02,1945.8299560546875,1952.3199462890625,1926.030029296875,1946.1700439453125,4012510000.0,Thursday,October,-65.18994140625,1987.471502685547,5.143341477165109e-06,5.143328250229687e-06
2014-10-03,1948.1199951171875,1971.18994140625,1948.1199951171875,1967.9000244140625,3560970000.0,Friday,October,-42.5,1985.481005859375,0.0111655096821337,0.011103635523902509
2014-10-06,1970.010009765625,1977.8399658203125,1958.4300537109375,1964.8199462890625,3358220000.0,Monday,October,-29.4700927734375,1983.645001220703,-0.0015651598591330806,-0.0015663860013981836
2014-10-07,1962.3599853515625,1962.3599853515625,1934.8699951171875,1935.0999755859375,3687870000.0,Tuesday,October,-47.6700439453125,1980.9780029296876,-0.015126053030587783,-0.015241618619128634
2014-10-08,1935.550048828125,1970.3599853515625,1925.25,1968.8900146484375,4441890000.0,Wednesday,October,-29.4100341796875,1979.638006591797,0.017461650296527242,0.01731094749805919
2014-10-09,1967.6800537109375,1967.6800537109375,1927.56005859375,1928.2099609375,4344020000.0,Thursday,October,-37.780029296875,1976.176007080078,-0.02066141501469354,-0.02087784845431496
2014-10-10,1925.6300048828125,1936.97998046875,1906.050048828125,1906.1300048828125,4550540000.0,Friday,October,-76.719970703125,1972.2055053710938,-0.011451012338901223,-0.011517080026210946
2014-10-13,1905.6500244140625,1912.0899658203125,1874.1400146484375,1874.739990234375,4352580000.0,Monday,October,-103.06005859375,1966.7360046386718,-0.016467929557809624,-0.016605033202522507
2014-10-14,1877.1099853515625,1898.7099609375,1871.7900390625,1877.699951171875,4812010000.0,Tuesday,October,-94.590087890625,1960.6720031738282,0.0015788647774723774,0.001577619680866768
2014-10-15,1874.1800537109375,1874.1800537109375,1820.6600341796875,1862.489990234375,6090800000.0,Wednesday,October,-83.6700439453125,1953.7180053710938,-0.008100314924121665,-0.008133300726077349
2014-10-16,1855.949951171875,1876.010009765625,1835.02001953125,1862.760009765625,5073150000.0,Thursday,October,-83.4100341796875,1946.2880065917968,0.0001449777086941495,0.0001449672004417697
2014-10-17,1864.9100341796875,1898.1600341796875,1864.9100341796875,1886.760009765625,4482120000.0,Friday,October,-81.1400146484375,1940.106005859375,0.012884107385910504,0.012801813377146141
2014-10-20,1885.6199951171875,1905.030029296875,1882.300048828125,1904.010009765625,3331210000.0,Monday,October,-60.8099365234375,1935.5920043945312,0.00914265720638352,0.009101116121281314
2014-10-21,1909.3800048828125,1942.449951171875,1909.3800048828125,1941.280029296875,3987090000.0,Tuesday,October,6.1800537109375,1933.5175048828125,0.019574487182363987,0.01938537082775091
2014-10-22,1941.2900390625,1949.31005859375,1926.8299560546875,1927.1099853515625,3761930000.0,Wednesday,October,-41.780029296875,1929.9580017089843,-0.0072993302004167315,-0.007326100661612184
2014-10-23,1931.02001953125,1961.949951171875,1931.02001953125,1950.8199462890625,3789250000.0,Thursday,October,22.6099853515625,1929.1994995117188,0.012303377138681793,0.012228305721599457
2014-10-24,1951.5899658203125,1965.27001953125,1946.27001953125,1964.5799560546875,3078380000.0,Friday,October,58.449951171875,1928.2859985351563,0.007053449392805167,0.007028690175716194
2014-10-27,1962.969970703125,1964.6400146484375,1951.3699951171875,1961.6300048828125,3538860000.0,Monday,October,86.8900146484375,1927.4774963378907,-0.0015015683952100956,-0.001502696878837878
2014-10-28,1964.1400146484375,1985.050048828125,1964.1400146484375,1985.050048828125,3653260000.0,Tuesday,October,107.35009765625,1928.115496826172,0.011939073060167393,0.011868364566910393
2014-10-29,1983.2900390625,1991.4000244140625,1969.0400390625,1982.300048828125,3740350000.0,Wednesday,October,119.81005859375,1929.9224975585937,-0.0013853554985293615,-0.0013863159906425204
2014-10-30,1979.489990234375,1999.4000244140625,1974.75,1994.6500244140625,3586150000.0,Thursday,October,131.8900146484375,1932.3464965820312,0.0062301242403934864,0.006210797247873184
2014-10-31,2001.199951171875,2018.18994140625,2001.199951171875,2018.050048828125,4292290000.0,Friday,October,131.2900390625,1934.8539978027343,0.011731393541549506,0.011663114233148569
2014-11-03,2018.2099609375,2024.4599609375,2013.6800537109375,2017.81005859375,3555440000.0,Monday,November,113.800048828125,1937.5035034179687,-0.00011892184463624389,-0.00011892891639947338
2014-11-04,2015.81005859375,2015.97998046875,2001.010009765625,2012.0999755859375,3956260000.0,Tuesday,November,70.8199462890625,1941.3535034179688,-0.0028298416808328897,-0.0028338532526650333
2014-11-05,2015.2900390625,2023.77001953125,2014.4200439453125,2023.5699462890625,3766590000.0,Wednesday,November,96.4599609375,1944.0875,0.005700497411807115,0.005684311060804489
2014-11-06,2023.3299560546875,2031.6099853515625,2015.8599853515625,2031.2099609375,3669770000.0,Thursday,November,80.3900146484375,1949.2375,0.0037755130048497954,0.003768403644328259
2014-11-07,2032.3599853515625,2034.260009765625,2025.0699462890625,2031.9200439453125,3704280000.0,Friday,November,67.340087890625,1955.527001953125,0.00034958621780534216,0.00034952512678080786
2014-11-10,2032.010009765625,2038.699951171875,2030.1700439453125,2038.260009765625,3284940000.0,Monday,November,76.6300048828125,1963.7030029296875,0.003120184693883088,0.003115327019558855
2014-11-11,2038.199951171875,2041.280029296875,2035.280029296875,2039.6800537109375,2958320000.0,Tuesday,November,54.6300048828125,1971.8020080566407,0.0006966942090356198,0.0006964516302874351
2014-11-12,2037.75,2040.3299560546875,2031.949951171875,2038.25,3246650000.0,Wednesday,November,55.949951171875,1980.5900085449218,-0.0007011166816754955,-0.0007013625789179808
2014-11-13,2039.2099609375,2046.1800537109375,2030.43994140625,2039.3299560546875,3455270000.0,Thursday,November,44.679931640625,1989.418505859375,0.0005298447465655887,0.0005297044284002311
2014-11-14,2039.739990234375,2042.219970703125,2035.199951171875,2039.8199462890625,3227130000.0,Friday,November,21.7698974609375,1997.0715026855469,0.00024027020881067784,0.0002402413485468054
2014-11-17,2038.2900390625,2043.0699462890625,2034.4599609375,2041.3199462890625,3152890000.0,Monday,November,23.5098876953125,2003.9369995117188,0.0007353590216279127,0.0007350887776586797
2014-11-18,2041.47998046875,2056.080078125,2041.47998046875,2051.800048828125,3416190000.0,Tuesday,November,39.7000732421875,2009.4630004882813,0.005133983312177293,0.005120849353688389
2014-11-19,2051.159912109375,2052.139892578125,2040.3699951171875,2048.719970703125,3390850000.0,Wednesday,November,25.1500244140625,2015.5434997558593,-0.0015011590075549863,-0.0015022868756188182
2014-11-20,2045.8699951171875,2053.840087890625,2040.489990234375,2052.75,3128290000.0,Thursday,November,21.5400390625,2020.6400024414063,0.0019670962134916703,0.001965164013202754
2014-11-21,2057.4599609375,2071.4599609375,2056.75,2063.5,3916420000.0,Friday,November,31.5799560546875,2025.586004638672,0.0052368773596394025,0.0052232126037382535
2014-11-24,2065.070068359375,2070.169921875,2065.070068359375,2069.409912109375,3128060000.0,Monday,November,31.14990234375,2030.975,0.0028640233144536786,0.00285992981373923
2014-11-25,2070.14990234375,2074.2099609375,2064.75,2067.030029296875,3392940000.0,Tuesday,November,27.3499755859375,2035.0739990234374,-0.0011500296768531815,-0.0011506914684172845
2014-11-26,2067.360107421875,2073.2900390625,2066.6201171875,2072.830078125,2745260000.0,Wednesday,November,34.580078125,2039.6005004882813,0.0028059818899186517,0.0028020524716035632
2014-11-27,2067.360107421875,2073.2900390625,2066.6201171875,2072.830078125,2745260000.0,Thursday,November,33.5001220703125,2043.509503173828,0.0,0.0
2014-11-28,2074.780029296875,2075.760009765625,2065.06005859375,2067.56005859375,2504640000.0,Friday,November,27.7401123046875,2045.9850036621094,-0.002542427180532325,-0.0025456646370122207
2014-12-01,2065.780029296875,2065.780029296875,2049.570068359375,2053.43994140625,4159010000.0,Monday,December,12.1199951171875,2047.7664978027344,-0.006829362527492333,-0.006852789344834434
2014-12-02,2053.77001953125,2068.77001953125,2053.77001953125,2066.550048828125,3686650000.0,Tuesday,December,14.75,2050.4890014648436,0.006384461097458161,0.006364166758848178
2014-12-03,2067.449951171875,2076.280029296875,2066.64990234375,2074.330078125,3612680000.0,Wednesday,December,25.610107421875,2053.0270080566406,0.0037647427417917267,0.0037576738340269794
2014-12-04,2073.639892578125,2077.340087890625,2062.340087890625,2071.919921875,3408340000.0,Thursday,December,19.169921875,2055.0625061035157,-0.0011618962070774064,-0.0011625717317858438
2014-12-05,2072.780029296875,2079.469970703125,2070.81005859375,2075.3701171875,3419620000.0,Friday,December,11.8701171875,2057.235009765625,0.0016652165347093018,0.0016638315989210529
2014-12-08,2074.840087890625,2075.780029296875,2054.27001953125,2060.31005859375,3800990000.0,Monday,December,-9.099853515625,2058.337512207031,-0.007256565211683386,-0.007283022149715385
2014-12-09,2056.550048828125,2060.60009765625,2034.1700439453125,2059.820068359375,3970150000.0,Tuesday,December,-7.2099609375,2059.344512939453,-0.00023782354133117245,-0.00023785182583414743
2014-12-10,2058.860107421875,2058.860107421875,2024.260009765625,2026.1400146484375,4114440000.0,Wednesday,December,-46.6900634765625,2058.739013671875,-0.01635096881921505,-0.016486121183048656
2014-12-11,2027.9200439453125,2055.530029296875,2027.9200439453125,2035.3299560546875,3917950000.0,Thursday,December,-37.5001220703125,2058.539013671875,0.0045356892119050585,0.004525433971620777
2014-12-12,2030.3599853515625,2032.25,2002.3299560546875,2002.3299560546875,4157650000.0,Friday,December,-65.2301025390625,2056.664514160156,-0.016213587335965784,-0.01634646579165845
2014-12-15,2005.030029296875,2018.68994140625,1982.260009765625,1989.6300048828125,4361990000.0,Monday,December,-63.8099365234375,2054.0800170898438,-0.006342586611898127,-0.006362786271721939
2014-12-16,1986.7099609375,2016.8900146484375,1972.56005859375,1972.739990234375,4958680000.0,Tuesday,December,-93.81005859375,2050.1270141601562,-0.008489022887163578,-0.008525259865380821
2014-12-17,1973.77001953125,2016.75,1973.77001953125,2012.8900146484375,4942370000.0,Wednesday,December,-61.4400634765625,2048.335516357422,0.020352415732846962,0.02014807324329562
2014-12-18,2018.97998046875,2061.22998046875,2018.97998046875,2061.22998046875,4703380000.0,Thursday,December,-10.68994140625,2048.7595153808593,0.02401520473971619,0.02373137488570905
2014-12-19,2061.0400390625,2077.85009765625,2061.030029296875,2070.64990234375,6465530000.0,Friday,December,-4.72021484375,2049.117010498047,0.004570048934014581,0.004559637967419008
2014-12-22,2069.280029296875,2078.760009765625,2069.280029296875,2078.5400390625,3369520000.0,Monday,December,18.22998046875,2049.573516845703,0.003810463907886641,0.003803222479927145
2014-12-23,2081.47998046875,2086.72998046875,2079.77001953125,2082.169921875,3043950000.0,Tuesday,December,22.349853515625,2050.3305114746095,0.0017463617463617798,0.0017448386297044874
2014-12-24,2083.25,2087.56005859375,2081.860107421875,2081.8798828125,1416980000.0,Wednesday,December,55.7398681640625,2050.7830017089846,-0.00013929653841071588,-0.0001393062410745646
2014-12-25,2083.25,2087.56005859375,2081.860107421875,2081.8798828125,1416980000.0,Thursday,December,46.5499267578125,2051.235491943359,0.0,0.0
2014-12-26,2084.300048828125,2092.699951171875,2084.300048828125,2088.77001953125,1735230000.0,Friday,December,86.4400634765625,2052.2959899902344,0.003309574570383944,0.0033041099821209488
2014-12-29,2087.6298828125,2093.550048828125,2085.75,2090.570068359375,2452360000.0,Monday,December,100.9400634765625,2054.1524963378906,0.0008617745425745227,0.000861403428089447
2014-12-30,2088.489990234375,2088.489990234375,2079.530029296875,2080.35009765625,2440280000.0,Tuesday,December,107.610107421875,2054.842498779297,-0.0048886047197381766,-0.004900593034504285
2014-12-31,2082.110107421875,2085.580078125,2057.93994140625,2058.89990234375,2606070000.0,Wednesday,December,46.0098876953125,2054.0709899902345,-0.010310858415930158,-0.01036438356125046
2015-01-01,2082.110107421875,2085.580078125,2057.93994140625,2058.89990234375,2606070000.0,Thursday,January,-2.330078125,2053.419989013672,0.0,0.0
2015-01-02,2058.89990234375,2072.360107421875,2046.0400390625,2058.199951171875,2708700000.0,Friday,January,-12.449951171875,2052.5614807128904,-0.0003399636723855348,-0.0003400214731352804
2015-01-05,2054.43994140625,2054.43994140625,2017.3399658203125,2020.5799560546875,3799120000.0,Monday,January,-57.9600830078125,2050.5749755859374,-0.018278105145113743,-0.01844721353258727
2015-01-06,2022.1500244140625,2030.25,1992.43994140625,2002.6099853515625,4460110000.0,Tuesday,January,-79.5599365234375,2047.7144714355468,-0.008893471722946522,-0.00893325469070017
2015-01-07,2005.550048828125,2029.6099853515625,2005.550048828125,2025.9000244140625,3805480000.0,Wednesday,January,-55.9798583984375,2047.7024719238282,0.01162984267174294,0.011562735844876304
2015-01-08,2030.6099853515625,2064.080078125,2030.6099853515625,2062.139892578125,3934010000.0,Thursday,January,-19.739990234375,2049.04296875,0.017888280629516196,0.017730168127155693
2015-01-09,2063.449951171875,2064.429931640625,2038.3299560546875,2044.81005859375,3364140000.0,Friday,January,-43.9599609375,2051.1669738769533,-0.008403811034715436,-0.008439322147078786
2015-01-12,2046.1300048828125,2049.300048828125,2022.5799560546875,2028.260009765625,3456460000.0,Monday,January,-62.31005859375,2053.0984741210937,-0.008093685160912578,-0.008126616843470486
2015-01-13,2031.5799560546875,2056.929931640625,2008.25,2023.030029296875,4107300000.0,Tuesday,January,-57.320068359375,2055.6129760742188,-0.0025785552362955766,-0.0025818854358163217
2015-01-14,2018.4000244140625,2018.4000244140625,1988.43994140625,2011.27001953125,4378680000.0,Wednesday,January,-47.6298828125,2055.5319763183593,-0.005813067327385291,-0.00583002896797565
2015-01-15,2013.75,2021.3499755859375,1991.469970703125,1992.6700439453125,4276720000.0,Thursday,January,-66.2298583984375,2052.1039794921876,-0.009247875921837956,-0.009290903004567546
2015-01-16,1992.25,2020.4599609375,1988.1199951171875,2019.4200439453125,4056410000.0,Friday,January,-38.7799072265625,2049.5424865722657,0.013424199395820402,0.013334893186267299
2015-01-19,1992.25,2020.4599609375,1988.1199951171875,2019.4200439453125,4056410000.0,Monday,January,-1.159912109375,2046.5864868164062,0.0,0.0
2015-01-20,2020.760009765625,2028.93994140625,2004.489990234375,2022.550048828125,3944340000.0,Tuesday,January,19.9400634765625,2043.6054931640624,0.0015499523698385698,0.001548752433400387
2015-01-21,2020.18994140625,2038.2900390625,2012.0400390625,2032.1199951171875,3730070000.0,Wednesday,January,6.219970703125,2041.117498779297,0.004731623968765364,0.004720465022189361
2015-01-22,2034.300048828125,2064.6201171875,2026.3800048828125,2063.14990234375,4176050000.0,Thursday,January,1.010009765625,2040.1809997558594,0.015269721916580492,0.015154313070630327
2015-01-23,2062.97998046875,2062.97998046875,2050.5400390625,2051.820068359375,3573560000.0,Friday,January,7.010009765625,2038.3335021972657,-0.005491522439307173,-0.005506656279301935
2015-01-26,2050.419921875,2057.6201171875,2040.969970703125,2057.090087890625,3465760000.0,Monday,January,28.830078125,2036.6595031738282,0.002568460857030219,0.0025651679986232745
2015-01-27,2047.8599853515625,2047.8599853515625,2019.9100341796875,2029.550048828125,3329810000.0,Tuesday,January,6.52001953125,2034.1195007324218,-0.013387862410411011,-0.013478287815857576
2015-01-28,2032.3399658203125,2042.489990234375,2001.489990234375,2002.1600341796875,4067530000.0,Wednesday,January,-9.1099853515625,2031.2825073242188,-0.013495609366348305,-0.01358750281102202
2015-01-29,2002.449951171875,2024.6400146484375,1989.1800537109375,2021.25,4127140000.0,Thursday,January,28.5799560546875,2029.4000122070313,0.009534685287099887,0.00948951705826357
2015-01-30,2019.3499755859375,2023.3199462890625,1993.3800048828125,1994.989990234375,4568650000.0,Friday,January,-24.4300537109375,2026.2395141601562,-0.012991965252009852,-0.013077099006318498
2015-02-02,1996.6700439453125,2021.6600341796875,1980.9000244140625,2020.8499755859375,4008330000.0,Monday,February,1.429931640625,2026.2530151367187,0.01296246371066978,0.012879170000215516
2015-02-03,2022.7099609375,2050.300048828125,2022.7099609375,2050.030029296875,4615900000.0,Tuesday,February,27.47998046875,2028.6240173339843,0.014439495293299576,0.014336238577453099
2015-02-04,2048.860107421875,2054.739990234375,2036.719970703125,2041.510009765625,4141920000.0,Wednesday,February,9.3900146484375,2029.4045166015626,-0.0041560462088314765,-0.0041647065724529616
2015-02-05,2043.449951171875,2063.550048828125,2043.449951171875,2062.52001953125,3821990000.0,Thursday,February,-0.6298828125,2029.4235229492188,0.010291406686777416,0.010238810710909235
2015-02-06,2062.280029296875,2072.39990234375,2049.969970703125,2055.469970703125,4232970000.0,Friday,February,3.64990234375,2029.9565185546876,-0.0034181723141418763,-0.00342402761187852
2015-02-09,2053.469970703125,2056.159912109375,2041.8800048828125,2046.739990234375,3549540000.0,Monday,February,-10.35009765625,2030.880517578125,-0.004247194360987749,-0.004256239310481708
2015-02-10,2049.3798828125,2070.860107421875,2048.6201171875,2068.590087890625,3669850000.0,Tuesday,February,39.0400390625,2033.1585205078125,0.010675561019232394,0.010618979554062366
2015-02-11,2068.550048828125,2073.47998046875,2057.989990234375,2068.530029296875,3596860000.0,Wednesday,February,66.3699951171875,2036.0215209960938,-2.903358867545336e-05,-2.9034010158247172e-05
2015-02-12,2069.97998046875,2088.530029296875,2069.97998046875,2088.47998046875,3788350000.0,Thursday,February,67.22998046875,2040.8120178222657,0.009644506431775834,0.009598295065916026
2015-02-13,2088.780029296875,2097.030029296875,2086.699951171875,2096.989990234375,3527450000.0,Friday,February,102.0,2044.6905151367187,0.004074738491730789,0.004066459227779422
2015-02-16,2088.780029296875,2097.030029296875,2086.699951171875,2096.989990234375,3527450000.0,Monday,February,76.1400146484375,2048.569012451172,0.0,0.0
2015-02-17,2096.469970703125,2101.300048828125,2089.800048828125,2100.340087890625,3361750000.0,Tuesday,February,50.31005859375,2052.4585144042967,0.0015975744623728527,0.0015962996977983961
2015-02-18,2099.159912109375,2100.22998046875,2092.14990234375,2099.679931640625,3370020000.0,Wednesday,February,58.169921875,2055.8365112304687,-0.0003143092177338991,-0.00031435862322874816
2015-02-19,2099.25,2102.1298828125,2090.7900390625,2097.449951171875,3247100000.0,Thursday,February,34.929931640625,2057.551513671875,-0.0010620573331896477,-0.0010626217157189283
2015-02-20,2097.64990234375,2110.610107421875,2085.43994140625,2110.300048828125,3281600000.0,Friday,February,54.830078125,2060.4755126953123,0.006126533626735764,0.006107842721055837
2015-02-23,2109.830078125,2110.050048828125,2103.0,2109.659912109375,3093680000.0,Monday,February,62.919921875,2063.10400390625,-0.0003033391953459752,-0.000303385211985694
2015-02-24,2109.10009765625,2117.93994140625,2105.8701171875,2115.47998046875,3199840000.0,Tuesday,February,46.889892578125,2067.400500488281,0.002758770892866691,0.002754972468831103
2015-02-25,2115.300048828125,2119.590087890625,2109.889892578125,2113.860107421875,3312340000.0,Wednesday,February,45.330078125,2072.9855041503906,-0.0007657236475081541,-0.0007660169636026022
2015-02-26,2113.909912109375,2113.909912109375,2103.760009765625,2110.739990234375,3408690000.0,Thursday,February,22.260009765625,2077.4600036621096,-0.001476028227480719,-0.00147711863025381
2015-02-27,2110.8798828125,2112.739990234375,2103.75,2104.5,3547380000.0,Friday,February,7.510009765625,2082.9355041503904,-0.0029563045487578377,-0.0029606830486323707
2015-03-02,2105.22998046875,2117.52001953125,2104.5,2117.389892578125,3409490000.0,Monday,March,20.39990234375,2087.7625,0.006124919257840311,0.0061062381811330165
2015-03-03,2115.760009765625,2115.760009765625,2098.260009765625,2107.780029296875,3262300000.0,Tuesday,March,7.43994140625,2090.65,-0.0045385421527393,-0.004548872603817568
2015-03-04,2107.719970703125,2107.719970703125,2094.489990234375,2098.530029296875,3421110000.0,Wednesday,March,-1.14990234375,2093.5010009765624,-0.00438850348301556,-0.004398161230154572
2015-03-05,2098.5400390625,2104.25,2095.219970703125,2101.0400390625,3103030000.0,Thursday,March,3.590087890625,2095.427001953125,0.0011960799848387271,0.001195365251036089
2015-03-06,2100.909912109375,2100.909912109375,2067.27001953125,2071.260009765625,3853570000.0,Friday,March,-39.0400390625,2096.21650390625,-0.014173946589881803,-0.014275356362467066
2015-03-09,2072.25,2083.489990234375,2072.2099609375,2079.429931640625,3349090000.0,Monday,March,-30.22998046875,2097.8510009765623,0.0039444211911976446,0.003936662357975969
2015-03-10,2076.139892578125,2076.139892578125,2044.1600341796875,2044.1600341796875,3668900000.0,Tuesday,March,-71.3199462890625,2096.629498291016,-0.01696133008584244,-0.017106820937141425
2015-03-11,2044.68994140625,2050.080078125,2039.68994140625,2040.239990234375,3406570000.0,Wednesday,March,-73.6201171875,2095.2149963378906,-0.0019176795748703235,-0.001919520676484767
2015-03-12,2041.0999755859375,2066.409912109375,2041.0999755859375,2065.949951171875,3405860000.0,Thursday,March,-44.7900390625,2094.088494873047,0.012601439566208406,0.012522702206037068
2015-03-13,2064.56005859375,2064.56005859375,2041.1700439453125,2053.39990234375,3498560000.0,Friday,March,-51.10009765625,2091.9089904785155,-0.006074710968194674,-0.006093237090196838
2015-03-16,2055.35009765625,2081.409912109375,2055.35009765625,2081.18994140625,3295600000.0,Monday,March,-36.199951171875,2091.1189880371094,0.013533671171787054,0.013442909023855906
2015-03-17,2080.590087890625,2080.590087890625,2065.080078125,2074.280029296875,3221840000.0,Tuesday,March,-33.5,2089.815985107422,-0.003320173700583018,-0.0033256977077820026
2015-03-18,2072.840087890625,2106.85009765625,2061.22998046875,2099.5,4128210000.0,Wednesday,March,0.969970703125,2089.806988525391,0.012158421402569175,0.012085101501628708
2015-03-19,2098.68994140625,2098.68994140625,2085.56005859375,2089.27001953125,3305220000.0,Thursday,March,-11.77001953125,2089.3979919433596,-0.004872579408787825,-0.004884489126950175
2015-03-20,2090.320068359375,2113.919921875,2090.320068359375,2108.10009765625,5554120000.0,Friday,March,36.840087890625,2089.2879943847656,0.00901275466979845,0.008972382193259682
2015-03-23,2107.989990234375,2114.860107421875,2104.419921875,2104.419921875,3267960000.0,Monday,March,24.989990234375,2089.025994873047,-0.0017457310425351702,-0.0017472566067133015
2015-03-24,2103.93994140625,2107.6298828125,2091.5,2091.5,3189820000.0,Tuesday,March,47.3399658203125,2087.8269958496094,-0.006139421956948832,-0.006158345701590925
2015-03-25,2093.10009765625,2097.429931640625,2061.050048828125,2061.050048828125,3521140000.0,Wednesday,March,20.81005859375,2085.186492919922,-0.014558905652342857,-0.014665926527239062
2015-03-26,2059.93994140625,2067.14990234375,2045.5,2056.14990234375,3510670000.0,Thursday,March,-9.800048828125,2082.4569885253904,-0.002377499996742527,-0.0023803307374738966
2015-03-27,2055.780029296875,2062.830078125,2052.9599609375,2061.02001953125,3008550000.0,Friday,March,7.6201171875,2080.282989501953,0.0023685613495147972,0.0023657607295033602
2015-03-30,2064.110107421875,2088.969970703125,2064.110107421875,2086.239990234375,2917690000.0,Monday,March,5.050048828125,2078.7254943847656,0.012236645187396533,0.012162382647149434
2015-03-31,2084.050048828125,2084.050048828125,2067.0400390625,2067.889892578125,3376550000.0,Tuesday,March,-6.39013671875,2076.730987548828,-0.008795775050879251,-0.008834686217530795
2015-04-01,2067.6298828125,2067.6298828125,2048.3798828125,2059.68994140625,3543270000.0,Wednesday,April,-39.81005859375,2074.788983154297,-0.003965371271123064,-0.0039732542018475255
2015-04-02,2060.030029296875,2072.169921875,2057.320068359375,2066.9599609375,3095960000.0,Thursday,April,-22.31005859375,2073.0849792480467,0.0035296669586522,0.0035234523037141535
2015-04-03,2060.030029296875,2072.169921875,2057.320068359375,2066.9599609375,3095960000.0,Friday,April,-41.14013671875,2072.869976806641,0.0,0.0
2015-04-06,2064.8701171875,2086.989990234375,2056.52001953125,2080.6201171875,3302970000.0,Monday,April,-23.7998046875,2072.9294860839846,0.0066088151237357895,0.006587072647165644
2015-04-07,2080.7900390625,2089.81005859375,2076.10009765625,2076.330078125,3065510000.0,Tuesday,April,-15.169921875,2074.53798828125,-0.0020619040578628844,-0.002064032708587167
2015-04-08,2076.93994140625,2086.68994140625,2073.300048828125,2081.89990234375,3265330000.0,Wednesday,April,20.849853515625,2076.620983886719,0.002682533127767339,0.0026789415573472003
2015-04-09,2081.2900390625,2093.31005859375,2074.2900390625,2091.179931640625,3172360000.0,Thursday,April,35.030029296875,2077.8824829101563,0.004457481018385057,0.004447575873625805
2015-04-10,2091.510009765625,2102.610107421875,2091.510009765625,2102.06005859375,3156200000.0,Friday,April,41.0400390625,2080.3154907226562,0.005202865037342352,0.005189376899456221
2015-04-13,2102.030029296875,2107.64990234375,2092.330078125,2092.429931640625,2908420000.0,Monday,April,6.18994140625,2080.877490234375,-0.00458128059365126,-0.004591806820961145
2015-04-14,2092.280029296875,2098.6201171875,2083.239990234375,2095.840087890625,3301270000.0,Tuesday,April,27.9501953125,2081.9554931640623,0.0016297588743277025,0.00162843225851382
2015-04-15,2097.820068359375,2111.909912109375,2097.820068359375,2106.6298828125,4013760000.0,Wednesday,April,46.93994140625,2082.3119873046876,0.005148195696902835,0.005134989044995592
2015-04-16,2105.9599609375,2111.300048828125,2100.02001953125,2104.989990234375,3434120000.0,Thursday,April,38.030029296875,2083.0979858398437,-0.0007784436134247175,-0.0007787467579851993
2015-04-17,2102.580078125,2102.580078125,2072.3701171875,2081.179931640625,3627600000.0,Friday,April,14.219970703125,2081.7519775390624,-0.011311245518606405,-0.01137570418905323
2015-04-20,2084.110107421875,2103.93994140625,2084.110107421875,2100.39990234375,3000160000.0,Monday,April,19.77978515625,2081.5509765625,0.009235131672624686,0.009192748586536723
2015-04-21,2102.820068359375,2109.639892578125,2094.3798828125,2097.2900390625,3243410000.0,Tuesday,April,20.9599609375,2081.840478515625,-0.0014806053255762563,-0.001481702504767951
2015-04-22,2098.27001953125,2109.97998046875,2091.050048828125,2107.9599609375,3348480000.0,Wednesday,April,26.06005859375,2084.1859741210938,0.005087480356207541,0.005074582853386292
2015-04-23,2107.2099609375,2120.489990234375,2103.18994140625,2112.929931640625,3636670000.0,Thursday,April,21.75,2087.0249755859377,0.002357715893671175,0.0023549408425523675
2015-04-24,2112.800048828125,2120.919921875,2112.800048828125,2117.68994140625,3375780000.0,Friday,April,15.6298828125,2089.8584716796877,0.002252800575326619,0.0022502668247534868
2015-04-27,2119.2900390625,2125.919921875,2107.0400390625,2108.919921875,3438750000.0,Monday,April,16.489990234375,2090.992468261719,-0.004141314249916261,-0.004149913240734652
2015-04-28,2108.35009765625,2116.0400390625,2094.889892578125,2114.760009765625,3546270000.0,Tuesday,April,18.919921875,2093.335974121094,0.0027692316953564777,0.0027654044373465075
2015-04-29,2112.489990234375,2113.64990234375,2097.409912109375,2106.85009765625,4074970000.0,Wednesday,April,0.22021484375,2095.693981933594,-0.0037403355807980043,-0.003747348127573222
2015-04-30,2105.52001953125,2105.52001953125,2077.590087890625,2085.510009765625,4509680000.0,Thursday,April,-19.47998046875,2096.621484375,-0.010128906614839228,-0.010180553033248205
2015-05-01,2087.3798828125,2108.409912109375,2087.3798828125,2108.2900390625,3379390000.0,Friday,May,27.110107421875,2098.68798828125,0.010923001659165044,0.010863776563455257
2015-05-04,2110.22998046875,2120.949951171875,2110.22998046875,2114.489990234375,3091580000.0,Monday,May,14.090087890625,2100.381481933594,0.002940748690645867,0.0029364331477630206
2015-05-05,2112.6298828125,2115.239990234375,2088.4599609375,2089.4599609375,3793950000.0,Tuesday,May,-7.830078125,2101.037976074219,-0.011837383677612334,-0.0119080033585301
2015-05-06,2091.260009765625,2098.419921875,2067.929931640625,2080.14990234375,3792210000.0,Wednesday,May,-27.81005859375,2100.950476074219,-0.004455724813014705,-0.004465681140931977
2015-05-07,2079.9599609375,2092.89990234375,2074.989990234375,2088.0,3676640000.0,Thursday,May,-24.929931640625,2100.7914794921876,0.0037738134388320965,0.003766710469475405
2015-05-08,2092.1298828125,2117.659912109375,2092.1298828125,2116.10009765625,3399440000.0,Friday,May,-1.58984375,2101.4934814453127,0.013457901176364917,0.013368147987361164
2015-05-11,2115.56005859375,2117.68994140625,2104.580078125,2105.330078125,2992670000.0,Monday,May,-3.58984375,2102.1384887695312,-0.005089560528435566,-0.005102556456082039
2015-05-12,2102.8701171875,2105.06005859375,2085.570068359375,2099.1201171875,3139520000.0,Tuesday,May,-15.639892578125,2102.302490234375,-0.0029496376848567873,-0.002953996439367266
2015-05-13,2099.6201171875,2110.18994140625,2096.0400390625,2098.47998046875,3374260000.0,Wednesday,May,-8.3701171875,2101.8949951171876,-0.00030495478248648844,-0.0003050012906516677
2015-05-14,2100.429931640625,2121.449951171875,2100.429931640625,2121.10009765625,3225740000.0,Thursday,May,35.590087890625,2102.7005004882812,0.010779286625573148,0.010721604261760033
2015-05-15,2122.070068359375,2123.889892578125,2116.81005859375,2122.72998046875,3092080000.0,Friday,May,14.43994140625,2104.7780029296873,0.0007684139066803652,0.0007681188278664758
2015-05-18,2121.300048828125,2131.780029296875,2120.010009765625,2129.199951171875,2888190000.0,Monday,May,14.7099609375,2106.2180053710936,0.003047948049283322,0.003043312472570502
2015-05-19,2129.449951171875,2133.02001953125,2124.5,2127.830078125,3296030000.0,Tuesday,May,38.3701171875,2107.745007324219,-0.0006433745436266181,-0.0006435815978420154
2015-05-20,2127.7900390625,2134.719970703125,2122.590087890625,2125.85009765625,3025880000.0,Wednesday,May,45.7001953125,2108.639514160156,-0.0009305162517933008,-0.0009309494507940488
2015-05-21,2125.550048828125,2134.280029296875,2122.949951171875,2130.820068359375,3070460000.0,Thursday,May,42.820068359375,2109.5340209960937,0.0023378744854138933,0.0023351459087448084
2015-05-22,2130.360107421875,2132.14990234375,2126.06005859375,2126.06005859375,2571860000.0,Friday,May,9.9599609375,2109.952526855469,-0.002233886303356414,-0.0022363851494835974
2015-05-25,2130.360107421875,2132.14990234375,2126.06005859375,2126.06005859375,2571860000.0,Monday,May,20.72998046875,2110.809533691406,0.0,0.0
2015-05-26,2125.340087890625,2125.340087890625,2099.179931640625,2104.199951171875,3342130000.0,Tuesday,May,5.079833984375,2110.281530761719,-0.010281980197837881,-0.010335204907502334
2015-05-27,2105.1298828125,2126.219970703125,2105.1298828125,2123.47998046875,3127960000.0,Wednesday,May,25.0,2111.1130249023436,0.009162641262365545,0.009120918929110081
2015-05-28,2122.27001953125,2122.27001953125,2112.860107421875,2120.7900390625,2980350000.0,Thursday,May,-0.31005859375,2112.8770263671877,-0.0012667608976734135,-0.0012675639174870542
2015-05-29,2120.659912109375,2120.659912109375,2104.889892578125,2107.389892578125,3927390000.0,Friday,May,-15.340087890625,2112.8320190429686,-0.0063184691730722164,-0.006338515184097658
2015-06-01,2108.639892578125,2119.14990234375,2102.5400390625,2111.72998046875,3011710000.0,Monday,June,-17.469970703125,2112.6940185546873,0.002059461282371222,0.002057343499147661
2015-06-02,2110.409912109375,2117.590087890625,2099.139892578125,2109.60009765625,3049350000.0,Tuesday,June,-18.22998046875,2113.701025390625,-0.0010085961899480855,-0.0010091051653478204
2015-06-03,2110.639892578125,2121.919921875,2109.610107421875,2114.070068359375,3099980000.0,Wednesday,June,-11.780029296875,2115.3970336914062,0.0021188711112078984,0.0021166294697559994
2015-06-04,2112.35009765625,2112.889892578125,2093.22998046875,2095.840087890625,3200050000.0,Thursday,June,-34.97998046875,2115.7890380859376,-0.008623167576889856,-0.008660562215101069
2015-06-05,2095.090087890625,2100.989990234375,2085.669921875,2092.830078125,3243690000.0,Friday,June,-33.22998046875,2114.625537109375,-0.0014361829335245435,-0.0014372152327325357
2015-06-08,2092.340087890625,2093.010009765625,2079.110107421875,2079.280029296875,2917150000.0,Monday,June,-46.780029296875,2113.323034667969,-0.006474509789282434,-0.006495560338305542
2015-06-09,2079.070068359375,2085.6201171875,2072.139892578125,2080.14990234375,3034580000.0,Tuesday,June,-24.050048828125,2112.3745239257814,0.00041835300422188304,0.00041826551900276467
2015-06-10,2081.1201171875,2108.5,2081.1201171875,2105.199951171875,3414320000.0,Wednesday,June,-18.280029296875,2112.7105224609377,0.012042424827124476,0.011970491752514406
2015-06-11,2106.239990234375,2115.02001953125,2106.239990234375,2108.860107421875,3128600000.0,Thursday,June,-11.929931640625,2112.098522949219,0.0017386264178671507,0.0017371167565281324
2015-06-12,2107.429931640625,2107.429931640625,2091.330078125,2094.110107421875,2719400000.0,Friday,June,-13.27978515625,2110.667529296875,-0.0069942998817651425,-0.007018874653102703
2015-06-15,2091.340087890625,2091.340087890625,2072.489990234375,2084.429931640625,3061570000.0,Monday,June,-27.300048828125,2108.4290283203127,-0.004622572493653387,-0.004633289621771348
2015-06-16,2084.260009765625,2097.39990234375,2082.10009765625,2096.2900390625,2919900000.0,Tuesday,June,-13.31005859375,2106.8520263671876,0.0056898566086796,0.005673730515753803
2015-06-17,2097.39990234375,2106.7900390625,2088.860107421875,2100.43994140625,3222240000.0,Wednesday,June,-13.630126953125,2105.5815185546876,0.0019796413026920145,0.0019776843950728407
2015-06-18,2101.580078125,2126.64990234375,2101.580078125,2121.239990234375,3520360000.0,Thursday,June,25.39990234375,2105.1025146484376,0.009902710578908236,0.009854000054008836
2015-06-19,2121.06005859375,2121.639892578125,2109.449951171875,2109.989990234375,4449810000.0,Friday,June,17.159912109375,2104.2990112304688,-0.0053035017498218595,-0.00531761523794962
2015-06-22,2112.5,2129.8701171875,2112.5,2122.85009765625,3030020000.0,Monday,June,43.570068359375,2104.1385131835937,0.006094866554531064,0.006076367981542122
2015-06-23,2123.159912109375,2128.030029296875,2119.889892578125,2124.199951171875,3091190000.0,Tuesday,June,44.050048828125,2105.1385131835937,0.0006358685039113965,0.0006356664251933869
2015-06-24,2123.64990234375,2125.10009765625,2108.580078125,2108.580078125,3102480000.0,Wednesday,June,3.380126953125,2104.393518066406,-0.00735329696164333,-0.007380465718305258
2015-06-25,2109.9599609375,2116.0400390625,2101.780029296875,2102.31005859375,3214610000.0,Thursday,June,-6.550048828125,2103.469519042969,-0.0029735743006855664,-0.0029780041565964136
2015-06-26,2102.6201171875,2108.919921875,2095.3798828125,2101.489990234375,5025470000.0,Friday,June,7.3798828125,2103.174523925781,-0.0003900796440671206,-0.00039015574492238484
2015-06-29,2098.6298828125,2098.6298828125,2056.639892578125,2057.639892578125,3678960000.0,Monday,June,-26.7900390625,2100.47001953125,-0.02086619391956246,-0.02108696950861153
2015-06-30,2061.18994140625,2074.280029296875,2056.320068359375,2063.110107421875,4078540000.0,Tuesday,June,-33.179931640625,2098.1455200195314,0.0026584898861461426,0.0026549623524674106
2015-07-01,2067.0,2082.780029296875,2067.0,2077.419921875,3727260000.0,Wednesday,July,-23.02001953125,2096.3130126953124,0.006936040108400654,0.006912096434637041
2015-07-02,2078.030029296875,2085.06005859375,2071.02001953125,2076.780029296875,2996540000.0,Thursday,July,-44.4599609375,2095.360009765625,-0.0003080227407983305,-0.00030807018954653404
2015-07-03,2078.030029296875,2085.06005859375,2071.02001953125,2076.780029296875,2996540000.0,Friday,July,-33.2099609375,2094.557507324219,0.0,0.0
2015-07-06,2073.949951171875,2078.610107421875,2058.39990234375,2068.760009765625,3486360000.0,Monday,July,-54.090087890625,2094.0315063476564,-0.003861756863082544,-0.003869232698897424
2015-07-07,2069.52001953125,2083.739990234375,2044.02001953125,2081.340087890625,4458660000.0,Tuesday,July,-42.85986328125,2094.091015625,0.00608097510857486,0.006062560593868743
2015-07-08,2077.659912109375,2077.659912109375,2044.6600341796875,2046.6800537109375,3608780000.0,Wednesday,July,-61.9000244140625,2091.1650207519533,-0.016652749054007043,-0.016792964912141516
2015-07-09,2049.72998046875,2074.280029296875,2049.72998046875,2051.31005859375,3446810000.0,Thursday,July,-51.0,2088.287518310547,0.0022622025726091177,0.0022596476448199895
2015-07-10,2052.739990234375,2081.31005859375,2052.739990234375,2076.6201171875,3065070000.0,Friday,July,-24.869873046875,2087.413018798828,0.012338485100151564,0.012262986385007718
2015-07-13,2080.030029296875,2100.669921875,2080.030029296875,2099.60009765625,3096730000.0,Monday,July,41.960205078125,2088.171527099609,0.011066049239604414,0.011005268507355188
2015-07-14,2099.719970703125,2111.97998046875,2098.179931640625,2108.949951171875,3002120000.0,Tuesday,July,45.83984375,2088.804522705078,0.004453159211633695,0.00444327323650017
2015-07-15,2109.010009765625,2114.139892578125,2102.489990234375,2107.39990234375,3261810000.0,Wednesday,July,29.97998046875,2089.152520751953,-0.000734986066058041,-0.0007352563007372865
2015-07-16,2110.550048828125,2124.419921875,2110.550048828125,2124.2900390625,3227080000.0,Thursday,July,47.510009765625,2089.3050231933594,0.008014680412562258,0.007982733444475738
2015-07-17,2126.800048828125,2128.909912109375,2119.8798828125,2126.639892578125,3362750000.0,Friday,July,49.85986328125,2090.137518310547,0.001106182994042637,0.00110557162445071
2015-07-20,2126.85009765625,2132.820068359375,2123.659912109375,2128.280029296875,3245870000.0,Monday,July,59.52001953125,2090.409014892578,0.00077123387202227,0.0007709366240016023
2015-07-21,2127.550048828125,2128.489990234375,2115.39990234375,2119.2099609375,3343690000.0,Tuesday,July,37.869873046875,2090.1595153808594,-0.0042616893616069795,-0.004270796242723094
2015-07-22,2118.2099609375,2118.510009765625,2110.0,2114.14990234375,3694070000.0,Wednesday,July,67.4698486328125,2090.4380065917967,-0.0023877098952062026,-0.00239056502019028
2015-07-23,2114.159912109375,2116.8701171875,2098.6298828125,2102.14990234375,3772810000.0,Thursday,July,50.83984375,2090.429998779297,-0.005676040278268291,-0.0056922102113794535
2015-07-24,2102.239990234375,2106.010009765625,2077.090087890625,2079.64990234375,3870040000.0,Friday,July,3.02978515625,2089.337994384766,-0.01070332804283558,-0.010761020696661188
2015-07-27,2078.18994140625,2078.18994140625,2063.52001953125,2067.639892578125,3836750000.0,Monday,July,-31.960205078125,2089.837994384766,-0.005775015185050969,-0.005791755065064178
2015-07-28,2070.75,2095.60009765625,2069.090087890625,2093.25,4117740000.0,Tuesday,July,-15.699951171875,2091.3449890136717,0.012386154626733425,0.012310073801889353
2015-07-29,2094.699951171875,2110.60009765625,2094.080078125,2108.570068359375,4038900000.0,Wednesday,July,1.170166015625,2092.9024963378906,0.007318795346650031,0.007292142927383681
2015-07-30,2106.780029296875,2110.47998046875,2094.969970703125,2108.6298828125,3579410000.0,Thursday,July,-15.66015625,2094.494989013672,2.836730636679441e-05,2.836690402236809e-05
2015-07-31,2111.60009765625,2114.239990234375,2102.070068359375,2103.840087890625,3681340000.0,Friday,July,-22.7998046875,2095.8479919433594,-0.002271519985995063,-0.002274103801051709
2015-08-03,2104.489990234375,2105.699951171875,2087.31005859375,2098.0400390625,3476770000.0,Monday,August,-30.239990234375,2097.3119934082033,-0.002756886733696673,-0.0027606939449045503
2015-08-04,2097.679931640625,2102.510009765625,2088.60009765625,2093.320068359375,3546710000.0,Tuesday,August,-25.889892578125,2097.910992431641,-0.002249704779339723,-0.0022522391669328678
2015-08-05,2095.27001953125,2112.659912109375,2095.27001953125,2099.840087890625,3968680000.0,Wednesday,August,-14.309814453125,2100.568994140625,0.0031146787487494887,0.003109838185490679
2015-08-06,2100.75,2103.320068359375,2075.530029296875,2083.56005859375,4246570000.0,Thursday,August,-18.58984375,2102.181494140625,-0.00775298528243118,-0.007783195922562142
2015-08-07,2082.610107421875,2082.610107421875,2067.909912109375,2077.570068359375,3602320000.0,Friday,August,-2.079833984375,2102.2289916992186,-0.0028748824444340126,-0.0028790228563377145
2015-08-10,2080.97998046875,2105.35009765625,2080.97998046875,2104.179931640625,3514460000.0,Monday,August,36.5400390625,2102.4579833984376,0.012808166466444781,0.012726835632025084
2015-08-11,2102.659912109375,2102.659912109375,2076.489990234375,2084.070068359375,3708880000.0,Tuesday,August,-9.179931640625,2101.2139892578125,-0.00955710249815489,-0.00960306468018227
2015-08-12,2081.10009765625,2089.06005859375,2052.090087890625,2086.050048828125,4269130000.0,Wednesday,August,-22.52001953125,2100.1464965820314,0.0009500546545004873,0.0009496036382146948
2015-08-13,2086.18994140625,2092.929931640625,2078.260009765625,2083.389892578125,3221300000.0,Thursday,August,-25.239990234375,2098.1014892578123,-0.0012752120935421996,-0.0012760258683812036
2015-08-14,2083.14990234375,2092.449951171875,2080.610107421875,2091.5400390625,2795590000.0,Friday,August,-12.300048828125,2096.3464965820312,0.003911964108786803,0.0039043322743591373
2015-08-17,2089.699951171875,2102.8701171875,2079.300048828125,2102.43994140625,2867690000.0,Monday,August,4.39990234375,2095.0544921875,0.00521142418513576,0.005197891709402951
2015-08-18,2101.989990234375,2103.469970703125,2094.139892578125,2096.919921875,2949990000.0,Tuesday,August,3.599853515625,2093.939990234375,-0.002625530186397551,-0.0026289829356331003
2015-08-19,2095.68994140625,2096.169921875,2070.530029296875,2079.610107421875,3512920000.0,Wednesday,August,-20.22998046875,2092.213000488281,-0.008254876246131082,-0.008289136409597112
2015-08-20,2076.610107421875,2076.610107421875,2035.72998046875,2035.72998046875,3922470000.0,Thursday,August,-47.830078125,2088.8920043945313,-0.021100170073477753,-0.021325960454146156
2015-08-21,2034.0799560546875,2034.0799560546875,1970.8900146484375,1970.8900146484375,5018240000.0,Friday,August,-106.6800537109375,2083.4540100097656,-0.031850965718637325,-0.03236924252187817
2015-08-24,1965.1500244140625,1965.1500244140625,1867.010009765625,1893.2099609375,6612690000.0,Monday,August,-210.969970703125,2074.7325134277344,-0.03941369286646568,-0.04021144434651928
2015-08-25,1898.0799560546875,1948.0400390625,1867.0799560546875,1867.6099853515625,5183560000.0,Tuesday,August,-216.4600830078125,2063.4505126953127,-0.01352199497897244,-0.013614249742655897
2015-08-26,1872.75,1943.0899658203125,1872.75,1940.510009765625,5338250000.0,Wednesday,August,-145.5400390625,2055.047509765625,0.03903385877450183,0.03829129943453164
2015-08-27,1942.77001953125,1989.5999755859375,1942.77001953125,1987.6600341796875,5006390000.0,Thursday,August,-95.7298583984375,2048.9990173339843,0.024297748621125326,0.02400725448969004
2015-08-28,1986.06005859375,1993.47998046875,1975.18994140625,1988.8699951171875,3949080000.0,Friday,August,-102.6700439453125,2043.2505126953124,0.0006087363616984476,0.0006085511568762156
2015-08-31,1986.72998046875,1986.72998046875,1965.97998046875,1972.1800537109375,3915100000.0,Monday,August,-130.2598876953125,2036.9575134277343,-0.008391670369217175,-0.008427078663984055
2015-09-01,1970.0899658203125,1970.0899658203125,1903.0699462890625,1913.8499755859375,4371850000.0,Tuesday,September,-183.0699462890625,2027.9840087890625,-0.029576446640986798,-0.030022649842427997
2015-09-02,1916.52001953125,1948.9100341796875,1916.52001953125,1948.8599853515625,3742620000.0,Wednesday,September,-130.7501220703125,2020.4350036621095,0.01829297500443139,0.01812767142321464
2015-09-03,1950.7900390625,1975.010009765625,1944.719970703125,1951.1300048828125,3520700000.0,Thursday,September,-84.5999755859375,2013.8135009765624,0.0011647935451044589,0.0011641156994188924
2015-09-04,1947.760009765625,1947.760009765625,1911.2099609375,1921.219970703125,3167090000.0,Friday,September,-49.6700439453125,2005.99599609375,-0.015329595723932221,-0.015448308754276238
2015-09-07,1947.760009765625,1947.760009765625,1911.2099609375,1921.219970703125,3167090000.0,Monday,September,28.010009765625,1996.847998046875,0.0,0.0
2015-09-08,1927.300048828125,1970.4200439453125,1927.300048828125,1969.4100341796875,3548650000.0,Tuesday,September,101.800048828125,1991.1149963378907,0.02508305358648033,0.024773637197038505
2015-09-09,1971.449951171875,1988.6300048828125,1937.8800048828125,1942.0400390625,3652120000.0,Wednesday,September,1.530029296875,1983.9144958496095,-0.01389756050907287,-0.013995035769084717
2015-09-10,1941.5899658203125,1965.2900390625,1937.18994140625,1952.2900390625,3626320000.0,Thursday,September,-35.3699951171875,1977.3595031738282,0.005277955033794246,0.005264075444935658
2015-09-11,1951.449951171875,1961.050048828125,1939.18994140625,1961.050048828125,3218590000.0,Friday,September,-27.8199462890625,1970.8350036621093,0.004487043210972708,0.004477006444986281
2015-09-14,1963.06005859375,1963.06005859375,1948.27001953125,1953.030029296875,3000200000.0,Monday,September,-19.1500244140625,1963.3645080566407,-0.004089655710746709,-0.00409804122304381
2015-09-15,1955.0999755859375,1983.18994140625,1954.300048828125,1978.0899658203125,3239860000.0,Tuesday,September,64.239990234375,1957.4230102539063,0.01283131142251781,0.01274968763143236
2015-09-16,1978.02001953125,1997.260009765625,1977.9300537109375,1995.31005859375,3630680000.0,Wednesday,September,46.4500732421875,1953.2080078125,0.008705414349693852,0.0086677407153759
2015-09-17,1995.3299560546875,2020.8599853515625,1986.72998046875,1990.199951171875,4183790000.0,Thursday,September,39.0699462890625,1950.9315063476563,-0.002561059320011938,-0.002564344442560099
2015-09-18,1989.6600341796875,1989.6600341796875,1953.449951171875,1958.030029296875,6021240000.0,Friday,September,36.81005859375,1950.288507080078,-0.016164165744279924,-0.01629623095438354
2015-09-21,1960.8399658203125,1979.6400146484375,1955.800048828125,1966.969970703125,3269350000.0,Monday,September,45.75,1953.9765075683595,0.004565783605198437,0.004555392033672697
2015-09-22,1961.3900146484375,1961.3900146484375,1929.219970703125,1942.739990234375,3808260000.0,Tuesday,September,-26.6700439453125,1957.7330078125,-0.012318429274285614,-0.012394930019378313
2015-09-23,1943.239990234375,1949.52001953125,1932.5699462890625,1938.760009765625,3190530000.0,Wednesday,September,-3.280029296875,1957.6455078125,-0.002048642890328245,-0.002050744229593947
2015-09-24,1934.81005859375,1937.1700439453125,1908.9200439453125,1932.239990234375,4091530000.0,Thursday,September,-20.050048828125,1954.8745056152343,-0.003362984329369434,-0.00336865187130644
2015-09-25,1935.9300537109375,1952.8900146484375,1921.5,1931.3399658203125,3721870000.0,Friday,September,-29.7100830078125,1951.9980041503907,-0.00046579328582951884,-0.00046590180122054944
2015-09-28,1929.1800537109375,1929.1800537109375,1879.2099609375,1881.77001953125,4326660000.0,Monday,September,-71.260009765625,1947.4775024414062,-0.02566609046896018,-0.026001211162809106
2015-09-29,1881.9000244140625,1899.47998046875,1871.9100341796875,1884.0899658203125,4132390000.0,Tuesday,September,-94.0,1945.989501953125,0.001232853252514099,0.001232093912981713
2015-09-30,1887.1400146484375,1920.530029296875,1887.1400146484375,1920.030029296875,4525070000.0,Wednesday,September,-75.280029296875,1944.5480041503906,0.019075555906861608,0.01889589860356512
2015-10-01,1919.6500244140625,1927.2099609375,1900.699951171875,1923.8199462890625,3983600000.0,Thursday,October,-66.3800048828125,1943.1825012207032,0.001973884228037459,0.001971938678337173
2015-10-02,1921.77001953125,1951.3599853515625,1893.699951171875,1951.3599853515625,4378570000.0,Friday,October,-6.6700439453125,1944.689501953125,0.014315289284541954,0.014213793016405511
2015-10-05,1954.3299560546875,1989.1700439453125,1954.3299560546875,1987.050048828125,4334490000.0,Monday,October,20.080078125,1947.981005859375,0.018289840800508328,0.018124593518502156
2015-10-06,1986.6300048828125,1991.6199951171875,1971.989990234375,1979.9200439453125,4202400000.0,Tuesday,October,37.1800537109375,1948.5065063476563,-0.0035882361830883447,-0.0035946893441432997
2015-10-07,1982.3399658203125,1999.31005859375,1976.43994140625,1995.8299560546875,4666470000.0,Wednesday,October,57.0699462890625,1951.1960021972657,0.008035633639867479,0.008003519857552759
2015-10-08,1994.010009765625,2016.5,1987.530029296875,2013.4300537109375,3939140000.0,Thursday,October,81.1900634765625,1954.2530029296875,0.008818435459823082,0.008779780144558488
2015-10-09,2013.72998046875,2020.1300048828125,2007.6099853515625,2014.8900146484375,3706900000.0,Friday,October,83.550048828125,1956.945001220703,0.000725111326717931,0.0007248485605153577
2015-10-12,2015.6500244140625,2018.6600341796875,2010.550048828125,2017.4599609375,2893250000.0,Monday,October,135.68994140625,1960.1664978027343,0.0012754772073804155,0.0012746644773328382
2015-10-13,2015.0,2022.3399658203125,2001.780029296875,2003.68994140625,3401920000.0,Tuesday,October,119.5999755859375,1961.4464965820312,-0.006825423947869114,-0.006848823690127077
2015-10-14,2003.6600341796875,2009.56005859375,1990.72998046875,1994.239990234375,3644590000.0,Wednesday,October,74.2099609375,1961.3929931640625,-0.0047162741982138545,-0.0047274309119391435
2015-10-15,1996.469970703125,2024.1500244140625,1996.469970703125,2023.8599853515625,3746290000.0,Thursday,October,100.0400390625,1963.075994873047,0.01485277361914017,0.014743551351355088
2015-10-16,2024.3699951171875,2033.5400390625,2020.4599609375,2033.1099853515625,3595430000.0,Friday,October,81.75,1966.8299926757813,0.004570474275370051,0.004560061373697022
2015-10-19,2031.72998046875,2034.449951171875,2022.31005859375,2033.6600341796875,3287320000.0,Monday,October,46.6099853515625,1970.1644958496095,0.00027054553471672627,0.0002705089438730595
2015-10-20,2033.1300048828125,2039.1199951171875,2026.6099853515625,2030.77001953125,3331500000.0,Tuesday,October,50.8499755859375,1974.5659973144532,-0.0014210903493528937,-0.0014221010558937615
2015-10-21,2033.469970703125,2037.969970703125,2017.219970703125,2018.93994140625,3627790000.0,Wednesday,October,23.1099853515625,1978.5749938964843,-0.005825414995899281,-0.005842448911134253
2015-10-22,2021.8800048828125,2055.199951171875,2021.8800048828125,2052.510009765625,4430850000.0,Thursday,October,39.0799560546875,1984.5884948730468,0.01662757156411132,0.016490847012594123
2015-10-23,2058.18994140625,2079.739990234375,2058.18994140625,2075.14990234375,4108460000.0,Friday,October,60.2598876953125,1991.7789916992188,0.011030344539323389,0.010969953969042788
2015-10-26,2075.080078125,2075.139892578125,2066.530029296875,2071.179931640625,3385800000.0,Monday,October,53.719970703125,2001.2494873046876,-0.0019131006866738298,-0.0019149330011001104
2015-10-27,2068.75,2070.3701171875,2058.840087890625,2065.889892578125,4216880000.0,Tuesday,October,62.199951171875,2010.3394836425782,-0.002554118539720318,-0.00255738586508774
2015-10-28,2066.47998046875,2090.35009765625,2063.110107421875,2090.35009765625,4698110000.0,Wednesday,October,96.110107421875,2018.855487060547,0.01184003327863703,0.011770488488143476
2015-10-29,2088.35009765625,2092.52001953125,2082.6298828125,2089.409912109375,4008940000.0,Thursday,October,65.5499267578125,2027.1349853515626,-0.0004497742019048401,-0.00044987538066072313
2015-10-30,2090.0,2094.320068359375,2079.340087890625,2079.360107421875,4256200000.0,Friday,October,46.2501220703125,2033.5349914550782,-0.004809877003672414,-0.004821481688425431
2015-11-02,2080.760009765625,2106.199951171875,2080.760009765625,2104.050048828125,3760020000.0,Monday,November,70.3900146484375,2039.384991455078,0.011873817006551102,0.011803876338814608
2015-11-03,2102.6298828125,2116.47998046875,2097.510009765625,2109.7900390625,4272060000.0,Tuesday,November,79.02001953125,2045.8784912109375,0.002728067346863705,0.0027243529250675206
2015-11-04,2110.60009765625,2114.590087890625,2096.97998046875,2102.31005859375,4078870000.0,Wednesday,November,83.3701171875,2051.202496337891,-0.003545367230984642,-0.003551666939647187
2015-11-05,2101.679931640625,2108.780029296875,2090.409912109375,2099.929931640625,4051890000.0,Thursday,November,47.419921875,2055.527490234375,-0.0011321483923818487,-0.0011327897564983025
2015-11-06,2098.60009765625,2101.909912109375,2083.739990234375,2099.199951171875,4369020000.0,Friday,November,24.050048828125,2059.742987060547,-0.0003476213457177524,-0.00034768178002366065
2015-11-09,2096.56005859375,2096.56005859375,2068.239990234375,2078.580078125,3882350000.0,Monday,November,7.400146484375,2062.798992919922,-0.009822729385718598,-0.009871290656502512
2015-11-10,2077.18994140625,2083.669921875,2069.909912109375,2081.719970703125,3821440000.0,Tuesday,November,15.830078125,2066.7004943847655,0.0015105949543003927,0.0015094551534496445
2015-11-11,2083.409912109375,2086.93994140625,2074.85009765625,2075.0,3692410000.0,Wednesday,November,-15.35009765625,2070.738494873047,-0.003228085812548187,-0.003233307321568946
2015-11-12,2072.2900390625,2072.2900390625,2045.6600341796875,2045.969970703125,4016370000.0,Thursday,November,-43.43994140625,2071.843994140625,-0.013990375564759017,-0.014089163336632673
2015-11-13,2044.6400146484375,2044.6400146484375,2022.02001953125,2023.0400390625,4278750000.0,Friday,November,-56.320068359375,2071.340496826172,-0.011207364706699363,-0.011270640432155438
2015-11-16,2022.0799560546875,2053.219970703125,2019.3900146484375,2053.18994140625,3741240000.0,Monday,November,-50.860107421875,2072.3169921875,0.014903265264943455,0.014793302794234362
2015-11-17,2053.669921875,2066.68994140625,2045.9000244140625,2050.43994140625,4427350000.0,Tuesday,November,-59.35009765625,2073.30048828125,-0.0013393792481354305,-0.0013402770182465746
2015-11-18,2051.989990234375,2085.31005859375,2051.989990234375,2083.580078125,3926390000.0,Wednesday,November,-18.72998046875,2076.5324951171874,0.01616245179852549,0.016033229877172244
2015-11-19,2083.699951171875,2086.739990234375,2078.760009765625,2081.239990234375,3628110000.0,Thursday,November,-18.68994140625,2077.968994140625,-0.00112310916925773,-0.0011237403289792015
2015-11-20,2082.820068359375,2097.06005859375,2082.820068359375,2089.169921875,3929600000.0,Friday,November,-10.030029296875,2078.6699951171877,0.003810195689989637,0.0038029552801494165
2015-11-23,2089.409912109375,2095.610107421875,2081.389892578125,2086.590087890625,3587980000.0,Monday,November,8.010009765625,2079.4405029296877,-0.0012348607728660532,-0.0012356238416840882
2015-11-24,2084.419921875,2094.1201171875,2070.2900390625,2089.139892578125,3884930000.0,Tuesday,November,7.419921875,2080.6030029296876,0.0012219959743400288,0.0012212499449607925
2015-11-25,2089.300048828125,2093.0,2086.300048828125,2088.8701171875,2852940000.0,Wednesday,November,13.8701171875,2080.52900390625,-0.00012913227667687988,-0.00012914061496715576
2015-11-26,2089.300048828125,2093.0,2086.300048828125,2088.8701171875,2852940000.0,Thursday,November,42.900146484375,2080.5020141601562,0.0,0.0
2015-11-27,2088.820068359375,2093.2900390625,2084.1298828125,2090.110107421875,1466840000.0,Friday,November,67.070068359375,2081.039514160156,0.0005936176807606053,0.0005934415594808398
2015-11-30,2090.949951171875,2093.81005859375,2080.409912109375,2080.409912109375,4275030000.0,Monday,November,27.219970703125,2079.8575073242187,-0.004640997274763192,-0.004651800139618441
2015-12-01,2082.929931640625,2103.3701171875,2082.929931640625,2102.6298828125,3712120000.0,Tuesday,December,52.18994140625,2079.4994995117186,0.01068057336863748,0.01062393894673922
2015-12-02,2101.7099609375,2104.27001953125,2077.110107421875,2079.510009765625,3950640000.0,Wednesday,December,-4.070068359375,2078.3594970703125,-0.010995693172566212,-0.011056592639448921
2015-12-03,2080.7099609375,2085.0,2042.3499755859375,2049.6201171875,4306490000.0,Thursday,December,-31.619873046875,2075.8440063476564,-0.014373526666262015,-0.014477826444150087
2015-12-04,2051.239990234375,2093.840087890625,2051.239990234375,2091.68994140625,4214910000.0,Friday,December,2.52001953125,2075.468505859375,0.0205256690573854,0.02031785636385123
2015-12-07,2090.419921875,2090.419921875,2066.780029296875,2077.070068359375,4043820000.0,Monday,December,-9.52001953125,2075.3930053710938,-0.006989502964787397,-0.007014043960397749
2015-12-08,2073.389892578125,2073.85009765625,2052.320068359375,2063.590087890625,4173570000.0,Tuesday,December,-25.5498046875,2074.4865112304688,-0.0064899016523778386,-0.006511052625594547
2015-12-09,2061.169921875,2080.330078125,2036.530029296875,2047.6199951171875,4385250000.0,Wednesday,December,-41.2501220703125,2073.117510986328,-0.007738985017979982,-0.007769086365692726
2015-12-10,2047.9300537109375,2067.64990234375,2045.6700439453125,2052.22998046875,3715150000.0,Thursday,December,-36.64013671875,2073.4305114746094,0.0022513871531610885,0.0022488565785946774
2015-12-11,2047.27001953125,2047.27001953125,2008.800048828125,2012.3699951171875,4301060000.0,Friday,December,-77.7401123046875,2072.897009277344,-0.019422767297482935,-0.01961386775581532
2015-12-14,2013.3699951171875,2022.9200439453125,1993.260009765625,2021.93994140625,4612440000.0,Monday,December,-58.469970703125,2071.334509277344,0.004755560017433602,0.0047442880640680245
2015-12-15,2025.550048828125,2053.8701171875,2025.550048828125,2043.4100341796875,4353540000.0,Tuesday,December,-59.2198486328125,2070.983013916016,0.010618561082731848,0.010562580105914385
2015-12-16,2046.5,2076.719970703125,2042.4300537109375,2073.070068359375,4635450000.0,Wednesday,December,-6.43994140625,2070.4575134277343,0.014514969430300617,0.014410635650771483
2015-12-17,2073.760009765625,2076.3701171875,2041.6600341796875,2041.8900146484375,4327390000.0,Thursday,December,-7.7301025390625,2068.4900146484374,-0.015040520909943678,-0.015154776635876313
2015-12-18,2040.81005859375,2040.81005859375,2005.3299560546875,2005.550048828125,6683070000.0,Friday,December,-86.139892578125,2064.3090209960938,-0.01779722000676387,-0.017957495007106937
2015-12-21,2010.27001953125,2022.9000244140625,2005.9300537109375,2021.1500244140625,3760280000.0,Monday,December,-55.9200439453125,2061.0370178222656,0.0077784025360287945,0.0077483067271562
2015-12-22,2023.1500244140625,2042.739990234375,2020.489990234375,2038.969970703125,3520860000.0,Tuesday,December,-24.6201171875,2058.5285217285154,0.008816736053143037,0.008778095591568889
2015-12-23,2042.199951171875,2064.72998046875,2042.199951171875,2064.2900390625,3484090000.0,Wednesday,December,16.6700439453125,2057.2995178222654,0.01241806830075265,0.012341596527553888
2015-12-24,2063.52001953125,2067.360107421875,2058.72998046875,2060.989990234375,1411860000.0,Thursday,December,8.760009765625,2055.9055114746093,-0.001598636221499028,-0.0015999154038633197
2015-12-25,2063.52001953125,2067.360107421875,2058.72998046875,2060.989990234375,1411860000.0,Friday,December,48.6199951171875,2054.4495056152346,0.0,0.0
2015-12-28,2057.77001953125,2057.77001953125,2044.199951171875,2056.5,2492510000.0,Monday,December,34.56005859375,2053.254010009766,-0.00217855994238203,-0.002180936456306017
2015-12-29,2060.5400390625,2081.56005859375,2060.5400390625,2078.360107421875,2542000000.0,Tuesday,December,34.9500732421875,2052.0405212402343,0.010629762908764828,0.010573664173022947
2015-12-30,2077.340087890625,2077.340087890625,2061.969970703125,2063.360107421875,2367430000.0,Wednesday,December,-9.7099609375,2051.233026123047,-0.007217228595965963,-0.007243398783778549
2015-12-31,2060.590087890625,2062.5400390625,2043.6199951171875,2043.93994140625,2655330000.0,Thursday,December,2.0499267578125,2050.9490173339846,-0.00941191309542666,-0.009456485041467845
2016-01-01,2060.590087890625,2062.5400390625,2043.6199951171875,2043.93994140625,2655330000.0,Friday,January,38.389892578125,2048.5615173339843,0.0,0.0
2016-01-04,2038.199951171875,2038.199951171875,1989.6800537109375,2012.6600341796875,4304880000.0,Monday,January,-8.489990234375,2045.341015625,-0.015303731089594375,-0.015422041797805928
2016-01-05,2013.780029296875,2021.93994140625,2004.1700439453125,2016.7099609375,3706620000.0,Tuesday,January,-22.260009765625,2042.9970092773438,0.0020122259542274534,0.0020102041393599396
2016-01-06,2011.7099609375,2011.7099609375,1979.050048828125,1990.260009765625,4336660000.0,Wednesday,January,-74.030029296875,2040.1290100097656,-0.013115396702646942,-0.01320216300262602
2016-01-07,1985.3199462890625,1985.3199462890625,1938.8299560546875,1943.0899658203125,5076590000.0,Thursday,January,-117.9000244140625,2034.6720092773437,-0.023700443014411654,-0.023985816519344776
2016-01-08,1945.969970703125,1960.4000244140625,1918.4599609375,1922.030029296875,4664940000.0,Friday,January,-138.9599609375,2030.155010986328,-0.010838374390218508,-0.010897537445847908
2016-01-11,1926.1199951171875,1935.6500244140625,1901.0999755859375,1923.6700439453125,4607290000.0,Monday,January,-132.8299560546875,2025.2415161132812,0.0008532721255336551,0.0008529082958226729
2016-01-12,1927.8299560546875,1947.3800048828125,1914.3499755859375,1938.6800537109375,4887260000.0,Tuesday,January,-139.6800537109375,2020.0050170898437,0.00780279851675636,0.00777251411777486
2016-01-13,1940.3399658203125,1950.3299560546875,1886.4100341796875,1890.280029296875,5087030000.0,Wednesday,January,-173.080078125,2010.8655151367188,-0.02496545230421965,-0.025282375077909022
2016-01-14,1891.6800537109375,1934.469970703125,1878.9300537109375,1921.8399658203125,5241110000.0,Thursday,January,-122.0999755859375,2004.8630126953126,0.016695905386662213,0.016558060934383972
2016-01-15,1916.6800537109375,1916.6800537109375,1857.8299560546875,1880.3299560546875,5468460000.0,Friday,January,-163.6099853515625,1998.6020080566407,-0.021599098001850003,-0.021835772698162375
2016-01-18,1916.6800537109375,1916.6800537109375,1857.8299560546875,1880.3299560546875,5468460000.0,Monday,January,-132.330078125,1991.5610046386719,0.0,0.0
2016-01-19,1888.6600341796875,1901.43994140625,1864.5999755859375,1881.3299560546875,4928350000.0,Tuesday,January,-135.3800048828125,1983.67900390625,0.0005318215543925753,0.0005316801874288286
2016-01-20,1876.1800537109375,1876.1800537109375,1812.2900390625,1859.3299560546875,6416070000.0,Wednesday,January,-130.9300537109375,1973.4309997558594,-0.011693855152413501,-0.011762766025898373
2016-01-21,1861.4599609375,1889.8499755859375,1848.97998046875,1868.989990234375,5078810000.0,Thursday,January,-74.0999755859375,1963.8309997558595,0.005195438361131455,0.005181988635948063
2016-01-22,1877.4000244140625,1908.8499755859375,1877.4000244140625,1906.9000244140625,4901760000.0,Friday,January,-15.1300048828125,1956.1265014648438,0.020283701024494727,0.02008072688221347
2016-01-25,1906.280029296875,1906.280029296875,1875.969970703125,1877.0799560546875,4401380000.0,Monday,January,-46.590087890625,1947.155499267578,-0.015637982053378963,-0.015761545172821467
2016-01-26,1878.7900390625,1906.72998046875,1878.7900390625,1903.6300048828125,4357940000.0,Tuesday,January,-35.050048828125,1938.418994140625,0.014144335590226431,0.014045237830367907
2016-01-27,1902.52001953125,1916.989990234375,1872.699951171875,1882.949951171875,4754040000.0,Wednesday,January,-7.330078125,1929.398486328125,-0.010863483795639506,-0.010922922300528425
2016-01-28,1885.219970703125,1902.9599609375,1873.6500244140625,1893.3599853515625,4693010000.0,Thursday,January,-28.47998046875,1921.8694885253906,0.005528577205787588,0.005513350717591524
2016-01-29,1894.0,1940.239990234375,1894.0,1940.239990234375,5497570000.0,Friday,January,59.9100341796875,1916.6844909667968,0.0247602174153414,0.024458650994556432
2016-02-01,1936.93994140625,1947.199951171875,1920.300048828125,1939.3800048828125,4322530000.0,Monday,February,59.050048828125,1913.020489501953,-0.00044323658717015935,-0.00044333484554180534
2016-02-02,1935.260009765625,1935.260009765625,1897.2900390625,1903.030029296875,4463190000.0,Tuesday,February,21.7000732421875,1907.336492919922,-0.018743090830274922,-0.01892096871823143
2016-02-03,1907.0699462890625,1918.010009765625,1872.22998046875,1912.530029296875,5172950000.0,Wednesday,February,53.2000732421875,1903.4499938964843,0.004992038934619414,0.0049796200215740235
2016-02-04,1911.6700439453125,1927.3499755859375,1900.52001953125,1915.449951171875,5193320000.0,Thursday,February,46.4599609375,1902.0679931640625,0.0015267325638141926,0.0015255682925234377
2016-02-05,1913.0699462890625,1913.0699462890625,1872.6500244140625,1880.050048828125,4929940000.0,Friday,February,-26.8499755859375,1899.968994140625,-0.018481246310869337,-0.018654158276351848
2016-02-08,1873.25,1873.25,1828.4599609375,1853.43994140625,5636460000.0,Monday,February,-23.6400146484375,1896.4574890136719,-0.014153935656373462,-0.014255057923057347
2016-02-09,1848.4599609375,1868.25,1834.93994140625,1852.2099609375,5183220000.0,Tuesday,February,-51.4200439453125,1892.133984375,-0.0006636203533073592,-0.0006638406467602255
2016-02-10,1857.0999755859375,1881.5999755859375,1850.3199462890625,1851.8599853515625,4471170000.0,Wednesday,February,-31.0899658203125,1890.2129821777344,-0.00018895027740828407,-0.00018896813076091644
2016-02-11,1847.0,1847.0,1810.0999755859375,1829.0799560546875,5500800000.0,Thursday,February,-64.280029296875,1885.5749816894531,-0.012301161792504733,-0.012377447329256216
2016-02-12,1833.4000244140625,1864.780029296875,1833.4000244140625,1864.780029296875,4696920000.0,Friday,February,-75.4599609375,1884.7974853515625,0.019518049565855122,0.01933001520704595
2016-02-15,1833.4000244140625,1864.780029296875,1833.4000244140625,1864.780029296875,4696920000.0,Monday,February,-74.5999755859375,1884.0199890136719,0.0,0.0
2016-02-16,1871.43994140625,1895.77001953125,1871.43994140625,1895.5799560546875,4570670000.0,Tuesday,February,-7.4500732421875,1884.732489013672,0.01651665412216241,0.016381737741684915
2016-02-17,1898.800048828125,1930.6800537109375,1898.800048828125,1926.8199462890625,5011540000.0,Wednesday,February,14.2899169921875,1888.1069885253905,0.01648043921048603,0.016346110625641338
2016-02-18,1927.5699462890625,1930.0,1915.0899658203125,1917.8299560546875,4436490000.0,Thursday,February,2.3800048828125,1890.5489868164063,-0.004665713707027619,-0.004676632123934705
2016-02-19,1916.739990234375,1918.780029296875,1902.1700439453125,1917.780029296875,4142850000.0,Friday,February,37.72998046875,1891.0929870605469,-2.6032942938902792e-05,-2.60332818018429e-05
2016-02-22,1924.43994140625,1946.699951171875,1924.43994140625,1945.5,4054710000.0,Monday,February,92.06005859375,1894.5139892578125,0.014454197186153817,0.014350731099076084
2016-02-23,1942.3800048828125,1942.3800048828125,1919.43994140625,1921.27001953125,3890650000.0,Tuesday,February,69.06005859375,1895.3959899902343,-0.012454371867771763,-0.01253257757078849
2016-02-24,1917.56005859375,1932.0799560546875,1891.0,1929.800048828125,4317250000.0,Wednesday,February,77.9400634765625,1897.7384948730469,0.004439786812972857,0.0044299600346319485
2016-02-25,1931.8699951171875,1951.8299560546875,1925.4100341796875,1951.699951171875,4118210000.0,Thursday,February,122.6199951171875,1900.6554931640626,0.011348275359951865,0.011284366730450844
2016-02-26,1954.949951171875,1962.9599609375,1945.780029296875,1948.050048828125,4348510000.0,Friday,February,83.27001953125,1901.04599609375,-0.0018701144822791393,-0.0018718653295646535
2016-02-29,1947.1300048828125,1958.27001953125,1931.81005859375,1932.22998046875,4588180000.0,Monday,February,67.449951171875,1900.688494873047,-0.008120976341902342,-0.008154131091571704
2016-03-01,1937.0899658203125,1978.3499755859375,1937.0899658203125,1978.3499755859375,4819750000.0,Tuesday,March,82.77001953125,1904.4544921875,0.023868791801894718,0.023588385401618943
2016-03-02,1976.5999755859375,1986.510009765625,1968.800048828125,1986.449951171875,4666610000.0,Wednesday,March,59.6300048828125,1908.15048828125,0.004094308735004493,0.0040859498611017005
2016-03-03,1985.5999755859375,1993.68994140625,1977.3699951171875,1993.4000244140625,5081700000.0,Thursday,March,75.570068359375,1912.0479919433594,0.0034987406745825567,0.003492634320316937
2016-03-04,1994.010009765625,2009.1300048828125,1986.77001953125,1999.989990234375,6049930000.0,Friday,March,82.2099609375,1918.044989013672,0.0033058923144386743,0.0033004398659416986
2016-03-07,1996.1099853515625,2006.1199951171875,1989.3800048828125,2001.760009765625,4968180000.0,Monday,March,56.260009765625,1925.4609924316405,0.0008850141950174084,0.0008846228008639487
2016-03-08,1996.8800048828125,1996.8800048828125,1977.4300537109375,1979.260009765625,4641650000.0,Tuesday,March,57.989990234375,1931.813494873047,-0.011240108649505087,-0.011303756056006186
2016-03-09,1981.43994140625,1992.68994140625,1979.8399658203125,1989.260009765625,4038120000.0,Wednesday,March,59.4599609375,1938.68349609375,0.0050523932937867055,0.00503967278281425
2016-03-10,1990.969970703125,2005.0799560546875,1969.25,1989.5699462890625,4376790000.0,Thursday,March,37.8699951171875,1946.7079956054688,0.00015580493345068724,0.00015579279712262694
2016-03-11,1994.7099609375,2022.3699951171875,1994.7099609375,2022.18994140625,4078620000.0,Friday,March,74.139892578125,1954.5784912109375,0.01639550053418848,0.016262545588851488
2016-03-14,2019.27001953125,2024.5699462890625,2012.050048828125,2019.6400146484375,3487850000.0,Monday,March,87.4100341796875,1962.3214904785157,-0.001260972921287129,-0.0012617686166117468
2016-03-15,2015.27001953125,2015.93994140625,2005.22998046875,2015.9300537109375,3560280000.0,Tuesday,March,37.580078125,1968.3389953613282,-0.0018369416879204792,-0.0018386309343179589
2016-03-16,2014.239990234375,2032.02001953125,2010.0400390625,2027.219970703125,4057020000.0,Wednesday,March,40.77001953125,1973.3589965820313,0.005600351545632654,0.005584727881779697
2016-03-17,2026.9000244140625,2046.239990234375,2022.1600341796875,2040.5899658203125,4530480000.0,Thursday,March,47.18994140625,1979.4969970703125,0.006595236486620859,0.006573583068596323
2016-03-18,2041.1600341796875,2052.360107421875,2041.1600341796875,2049.580078125,6503140000.0,Friday,March,49.590087890625,1986.0869995117187,0.004405643688967897,0.004395967251026178
2016-03-21,2047.8800048828125,2053.909912109375,2043.1400146484375,2051.60009765625,3376600000.0,Monday,March,49.840087890625,1991.3920043945313,0.0009855772666846896,0.0009850919042923014
2016-03-22,2048.639892578125,2056.60009765625,2040.5699462890625,2049.800048828125,3418460000.0,Tuesday,March,70.5400390625,1997.818505859375,-0.000877387766836879,-0.0008777728967722512
2016-03-23,2048.550048828125,2048.550048828125,2034.8599853515625,2036.7099609375,3639510000.0,Wednesday,March,47.449951171875,2003.1640014648438,-0.006386031602501285,-0.00640650953066712
2016-03-24,2032.47998046875,2036.0400390625,2022.489990234375,2035.93994140625,3407720000.0,Thursday,March,46.3699951171875,2007.3760009765624,-0.0003780702927851376,-0.0003781417793768198
2016-03-25,2032.47998046875,2036.0400390625,2022.489990234375,2035.93994140625,3407720000.0,Friday,March,13.75,2011.7704956054688,0.0,0.0
2016-03-28,2037.8900146484375,2042.6700439453125,2031.9599609375,2037.050048828125,2809090000.0,Monday,March,17.4100341796875,2017.0114990234374,0.0005452554858313974,0.000545106888072358
2016-03-29,2035.75,2055.909912109375,2028.31005859375,2055.010009765625,3822330000.0,Tuesday,March,39.0799560546875,2020.844500732422,0.008816651779288476,0.00877801205423741
2016-03-30,2058.27001953125,2072.2099609375,2058.27001953125,2063.949951171875,3590310000.0,Wednesday,March,36.72998046875,2024.719500732422,0.004350315260639448,0.0043408799935662195
2016-03-31,2063.77001953125,2067.919921875,2057.4599609375,2059.739990234375,3715280000.0,Thursday,March,19.1500244140625,2028.0364990234375,-0.00203975921756705,-0.0020418423596207116
2016-04-01,2056.6201171875,2075.070068359375,2043.97998046875,2072.780029296875,3749990000.0,Friday,April,23.199951171875,2031.6760009765626,0.006330915127309877,0.006310959066599757
2016-04-04,2073.18994140625,2074.02001953125,2062.570068359375,2066.1298828125,3485710000.0,Monday,April,14.52978515625,2034.8944946289062,-0.003208322345054082,-0.003213480045854618
2016-04-05,2062.5,2062.5,2042.56005859375,2045.1700439453125,4154920000.0,Tuesday,April,-4.6300048828125,2038.1899963378905,-0.010144492387214377,-0.01019629841179453
2016-04-06,2045.56005859375,2067.330078125,2043.0899658203125,2066.659912109375,3750800000.0,Wednesday,April,29.949951171875,2042.059991455078,0.010507619269939372,0.01045279793201316
2016-04-07,2063.010009765625,2063.010009765625,2033.800048828125,2041.9100341796875,3801250000.0,Thursday,April,5.9700927734375,2044.6769958496093,-0.011975786526205012,-0.012048073970004866
2016-04-08,2045.5400390625,2060.6298828125,2041.68994140625,2047.5999755859375,3359530000.0,Friday,April,11.6600341796875,2045.9474975585938,0.0027865779152880243,0.002782702604616504
2016-04-11,2050.22998046875,2062.929931640625,2041.8800048828125,2041.989990234375,3567840000.0,Monday,April,4.93994140625,2047.0649963378905,-0.0027397858070188352,-0.0027435458896039448
2016-04-12,2043.719970703125,2065.050048828125,2039.739990234375,2061.719970703125,4239740000.0,Tuesday,April,6.7099609375,2049.3544921875,0.0096621337827838,0.009615753881389974
2016-04-13,2065.919921875,2083.179931640625,2065.919921875,2082.419921875,4191830000.0,Wednesday,April,18.469970703125,2052.1144897460936,0.01004013710204088,0.009990069768557895
2016-04-14,2082.889892578125,2087.840087890625,2078.1298828125,2082.780029296875,3765870000.0,Thursday,April,23.0400390625,2054.223992919922,0.0001729273803483533,0.00017291243013242585
2016-04-15,2083.10009765625,2083.219970703125,2076.31005859375,2080.72998046875,3701450000.0,Friday,April,7.949951171875,2055.7814880371093,-0.0009842848497145784,-0.000984769576145959
2016-04-18,2078.830078125,2094.659912109375,2073.64990234375,2094.340087890625,3316880000.0,Monday,April,28.210205078125,2057.918487548828,0.006541025289023228,0.006519725613797989
2016-04-19,2096.050048828125,2104.050048828125,2091.679931640625,2100.800048828125,3896830000.0,Tuesday,April,55.6300048828125,2060.4684875488283,0.0030844851678346608,0.0030797379028665328
2016-04-20,2101.52001953125,2111.050048828125,2096.320068359375,2102.39990234375,4184880000.0,Wednesday,April,35.739990234375,2063.7529846191405,0.0007615448773992117,0.0007612550492345003
2016-04-21,2102.090087890625,2103.780029296875,2088.52001953125,2091.47998046875,4175290000.0,Thursday,April,49.5699462890625,2066.5299865722654,-0.005194027008290192,-0.005207562857292034
2016-04-22,2091.489990234375,2094.320068359375,2081.199951171875,2091.580078125,3790580000.0,Friday,April,43.9801025390625,2069.3119934082033,4.785972478082989e-05,4.785857954074228e-05
2016-04-25,2089.3701171875,2089.3701171875,2077.52001953125,2087.7900390625,3319740000.0,Monday,April,45.800048828125,2071.848992919922,-0.0018120458796383465,-0.0018136896207629953
2016-04-26,2089.840087890625,2096.8701171875,2085.800048828125,2091.699951171875,3557190000.0,Tuesday,April,29.97998046875,2073.683489990234,0.0018727515871905798,0.0018710001742369307
2016-04-27,2092.330078125,2099.889892578125,2082.31005859375,2095.14990234375,4100110000.0,Wednesday,April,12.72998046875,2075.243487548828,0.001649352800310755,0.0016479941117468401
2016-04-28,2090.929931640625,2099.300048828125,2071.6201171875,2075.81005859375,4309840000.0,Thursday,April,-6.969970703125,2076.046990966797,-0.009230768513682652,-0.00927363606156167
2016-04-29,2071.820068359375,2073.85009765625,2052.280029296875,2065.300048828125,4704720000.0,Friday,April,-15.429931640625,2075.672991943359,-0.005063088369821722,-0.005075949230557177
2016-05-02,2067.169921875,2083.419921875,2066.110107421875,2081.429931640625,3841110000.0,Monday,May,-12.91015625,2076.4379943847657,0.007809946463542827,0.007779606697244105
2016-05-03,2077.179931640625,2077.179931640625,2054.889892578125,2063.3701171875,4173390000.0,Tuesday,May,-37.429931640625,2077.347998046875,-0.008676638198860664,-0.008714499388395887
2016-05-04,2060.300048828125,2060.300048828125,2045.550048828125,2051.1201171875,4058560000.0,Wednesday,May,-51.27978515625,2076.571008300781,-0.005936889314214544,-0.00595458270547255
2016-05-05,2052.949951171875,2060.22998046875,2045.77001953125,2050.6298828125,4008530000.0,Thursday,May,-40.85009765625,2077.007000732422,-0.0002390081258001331,-0.00023903669279415213
2016-05-06,2047.77001953125,2057.719970703125,2039.449951171875,2057.139892578125,3796350000.0,Friday,May,-34.440185546875,2077.483996582031,0.0031746390805036384,0.0031696105535526063
2016-05-09,2057.550048828125,2064.14990234375,2054.31005859375,2058.68994140625,3788620000.0,Monday,May,-29.10009765625,2078.318994140625,0.0007534970439868616,0.0007532133076099479
2016-05-10,2062.6298828125,2084.8701171875,2062.6298828125,2084.389892578125,3600200000.0,Tuesday,May,-7.31005859375,2079.452490234375,0.012483643435067249,0.012406365236037333
2016-05-11,2083.2900390625,2083.2900390625,2064.4599609375,2064.4599609375,3821980000.0,Wednesday,May,-30.68994140625,2078.5544921875,-0.009561518078546327,-0.009607522877868724
2016-05-12,2067.169921875,2073.989990234375,2053.1298828125,2064.110107421875,3782390000.0,Thursday,May,-11.699951171875,2077.62099609375,-0.0001694649071644072,-0.00016947926796424465
2016-05-13,2062.5,2066.7900390625,2043.1300048828125,2046.6099853515625,3579880000.0,Friday,May,-18.6900634765625,2075.9149963378904,-0.00847828902508041,-0.008514434161752484
2016-05-16,2046.530029296875,2071.8798828125,2046.530029296875,2066.659912109375,3501360000.0,Monday,May,-14.77001953125,2074.5309875488283,0.009796652464963085,0.009748976389612767
2016-05-17,2065.0400390625,2065.68994140625,2040.8199462890625,2047.2099609375,4108960000.0,Tuesday,May,-16.16015625,2071.851483154297,-0.009411297455333645,-0.009455863552162807
2016-05-18,2044.3800048828125,2060.610107421875,2034.489990234375,2047.6300048828125,4101320000.0,Wednesday,May,-3.4901123046875,2069.11298828125,0.00020517873267866804,0.00020515768640127935
2016-05-19,2044.2099609375,2044.2099609375,2025.9100341796875,2040.0400390625,3846770000.0,Thursday,May,-10.58984375,2066.5409912109376,-0.003706707658226005,-0.0037135945227206248
2016-05-20,2041.8800048828125,2058.35009765625,2041.8800048828125,2052.320068359375,3507650000.0,Friday,May,-4.81982421875,2064.577990722656,0.006019504059596059,0.006001459222804671
2016-05-23,2052.22998046875,2055.580078125,2047.260009765625,2048.0400390625,3055480000.0,Monday,May,-10.64990234375,2062.5904907226563,-0.0020854589704891735,-0.0020876365681016884
2016-05-24,2052.64990234375,2079.669921875,2052.64990234375,2076.06005859375,3627340000.0,Tuesday,May,-8.329833984375,2061.80849609375,0.013681382686285826,0.013588637533990108
2016-05-25,2078.929931640625,2094.72998046875,2078.929931640625,2090.5400390625,3859160000.0,Wednesday,May,26.080078125,2061.5780029296875,0.006974740643369559,0.006950529651583447
2016-05-26,2091.43994140625,2094.300048828125,2087.080078125,2090.10009765625,3230990000.0,Thursday,May,25.989990234375,2062.2925048828124,-0.00021044390350322129,-0.0002104660499285901
2016-05-27,2090.06005859375,2099.06005859375,2090.06005859375,2099.06005859375,3079150000.0,Friday,May,52.4500732421875,2063.980505371094,0.004286857336424754,0.004277694939439437
2016-05-30,2090.06005859375,2099.06005859375,2090.06005859375,2099.06005859375,3079150000.0,Monday,May,32.400146484375,2064.86201171875,0.0,0.0
2016-05-31,2100.1298828125,2103.47998046875,2088.659912109375,2096.949951171875,4514410000.0,Tuesday,May,49.739990234375,2066.5410034179686,-0.0010052630048559275,-0.0010057686205899895
2016-06-01,2093.93994140625,2100.969970703125,2085.10009765625,2099.330078125,3525170000.0,Wednesday,June,51.7000732421875,2068.9515014648437,0.0011350423274503196,0.001134398653926189
2016-06-02,2097.7099609375,2105.260009765625,2088.590087890625,2105.260009765625,3632720000.0,Thursday,June,65.219970703125,2071.6830078125,0.0028246780734553223,0.002820696166986195
2016-06-03,2104.070068359375,2104.070068359375,2085.360107421875,2099.1298828125,3627780000.0,Friday,June,46.809814453125,2073.782507324219,-0.002911814656949452,-0.002916062236694851
2016-06-06,2100.830078125,2113.360107421875,2100.830078125,2109.409912109375,3442020000.0,Monday,June,61.369873046875,2076.318505859375,0.004897281193053882,0.004885328519363624
2016-06-07,2110.179931640625,2119.219970703125,2110.179931640625,2112.1298828125,3534730000.0,Tuesday,June,36.06982421875,2077.7055053710938,0.0012894462510633087,0.001288615629197613
2016-06-08,2112.7099609375,2120.550048828125,2112.7099609375,2119.1201171875,3562060000.0,Wednesday,June,28.580078125,2080.438513183594,0.0033095665337075086,0.0033041019719547236
2016-06-09,2115.64990234375,2117.639892578125,2107.72998046875,2115.47998046875,3290320000.0,Thursday,June,25.3798828125,2083.0070068359373,-0.0017177585589538413,-0.0017192355978938075
2016-06-10,2109.570068359375,2109.570068359375,2089.9599609375,2096.070068359375,3515010000.0,Friday,June,-2.989990234375,2085.480010986328,-0.009175181182794367,-0.009217532410166119
2016-06-13,2091.75,2098.1201171875,2078.4599609375,2079.06005859375,3392030000.0,Monday,June,-20.0,2086.100018310547,-0.008115191387155773,-0.008148298789709478
2016-06-14,2076.64990234375,2081.300048828125,2064.10009765625,2075.320068359375,3759770000.0,Tuesday,June,-21.6298828125,2087.5055236816406,-0.0017988851350955182,-0.0018005050719719037
2016-06-15,2077.60009765625,2085.64990234375,2069.800048828125,2071.5,3544720000.0,Wednesday,June,-27.830078125,2088.6990234375,-0.0018407128700851372,-0.0018424090638101951
2016-06-16,2066.360107421875,2079.6201171875,2050.3701171875,2077.989990234375,3628280000.0,Thursday,June,-27.27001953125,2090.5965209960937,0.0031329906996742096,0.0031280931110455722
2016-06-17,2078.199951171875,2078.199951171875,2062.840087890625,2071.219970703125,4952630000.0,Friday,June,-27.909912109375,2091.5415161132814,-0.0032579654199809127,-0.003263284144608922
2016-06-20,2075.580078125,2100.659912109375,2075.580078125,2083.25,3467440000.0,Monday,June,-26.159912109375,2093.3020141601564,0.00580818525653326,0.0057913827784231015
2016-06-21,2085.18994140625,2093.659912109375,2083.02001953125,2088.89990234375,3232880000.0,Tuesday,June,-23.22998046875,2093.9440063476563,0.002712061607464289,0.002708390604209703
2016-06-22,2089.75,2099.7099609375,2084.360107421875,2085.449951171875,3168160000.0,Wednesday,June,-33.670166015625,2093.689501953125,-0.0016515636618127383,-0.00165292899657585
2016-06-23,2092.800048828125,2113.320068359375,2092.800048828125,2113.320068359375,3297940000.0,Thursday,June,-2.159912109375,2094.8505004882813,0.01336407865930278,0.013275567071955107
2016-06-24,2103.81005859375,2103.81005859375,2032.5699462890625,2037.4100341796875,7597450000.0,Friday,June,-58.6600341796875,2091.767999267578,-0.035919799994431734,-0.03658079280558263
2016-06-27,2031.449951171875,2031.449951171875,1991.6800537109375,2000.5400390625,5431220000.0,Monday,June,-78.52001953125,2086.8419982910154,-0.01809650217612302,-0.018262246511702756
2016-06-28,2006.6700439453125,2036.0899658203125,2006.6700439453125,2036.0899658203125,4385810000.0,Tuesday,June,-39.2301025390625,2083.7989990234373,0.01777016508725926,0.01761412160408792
2016-06-29,2042.68994140625,2073.1298828125,2042.68994140625,2070.77001953125,4241740000.0,Wednesday,June,-0.72998046875,2082.37099609375,0.017032672570028273,0.016889242971253916
2016-06-30,2073.169921875,2098.93994140625,2070.0,2098.860107421875,4622820000.0,Thursday,June,20.8701171875,2082.0510009765626,0.013565044705922347,0.013473863149466128
2016-07-01,2099.340087890625,2108.7099609375,2097.89990234375,2102.949951171875,3458890000.0,Friday,July,31.72998046875,2082.2420043945312,0.00194860235588723,0.0019467062930320223
2016-07-04,2099.340087890625,2108.7099609375,2097.89990234375,2102.949951171875,3458890000.0,Monday,July,19.699951171875,2081.9190063476562,0.0,0.0
2016-07-05,2095.050048828125,2095.050048828125,2080.860107421875,2088.550048828125,3658380000.0,Tuesday,July,-0.349853515625,2080.7400146484374,-0.006847477437932237,-0.006871028985598719
2016-07-06,2084.429931640625,2100.719970703125,2074.02001953125,2099.72998046875,3909380000.0,Wednesday,July,14.280029296875,2079.7705078125,0.005352963242081676,0.0053386870582759595
2016-07-07,2100.419921875,2109.080078125,2089.389892578125,2097.89990234375,3604550000.0,Thursday,July,-15.420166015625,2078.89150390625,-0.0008715778419239317,-0.0008719578867330009
2016-07-08,2106.969970703125,2131.7099609375,2106.969970703125,2129.89990234375,3607500000.0,Friday,July,92.4898681640625,2080.5829956054686,0.015253349296718177,0.0151381865659924
2016-07-11,2131.719970703125,2143.159912109375,2131.719970703125,2137.159912109375,3253340000.0,Monday,July,136.619873046875,2083.48798828125,0.003408615474199461,0.0034028193119982385
2016-07-12,2139.5,2155.39990234375,2139.5,2152.139892578125,4097820000.0,Tuesday,July,116.0499267578125,2087.3289794921875,0.007009293213798395,0.006984842307345719
2016-07-13,2153.81005859375,2156.449951171875,2146.2099609375,2152.429931640625,3502320000.0,Wednesday,July,81.659912109375,2091.3754760742186,0.00013476775533982632,0.00013475867498170382
2016-07-14,2157.8798828125,2168.989990234375,2157.8798828125,2163.75,3465610000.0,Thursday,July,64.889892578125,2095.6634765625,0.00525920411762093,0.005245422801696999
2016-07-15,2165.1298828125,2169.050048828125,2155.7900390625,2161.739990234375,3122600000.0,Friday,July,58.7900390625,2100.1894775390624,-0.0009289473209127541,-0.0009293790598711438
2016-07-18,2162.0400390625,2168.35009765625,2159.6298828125,2166.889892578125,3009310000.0,Monday,July,63.93994140625,2104.371472167969,0.002382294987840705,0.0023794618218687365
2016-07-19,2163.7900390625,2164.6298828125,2159.010009765625,2163.780029296875,2968340000.0,Tuesday,July,75.22998046875,2108.115478515625,-0.0014351736522938419,-0.0014362045004153862
2016-07-20,2166.10009765625,2175.6298828125,2164.889892578125,2173.02001953125,3211860000.0,Wednesday,July,73.2900390625,2112.4939819335937,0.004270300173431885,0.004261208315763991
2016-07-21,2172.909912109375,2174.56005859375,2159.75,2165.169921875,3438900000.0,Thursday,July,67.27001953125,2115.086474609375,-0.003612528916297486,-0.003619069856524976
2016-07-22,2166.469970703125,2175.110107421875,2163.239990234375,2175.030029296875,3023280000.0,Friday,July,45.130126953125,2121.9674743652345,0.004553964713003289,0.004543626789510244
2016-07-25,2173.7099609375,2173.7099609375,2161.949951171875,2168.47998046875,3057240000.0,Monday,July,31.320068359375,2130.364471435547,-0.0030114751244342264,-0.0030160187399297005
2016-07-26,2168.969970703125,2173.5400390625,2160.179931640625,2169.179931640625,3442350000.0,Tuesday,July,17.0400390625,2137.0189697265623,0.0003227842443460638,0.0003227321607194127
2016-07-27,2169.81005859375,2174.97998046875,2159.070068359375,2166.580078125,3995500000.0,Wednesday,July,14.150146484375,2141.80947265625,-0.0011985421207814095,-0.001199260946808637
2016-07-28,2166.050048828125,2172.85009765625,2159.739990234375,2170.06005859375,3664240000.0,Thursday,July,6.31005859375,2145.3694702148437,0.0016062090221755643,0.001604920448092453
2016-07-29,2168.830078125,2177.090087890625,2163.489990234375,2173.60009765625,4038840000.0,Friday,July,11.860107421875,2148.9019775390625,0.0016313092573088106,0.0016299801176578648
2016-08-01,2173.14990234375,2178.2900390625,2166.2099609375,2170.840087890625,3505990000.0,Monday,August,3.9501953125,2152.296484375,-0.0012697872845152114,-0.0012705941474910585
2016-08-02,2169.93994140625,2170.199951171875,2147.580078125,2157.030029296875,3848750000.0,Tuesday,August,-6.75,2155.7204833984374,-0.006361619481225378,-0.006381940812667669
2016-08-03,2156.81005859375,2163.7900390625,2152.56005859375,2163.7900390625,3786530000.0,Wednesday,August,-9.22998046875,2158.923486328125,0.0031339432802557354,0.0031290427160710972
2016-08-04,2163.510009765625,2168.18994140625,2159.070068359375,2164.25,3709200000.0,Thursday,August,-0.919921875,2162.2409912109374,0.00021257188969192597,0.00021254929948908707
2016-08-05,2168.7900390625,2182.8701171875,2168.7900390625,2182.8701171875,3663070000.0,Friday,August,7.840087890625,2164.889501953125,0.008603496447961101,0.00856669728938006
2016-08-08,2183.760009765625,2185.43994140625,2177.85009765625,2180.889892578125,3327550000.0,Monday,August,12.409912109375,2167.0760009765627,-0.0009071655678379864,-0.0009075772915415996
2016-08-09,2182.239990234375,2187.659912109375,2178.610107421875,2181.739990234375,3334300000.0,Tuesday,August,12.56005859375,2168.556005859375,0.0003897939364765346,0.00038971798655598234
2016-08-10,2182.81005859375,2183.409912109375,2172.0,2175.489990234375,3254950000.0,Wednesday,August,8.909912109375,2169.7090087890624,-0.0028646859974036376,-0.0028687970634882847
2016-08-11,2177.969970703125,2188.449951171875,2177.969970703125,2185.7900390625,3423160000.0,Thursday,August,15.72998046875,2170.8110107421876,0.004734588012062169,0.004723415102443644
2016-08-12,2183.739990234375,2186.280029296875,2179.419921875,2184.050048828125,3000660000.0,Friday,August,10.449951171875,2171.926513671875,-0.0007960463737501922,-0.0007963633869140575
2016-08-15,2186.080078125,2193.81005859375,2186.080078125,2190.14990234375,3078530000.0,Monday,August,19.309814453125,2173.0895141601563,0.0027929092187690685,0.002789016294521772
2016-08-16,2186.239990234375,2186.239990234375,2178.139892578125,2178.14990234375,3196400000.0,Tuesday,August,21.119873046875,2173.8080078125,-0.00547907701986905,-0.0054941422164782264
2016-08-17,2177.840087890625,2183.080078125,2168.5,2182.219970703125,3388910000.0,Wednesday,August,18.429931640625,2174.2680053710938,0.001868589648029051,0.0018668460061555662
2016-08-18,2181.89990234375,2187.030029296875,2180.4599609375,2187.02001953125,3300570000.0,Thursday,August,22.77001953125,2175.3605102539063,0.0021996173129046337,0.002197201696382422
2016-08-19,2184.239990234375,2185.0,2175.1298828125,2183.8701171875,3084800000.0,Friday,August,1.0,2175.8025146484374,-0.0014402713809749113,-0.0014413095687681864
2016-08-22,2181.580078125,2185.14990234375,2175.9599609375,2182.639892578125,2777550000.0,Monday,August,1.75,2176.5105102539064,-0.000563323157221185,-0.0005634818833231075
2016-08-23,2187.81005859375,2193.419921875,2186.800048828125,2186.89990234375,3041490000.0,Tuesday,August,5.159912109375,2177.3965087890624,0.0019517694055308787,0.001949867178361733
2016-08-24,2185.090087890625,2186.659912109375,2171.25,2175.43994140625,3148280000.0,Wednesday,August,-0.050048828125,2177.839501953125,-0.005240276852734871,-0.005254055259671874
2016-08-25,2173.2900390625,2179.0,2169.739990234375,2172.469970703125,2969310000.0,Thursday,August,-13.320068359375,2177.959997558594,-0.0013652276243513173,-0.001366160396645455
2016-08-26,2175.10009765625,2187.93994140625,2160.389892578125,2169.0400390625,3342340000.0,Friday,August,-15.010009765625,2177.7319946289062,-0.0015788165944199406,-0.001580064238713279
2016-08-29,2170.18994140625,2183.47998046875,2170.18994140625,2180.3798828125,2654780000.0,Monday,August,-9.77001953125,2178.208984375,0.005228047221710774,0.005214428428674345
2016-08-30,2179.449951171875,2182.27001953125,2170.409912109375,2176.1201171875,3006800000.0,Tuesday,August,-2.02978515625,2179.1634887695313,-0.0019536804841114863,-0.001955591407122778
2016-08-31,2173.56005859375,2173.7900390625,2161.35009765625,2170.949951171875,3766390000.0,Wednesday,August,-11.27001953125,2179.521484375,-0.0023758642617150993,-0.0023786911055626065
2016-09-01,2171.330078125,2173.56005859375,2157.090087890625,2170.860107421875,3392120000.0,Thursday,September,-16.159912109375,2179.8519897460938,-4.1384533048027805e-05,-4.138538941144249e-05
2016-09-02,2177.489990234375,2184.8701171875,2173.590087890625,2179.97998046875,3091120000.0,Friday,September,-3.89013671875,2179.707482910156,0.004201041336424849,0.004192241599034617
2016-09-05,2177.489990234375,2184.8701171875,2173.590087890625,2179.97998046875,3091120000.0,Monday,September,-2.659912109375,2179.6619873046875,0.0,0.0
2016-09-06,2181.610107421875,2186.570068359375,2175.10009765625,2186.47998046875,3447650000.0,Tuesday,September,-0.419921875,2179.8989868164062,0.0029816787577114923,0.002977242370005349
2016-09-07,2185.169921875,2187.8701171875,2179.070068359375,2186.159912109375,3319420000.0,Wednesday,September,10.719970703125,2180.432482910156,-0.0001463852229309781,-0.00014639593829345095
2016-09-08,2182.760009765625,2184.93994140625,2177.489990234375,2181.300048828125,3727840000.0,Thursday,September,8.830078125,2180.2079833984376,-0.0022230136296667036,-0.0022254881924702883
2016-09-09,2169.080078125,2169.080078125,2127.81005859375,2127.81005859375,4233960000.0,Friday,September,-41.22998046875,2177.3959838867186,-0.02452206896667508,-0.024827742410836417
2016-09-12,2120.860107421875,2163.300048828125,2119.1201171875,2159.0400390625,4010480000.0,Monday,September,-21.33984375,2175.8404907226563,0.01467705274849096,0.014570387233434434
2016-09-13,2150.469970703125,2150.469970703125,2120.27001953125,2127.02001953125,4141670000.0,Tuesday,September,-49.10009765625,2173.2839965820312,-0.014830674258895948,-0.014941748278210834
2016-09-14,2127.860107421875,2141.330078125,2119.89990234375,2125.77001953125,3664100000.0,Wednesday,September,-45.179931640625,2170.4614990234377,-0.0005876766502063147,-0.0005878493998128358
2016-09-15,2125.360107421875,2151.31005859375,2122.360107421875,2147.260009765625,3373720000.0,Thursday,September,-23.60009765625,2168.473498535156,0.010109273363029914,0.01005851644943989
2016-09-16,2146.47998046875,2146.47998046875,2131.199951171875,2139.159912109375,5014360000.0,Friday,September,-40.820068359375,2166.23798828125,-0.0037722947474507773,-0.0037794277955721
2016-09-19,2143.989990234375,2153.610107421875,2135.909912109375,2139.1201171875,3141820000.0,Monday,September,-40.85986328125,2164.0619995117186,-1.8603060785604697e-05,-1.8603233824686035e-05
2016-09-20,2145.93994140625,2150.800048828125,2139.169921875,2139.760009765625,3117380000.0,Tuesday,September,-46.719970703125,2161.7050048828123,0.0002991382171499968,0.0002990934842341777
2016-09-21,2144.580078125,2165.110107421875,2139.570068359375,2163.1201171875,3685450000.0,Wednesday,September,-23.039794921875,2161.089013671875,0.010917162352442444,0.010858000333635954
2016-09-22,2170.93994140625,2179.989990234375,2170.93994140625,2177.179931640625,3523860000.0,Thursday,September,-4.1201171875,2161.32451171875,0.006499784427785649,0.006478751917642122
2016-09-23,2173.2900390625,2173.75,2163.969970703125,2164.68994140625,3289860000.0,Friday,September,36.8798828125,2161.1070068359377,-0.00573677446354337,-0.005753292959718776
2016-09-26,2158.5400390625,2158.5400390625,2145.0400390625,2146.10009765625,3199910000.0,Monday,September,-12.93994140625,2159.393017578125,-0.008587762798917709,-0.008624850117916047
2016-09-27,2146.0400390625,2161.1298828125,2141.550048828125,2159.929931640625,3414090000.0,Tuesday,September,32.909912109375,2158.5835083007814,0.006444170055012188,0.006423495165298114
2016-09-28,2161.85009765625,2172.39990234375,2151.7900390625,2171.3701171875,3860390000.0,Wednesday,September,45.60009765625,2158.6045166015624,0.005296554012835575,0.005282576603642458
2016-09-29,2168.89990234375,2172.669921875,2145.199951171875,2151.1298828125,4215620000.0,Thursday,September,3.869873046875,2157.6180053710937,-0.009321411497187015,-0.009365127730081198
2016-09-30,2156.510009765625,2175.300048828125,2156.510009765625,2168.27001953125,4158800000.0,Friday,September,29.110107421875,2157.032507324219,0.007967969231286176,0.0079363925880277
2016-10-03,2164.330078125,2164.409912109375,2154.77001953125,2161.199951171875,3113850000.0,Monday,October,22.079833984375,2156.093505859375,-0.0032606955294726125,-0.003266023181527122
2016-10-04,2163.3701171875,2165.4599609375,2144.010009765625,2150.489990234375,3716100000.0,Tuesday,October,10.72998046875,2154.2940063476562,-0.0049555622707156965,-0.004967881786362002
2016-10-05,2155.14990234375,2163.949951171875,2155.14990234375,2159.72998046875,3883710000.0,Wednesday,October,-3.39013671875,2152.972509765625,0.0042966906501935576,0.004287486231196994
2016-10-06,2158.219970703125,2162.929931640625,2150.280029296875,2160.77001953125,3438040000.0,Thursday,October,-16.409912109375,2151.946008300781,0.00048155976529717925,0.0004814438526045025
2016-10-07,2164.18994140625,2165.860107421875,2144.85009765625,2153.739990234375,3578770000.0,Friday,October,-10.949951171875,2153.2425048828127,-0.0032534833570118105,-0.0032587874416142044
2016-10-10,2160.389892578125,2169.60009765625,2160.389892578125,2163.659912109375,2881970000.0,Monday,October,17.559814453125,2153.473498535156,0.004605905039596125,0.004595330317324387
2016-10-11,2161.35009765625,2161.56005859375,2128.840087890625,2136.72998046875,3393060000.0,Tuesday,October,-23.199951171875,2153.9589965820314,-0.012446471596532338,-0.012524577697755964
2016-10-12,2137.669921875,2145.360107421875,2132.77001953125,2139.179931640625,2959510000.0,Wednesday,October,-32.190185546875,2154.6294921875,0.001146589037580359,0.0011459322063988205
2016-10-13,2130.260009765625,2138.18994140625,2114.719970703125,2132.550048828125,3538030000.0,Thursday,October,-18.579833984375,2153.893994140625,-0.0030992637479612117,-0.0031040764122339942
2016-10-14,2139.679931640625,2149.18994140625,2132.97998046875,2132.97998046875,3187910000.0,Friday,October,-35.2900390625,2153.584997558594,0.00020160447857309194,0.0002015841591211507
2016-10-17,2132.949951171875,2135.610107421875,2124.429931640625,2126.5,2832440000.0,Monday,October,-34.699951171875,2152.953991699219,-0.003037994040303138,-0.0030426181118402627
2016-10-18,2138.31005859375,2144.3798828125,2135.489990234375,2139.60009765625,3172940000.0,Tuesday,October,-10.889892578125,2152.94599609375,0.006160403318245855,0.00614150560569863
2016-10-19,2140.81005859375,2148.43994140625,2138.14990234375,2144.2900390625,3364990000.0,Wednesday,October,-15.43994140625,2152.0044921875,0.0021919710189710617,0.0021895721553504997
2016-10-20,2142.510009765625,2147.179931640625,2133.43994140625,2141.340087890625,3339320000.0,Thursday,October,-19.429931640625,2150.2125,-0.0013757239543792377,-0.0013766711313809553
2016-10-21,2139.429931640625,2142.6298828125,2130.090087890625,2141.159912109375,3456390000.0,Friday,October,-12.580078125,2149.035998535156,-8.414160005176807e-05,-8.414514015477906e-05
2016-10-24,2148.5,2154.7900390625,2146.909912109375,2151.330078125,3359950000.0,Monday,October,-12.329833984375,2149.297497558594,0.004749839541692946,0.004738594647427366
2016-10-25,2149.719970703125,2151.43994140625,2141.929931640625,2143.159912109375,3756200000.0,Tuesday,October,6.429931640625,2148.4589965820314,-0.0037977277864983394,-0.0038049574647063588
2016-10-26,2136.969970703125,2145.72998046875,2131.590087890625,2139.429931640625,3778120000.0,Wednesday,October,0.25,2146.8619873046873,-0.0017404116452881535,-0.001741927921187231
2016-10-27,2144.06005859375,2147.1298828125,2132.52001953125,2133.0400390625,4209400000.0,Thursday,October,0.489990234375,2145.9574951171876,-0.0029867267366989747,-0.0029911959060088668
2016-10-28,2132.22998046875,2140.719970703125,2119.360107421875,2126.409912109375,4028270000.0,Friday,October,-6.570068359375,2143.8644897460936,-0.0031082993435224138,-0.00311314013962507
2016-10-31,2129.780029296875,2133.25,2125.530029296875,2126.14990234375,3926560000.0,Monday,October,-0.35009765625,2142.1119873046873,-0.00012227640782913607,-0.0001222838841985538
2016-11-01,2128.679931640625,2131.449951171875,2097.85009765625,2111.719970703125,4539190000.0,Tuesday,November,-27.880126953125,2140.173486328125,-0.006786883476427641,-0.006810019108735079
2016-11-02,2109.429931640625,2111.760009765625,2094.0,2097.93994140625,4289120000.0,Wednesday,November,-46.35009765625,2137.083984375,-0.00652550029741239,-0.006546884453454001
2016-11-03,2098.800048828125,2102.56005859375,2085.22998046875,2088.659912109375,3892100000.0,Thursday,November,-52.68017578125,2133.478479003906,-0.004423400838946101,-0.004433213022609399
2016-11-04,2083.7900390625,2099.070068359375,2083.7900390625,2085.179931640625,3841910000.0,Friday,November,-55.97998046875,2130.0504760742188,-0.0016661307322337615,-0.0016675202716929607
2016-11-07,2100.590087890625,2132.0,2100.590087890625,2131.52001953125,3739720000.0,Monday,November,-19.81005859375,2128.4434814453125,0.022223543967337278,0.0219801997294649
2016-11-08,2129.919921875,2146.8701171875,2123.56005859375,2139.56005859375,3921850000.0,Tuesday,November,-3.599853515625,2128.5849853515624,0.0037719744542996647,0.0037648783971575305
2016-11-09,2131.56005859375,2170.10009765625,2125.35009765625,2163.260009765625,6267590000.0,Wednesday,November,23.830078125,2129.7889892578123,0.011077020753253342,0.011016119879656035
2016-11-10,2167.489990234375,2182.300048828125,2151.169921875,2167.47998046875,6458450000.0,Thursday,November,34.43994140625,2131.5354858398437,0.0019507459501284519,0.001948845716095396
2016-11-11,2162.7099609375,2165.919921875,2152.489990234375,2164.449951171875,4993990000.0,Friday,November,38.0400390625,2133.108984375,-0.0013979503036608554,-0.0013989283477976058
2016-11-14,2165.639892578125,2171.360107421875,2156.080078125,2164.199951171875,5373670000.0,Monday,November,38.050048828125,2134.9939819335937,-0.00011550278622274313,-0.00011550945718323702
2016-11-15,2168.2900390625,2180.840087890625,2166.3798828125,2180.389892578125,4548110000.0,Tuesday,November,68.669921875,2137.0334716796874,0.007480797417763307,0.007452955022089459
2016-11-16,2177.530029296875,2179.219970703125,2172.199951171875,2176.93994140625,3847900000.0,Wednesday,November,79.0,2138.665966796875,-0.0015822634216101639,-0.0015835165223759536
2016-11-17,2178.610107421875,2188.06005859375,2176.64990234375,2187.1201171875,3811730000.0,Thursday,November,98.460205078125,2140.954968261719,0.004676369608375142,0.004665469361197901
2016-11-18,2186.85009765625,2189.889892578125,2180.3798828125,2181.89990234375,3580900000.0,Friday,November,96.719970703125,2142.9919677734374,-0.002386798421690206,-0.00238965136554844
2016-11-21,2186.429931640625,2198.699951171875,2186.429931640625,2198.179931640625,3611500000.0,Monday,November,66.659912109375,2145.3344604492186,0.0074614006258433285,0.007433702070873876
2016-11-22,2201.56005859375,2204.800048828125,2194.510009765625,2202.93994140625,3960520000.0,Tuesday,November,63.3798828125,2148.3234619140626,0.002165432272904111,0.002163091103593048
2016-11-23,2198.550048828125,2204.719970703125,2194.510009765625,2204.719970703125,3419850000.0,Wednesday,November,41.4599609375,2151.5879638671877,0.0008080244329033981,0.000807698156908801
2016-11-24,2198.550048828125,2204.719970703125,2194.510009765625,2204.719970703125,3419850000.0,Thursday,November,37.239990234375,2155.1719604492187,0.0,0.0
2016-11-25,2206.27001953125,2213.35009765625,2206.27001953125,2213.35009765625,1584590000.0,Friday,November,48.900146484375,2159.5189697265623,0.003914386891670674,0.003906745613423708
2016-11-28,2210.2099609375,2211.139892578125,2200.360107421875,2201.719970703125,3515100000.0,Monday,November,37.52001953125,2163.297473144531,-0.005254535631502799,-0.0052683892547352165
2016-11-29,2200.760009765625,2210.4599609375,2198.14990234375,2204.659912109375,3709190000.0,Tuesday,November,24.27001953125,2167.944470214844,0.0013352930642269722,0.001334402353261901
2016-11-30,2204.969970703125,2214.10009765625,2198.81005859375,2198.81005859375,5538400000.0,Wednesday,November,21.8701171875,2172.9879760742188,-0.0026534040390964186,-0.0026569305551563936
2016-12-01,2200.169921875,2202.60009765625,2187.43994140625,2191.080078125,5067470000.0,Thursday,December,3.9599609375,2178.108984375,-0.0035155289737457407,-0.003521722966763813
2016-12-02,2191.1201171875,2197.949951171875,2188.3701171875,2191.949951171875,3782370000.0,Friday,December,10.050048828125,2183.4474853515626,0.00039700650631591117,0.0003969277200846238
2016-12-05,2200.64990234375,2209.419921875,2199.969970703125,2204.7099609375,3898530000.0,Monday,December,6.530029296875,2187.106982421875,0.005821305253253195,0.005804426926743671
2016-12-06,2207.260009765625,2212.780029296875,2202.2099609375,2212.22998046875,3857290000.0,Tuesday,December,9.2900390625,2190.740478515625,0.0034108883546988267,0.0034050844688746093
2016-12-07,2210.719970703125,2241.6298828125,2208.929931640625,2241.35009765625,4504070000.0,Wednesday,December,36.630126953125,2194.644982910156,0.013163241364864575,0.013077358744723351
2016-12-08,2241.1298828125,2251.68994140625,2237.570068359375,2246.18994140625,4203270000.0,Thursday,December,41.469970703125,2198.5804809570313,0.0021593430473272335,0.0021570150168711013
2016-12-09,2249.72998046875,2259.800048828125,2249.22998046875,2259.530029296875,3886460000.0,Friday,December,46.179931640625,2203.3344848632814,0.005938984786955759,0.005921418532969715
2016-12-12,2258.830078125,2264.030029296875,2252.3701171875,2256.9599609375,4038850000.0,Monday,December,55.239990234375,2207.9724853515627,-0.0011374349205595102,-0.001138082290599516
2016-12-13,2263.320068359375,2277.530029296875,2263.320068359375,2271.719970703125,3875630000.0,Tuesday,December,67.06005859375,2212.5389892578123,0.006539774750587091,0.00651848320123699
2016-12-14,2268.35009765625,2276.199951171875,2248.43994140625,2253.280029296875,4409670000.0,Wednesday,December,54.469970703125,2216.355993652344,-0.00811717185395111,-0.008150295461858616
2016-12-15,2253.77001953125,2272.1201171875,2253.77001953125,2262.030029296875,4173360000.0,Thursday,December,70.949951171875,2220.1014892578123,0.0038832279549072535,0.0038757076875535726
2016-12-16,2266.81005859375,2268.050048828125,2254.239990234375,2258.070068359375,5928980000.0,Friday,December,66.1201171875,2223.9099975585937,-0.0017506226204834219,-0.0017521567509802415
2016-12-19,2259.239990234375,2267.469970703125,2258.2099609375,2262.530029296875,3252840000.0,Monday,December,57.820068359375,2227.1275024414062,0.001975120701520394,0.0019731727152112587
2016-12-20,2266.5,2272.56005859375,2266.139892578125,2270.760009765625,3306250000.0,Tuesday,December,58.530029296875,2230.518505859375,0.0036375121488696482,0.0036309124011527547
2016-12-21,2270.5400390625,2271.22998046875,2265.14990234375,2265.179931640625,2854880000.0,Wednesday,December,23.829833984375,2233.54150390625,-0.0024573614565177593,-0.0024603857246776667
2016-12-22,2262.929931640625,2263.179931640625,2256.080078125,2260.9599609375,2880670000.0,Thursday,December,14.77001953125,2236.3535034179686,-0.0018629737285675851,-0.0018647112223965044
2016-12-23,2260.25,2263.7900390625,2258.840087890625,2263.7900390625,2021230000.0,Friday,December,4.260009765625,2238.8755004882814,0.0012517152775348706,0.0012509325350792359
2016-12-26,2260.25,2263.7900390625,2258.840087890625,2263.7900390625,2021230000.0,Monday,December,6.830078125,2241.97900390625,0.0,0.0
2016-12-27,2266.22998046875,2273.820068359375,2266.14990234375,2268.8798828125,1989730000.0,Tuesday,December,-2.840087890625,2245.1900024414062,0.0022483727122095676,0.0022458489045486347
2016-12-28,2270.22998046875,2271.31005859375,2249.110107421875,2249.919921875,2402750000.0,Wednesday,December,-3.360107421875,2247.745495605469,-0.008356529175972627,-0.008391640709771516
2016-12-29,2249.5,2254.510009765625,2244.56005859375,2249.260009765625,2338700000.0,Thursday,December,-12.77001953125,2250.6544921875,-0.000293304709629405,-0.00029334773186837293
2016-12-30,2251.610107421875,2253.580078125,2233.6201171875,2238.830078125,2671550000.0,Friday,December,-19.239990234375,2252.998498535156,-0.004637050227782158,-0.004647834696854234
2017-01-02,2251.610107421875,2253.580078125,2233.6201171875,2238.830078125,2671550000.0,Monday,January,-23.699951171875,2254.7045043945313,0.0,0.0
2017-01-03,2251.570068359375,2263.8798828125,2245.1298828125,2257.830078125,3773010000.0,Tuesday,January,-12.929931640625,2256.984509277344,0.008486575281279274,0.008450766753157112
2017-01-04,2261.60009765625,2272.820068359375,2261.60009765625,2270.75,3768890000.0,Wednesday,January,5.570068359375,2258.4545043945313,0.005722273788525856,0.005705963770549438
2017-01-05,2268.179931640625,2271.5,2260.449951171875,2269.0,3785080000.0,Thursday,January,8.0400390625,2259.595007324219,-0.0007706704833204681,-0.0007709676024811847
2017-01-06,2271.139892578125,2282.10009765625,2264.06005859375,2276.97998046875,3342080000.0,Friday,January,13.18994140625,2260.4675048828126,0.0035169592193697863,0.0035107891805790594
2017-01-09,2273.590087890625,2275.489990234375,2268.89990234375,2268.89990234375,3219730000.0,Monday,January,5.10986328125,2261.064501953125,-0.0035485942758867184,-0.003554905471559629
2017-01-10,2269.719970703125,2279.27001953125,2265.27001953125,2268.89990234375,3640560000.0,Tuesday,January,0.02001953125,2260.9234985351563,0.0,0.0
2017-01-11,2268.60009765625,2275.320068359375,2260.830078125,2275.320068359375,3625080000.0,Wednesday,January,25.400146484375,2262.025500488281,0.0028296382793233654,0.0028256423891019514
2017-01-12,2271.139892578125,2271.780029296875,2254.25,2270.43994140625,3466220000.0,Thursday,January,21.179931640625,2262.44599609375,-0.0021448089967596173,-0.002147112393729617
2017-01-13,2272.739990234375,2278.679931640625,2271.510009765625,2274.639892578125,3090680000.0,Friday,January,35.809814453125,2263.2744873046877,0.0018498402425362048,0.0018481313951466559
2017-01-16,2272.739990234375,2278.679931640625,2271.510009765625,2274.639892578125,3090680000.0,Monday,January,35.809814453125,2263.87998046875,0.0,0.0
2017-01-17,2269.139892578125,2272.080078125,2262.81005859375,2267.889892578125,3586950000.0,Tuesday,January,10.059814453125,2263.736474609375,-0.0029675026899970147,-0.0029719144562184454
2017-01-18,2269.139892578125,2272.010009765625,2263.35009765625,2271.889892578125,3317670000.0,Wednesday,January,1.139892578125,2264.07197265625,0.0017637540575008437,0.0017622004698093201
2017-01-19,2271.89990234375,2274.330078125,2258.409912109375,2263.68994140625,3168390000.0,Thursday,January,-5.31005859375,2264.2084716796876,-0.003609308355419394,-0.003615837624319374
2017-01-20,2269.9599609375,2276.9599609375,2265.010009765625,2271.31005859375,3536850000.0,Friday,January,-5.669921875,2264.58447265625,0.003366237154707852,0.0033605840612999428
2017-01-23,2267.780029296875,2271.780029296875,2257.02001953125,2265.199951171875,3155240000.0,Monday,January,-3.699951171875,2264.6549682617188,-0.002690124758069401,-0.002693749646069815
2017-01-24,2267.8798828125,2284.6298828125,2266.679931640625,2280.070068359375,3816950000.0,Tuesday,January,11.170166015625,2265.2144775390625,0.006564593637664151,0.006543140528962317
2017-01-25,2288.8798828125,2299.550048828125,2288.8798828125,2298.3701171875,3849340000.0,Wednesday,January,23.050048828125,2267.6369873046874,0.008026090549617448,0.007994052795968681
2017-01-26,2298.6298828125,2300.989990234375,2294.080078125,2296.679931640625,3611510000.0,Thursday,January,26.239990234375,2270.0079833984373,-0.0007353844075136395,-0.0007356549352631034
2017-01-27,2299.02001953125,2299.02001953125,2291.6201171875,2294.68994140625,3137420000.0,Friday,January,20.050048828125,2272.8009765625,-0.000866463892926328,-0.0008668394897415927
2017-01-30,2286.010009765625,2286.010009765625,2268.0400390625,2280.89990234375,3595040000.0,Monday,January,6.260009765625,2274.9044677734373,-0.006009543517695892,-0.006027673496096654
2017-01-31,2274.02001953125,2279.090087890625,2267.2099609375,2278.8701171875,4089730000.0,Tuesday,January,10.980224609375,2275.9564697265623,-0.0008899054071440649,-0.0008903016080325452
2017-02-01,2285.590087890625,2289.139892578125,2272.43994140625,2279.550048828125,3919190000.0,Wednesday,February,7.66015625,2276.3964721679686,0.00029836348965073256,0.00029831898811628964
2017-02-02,2276.68994140625,2283.969970703125,2271.64990234375,2280.85009765625,3809760000.0,Thursday,February,17.16015625,2276.988977050781,0.0005703094032936118,0.0005701468386910137
2017-02-03,2288.5400390625,2298.31005859375,2287.8798828125,2297.419921875,3605970000.0,Friday,February,26.10986328125,2278.0109741210936,0.007264758098647794,0.007238496854553608
2017-02-06,2294.280029296875,2296.179931640625,2288.570068359375,2292.56005859375,3112390000.0,Monday,February,27.360107421875,2279.193981933594,-0.002115356985885164,-0.002117597513709103
2017-02-07,2295.8701171875,2299.39990234375,2290.159912109375,2293.080078125,3452460000.0,Tuesday,February,13.010009765625,2280.4029907226563,0.00022682918569594257,0.00022680346384577153
2017-02-08,2289.550048828125,2295.909912109375,2285.3798828125,2294.669921875,3611950000.0,Wednesday,February,-3.7001953125,2281.3704833984375,0.0006933223855400961,0.0006930821486096318
2017-02-09,2296.699951171875,2311.080078125,2296.610107421875,2307.8701171875,3681600000.0,Thursday,February,11.190185546875,2283.2419921875,0.005752546449780516,0.00573606373596025
2017-02-10,2312.27001953125,2319.22998046875,2311.10009765625,2316.10009765625,3496600000.0,Friday,February,21.41015625,2285.3150024414062,0.003566050102845164,0.0035597068220090916
2017-02-13,2321.719970703125,2331.580078125,2321.419921875,2328.25,3352370000.0,Monday,February,47.35009765625,2287.9955078125,0.005245845097992419,0.005232133584011204
2017-02-14,2326.1201171875,2337.580078125,2322.169921875,2337.580078125,3528040000.0,Tuesday,February,58.7099609375,2291.480017089844,0.004007335176634763,0.003999327195672579
2017-02-15,2335.580078125,2351.300048828125,2334.81005859375,2349.25,3785870000.0,Wednesday,February,69.699951171875,2295.3480224609375,0.004992308919898214,0.00497988866573445
2017-02-16,2349.639892578125,2351.31005859375,2338.8701171875,2347.219970703125,3675900000.0,Thursday,February,66.369873046875,2299.524523925781,-0.0008641180363413437,-0.0008644916015501692
2017-02-17,2343.010009765625,2351.159912109375,2339.580078125,2351.159912109375,3516830000.0,Friday,February,53.739990234375,2303.5170166015623,0.0016785565287558146,0.001677149327237158
2017-02-20,2343.010009765625,2351.159912109375,2339.580078125,2351.159912109375,3516830000.0,Monday,February,58.599853515625,2307.8150146484377,0.0,0.0
2017-02-21,2354.909912109375,2366.7099609375,2354.909912109375,2365.3798828125,3587520000.0,Tuesday,February,72.2998046875,2312.0805053710938,0.006048066160828425,0.0060298500200691545
2017-02-22,2361.110107421875,2365.1298828125,2358.340087890625,2362.820068359375,3473170000.0,Wednesday,February,68.150146484375,2315.3030029296874,-0.001082200145408052,-0.001082786146804093
2017-02-23,2367.5,2368.260009765625,2355.090087890625,2363.81005859375,4021770000.0,Thursday,February,55.93994140625,2318.6595092773437,0.00041898672168572126,0.00041889897125923353
2017-02-24,2355.72998046875,2367.340087890625,2352.8701171875,2367.340087890625,3832410000.0,Friday,February,51.239990234375,2322.2920166015624,0.0014933641914423035,0.0014922502320316529
2017-02-27,2365.22998046875,2371.5400390625,2361.8701171875,2369.75,3584680000.0,Monday,February,41.5,2326.734521484375,0.0010179830611165563,0.0010174652677336642
2017-02-28,2366.080078125,2367.7900390625,2358.9599609375,2363.639892578125,4212460000.0,Tuesday,February,26.059814453125,2330.973010253906,-0.0025783763780462543,-0.0025817061151949088
2017-03-01,2380.1298828125,2400.97998046875,2380.1298828125,2395.9599609375,4347630000.0,Wednesday,March,46.7099609375,2336.793505859375,0.013673854659866258,0.013581211083725323
2017-03-02,2394.75,2394.75,2380.169921875,2381.919921875,3824030000.0,Thursday,March,34.699951171875,2341.8469970703127,-0.005859880503598425,-0.0058771169721052695
2017-03-03,2380.919921875,2383.889892578125,2375.389892578125,2383.1201171875,3556670000.0,Friday,March,31.960205078125,2346.1320068359373,0.0005038772720600271,0.0005037503685347897
2017-03-06,2375.22998046875,2378.800048828125,2367.97998046875,2375.31005859375,3251800000.0,Monday,March,24.150146484375,2350.2695068359376,-0.0032772408480052917,-0.0032826227635658124
2017-03-07,2370.739990234375,2375.1201171875,2365.510009765625,2368.389892578125,3526300000.0,Tuesday,March,3.010009765625,2354.0349975585937,-0.0029133737680216987,-0.0029176259020898777
2017-03-08,2369.81005859375,2373.090087890625,2361.010009765625,2362.97998046875,3814080000.0,Wednesday,March,0.159912109375,2357.4505004882812,-0.002284215165048731,-0.002286827964063899
2017-03-09,2363.489990234375,2369.080078125,2354.5400390625,2364.8701171875,3718450000.0,Thursday,March,1.06005859375,2360.300500488281,0.0007998953585612867,0.0007995756127663866
2017-03-10,2372.52001953125,2376.860107421875,2363.0400390625,2372.60009765625,3434400000.0,Friday,March,5.260009765625,2363.1255004882814,0.003268670195698986,0.0032633397058585423
2017-03-13,2371.56005859375,2374.419921875,2368.52001953125,2373.469970703125,3166650000.0,Monday,March,3.719970703125,2365.3864990234374,0.0003666328125562224,0.0003665656191696328
2017-03-14,2368.550048828125,2368.550048828125,2358.179931640625,2365.449951171875,3173760000.0,Tuesday,March,1.81005859375,2366.779992675781,-0.0033790271755046453,-0.003384748980891005
2017-03-15,2370.340087890625,2390.010009765625,2368.93994140625,2385.260009765625,3909490000.0,Wednesday,March,-10.699951171875,2368.5804931640623,0.008374752796581397,0.008339879124686365
2017-03-16,2387.7099609375,2388.10009765625,2377.179931640625,2381.3798828125,3368880000.0,Thursday,March,-0.5400390625,2370.2884887695313,-0.0016267102694209612,-0.0016280347991836145
2017-03-17,2383.7099609375,2385.7099609375,2377.639892578125,2378.25,5179820000.0,Friday,March,-4.8701171875,2371.6429931640623,-0.0013143147950017697,-0.0013151792642314352
2017-03-20,2378.239990234375,2379.550048828125,2369.659912109375,2373.469970703125,3061560000.0,Monday,March,-1.840087890625,2372.75849609375,-0.0020098935338483948,-0.0020119160803802947
2017-03-21,2379.320068359375,2381.929931640625,2341.89990234375,2344.02001953125,4278890000.0,Tuesday,March,-24.369873046875,2371.6905029296877,-0.012407972940626899,-0.012485594590102116
2017-03-22,2343.0,2351.81005859375,2336.449951171875,2348.449951171875,3575160000.0,Wednesday,March,-14.530029296875,2370.9719970703127,0.0018898864360001877,0.0018881028474626675
2017-03-23,2345.969970703125,2358.919921875,2342.1298828125,2345.9599609375,3262400000.0,Thursday,March,-18.91015625,2370.0794921875,-0.001060269661328106,-0.001060832144830083
2017-03-24,2350.419921875,2356.219970703125,2335.739990234375,2343.97998046875,2978530000.0,Friday,March,-28.6201171875,2368.911486816406,-0.0008439958489141475,-0.0008443522139384829
2017-03-27,2329.110107421875,2344.89990234375,2322.25,2341.590087890625,3242300000.0,Monday,March,-31.8798828125,2367.5034912109377,-0.001019587452981141,-0.0010201075858456302
2017-03-28,2339.7900390625,2363.780029296875,2337.6298828125,2358.570068359375,3369120000.0,Tuesday,March,-6.8798828125,2367.25,0.007251474353500598,0.007225308829623951
2017-03-29,2356.5400390625,2363.360107421875,2352.93994140625,2361.1298828125,3107670000.0,Wednesday,March,-24.130126953125,2365.50849609375,0.001085324742930105,0.0010847362038301697
2017-03-30,2361.31005859375,2370.419921875,2358.580078125,2368.06005859375,3159680000.0,Thursday,March,-13.31982421875,2364.8155029296877,0.002935109936855751,0.0029308109117050134
2017-03-31,2364.820068359375,2370.35009765625,2362.60009765625,2362.719970703125,3356740000.0,Friday,March,-15.530029296875,2363.7954956054687,-0.002255047489714501,-0.0022575939382668176
2017-04-03,2362.340087890625,2365.8701171875,2344.72998046875,2358.840087890625,3418730000.0,Monday,April,-14.6298828125,2362.9719970703127,-0.0016421255420062675,-0.0016434753080133316
2017-04-04,2354.760009765625,2360.530029296875,2350.719970703125,2360.159912109375,3208340000.0,Tuesday,April,16.139892578125,2362.560498046875,0.0005595225490382383,0.0005593660746613713
2017-04-05,2366.590087890625,2378.360107421875,2350.52001953125,2352.949951171875,3780650000.0,Wednesday,April,4.5,2362.0589965820313,-0.0030548611983906016,-0.003059536811522123
2017-04-06,2353.7900390625,2364.159912109375,2348.89990234375,2357.489990234375,3203250000.0,Thursday,April,11.530029296875,2361.689990234375,0.001929509405943275,0.001927650293734993
2017-04-07,2356.590087890625,2363.760009765625,2350.739990234375,2355.5400390625,3054700000.0,Friday,April,11.56005859375,2360.8369873046877,-0.0008271302020167459,-0.0008274724629448716
2017-04-10,2357.159912109375,2366.3701171875,2351.5,2357.159912109375,2792570000.0,Monday,April,15.56982421875,2360.021484375,0.0006876864837839225,0.000687450135783276
2017-04-11,2353.919921875,2355.219970703125,2337.25,2353.780029296875,3120900000.0,Tuesday,April,-4.7900390625,2359.43798828125,-0.001433879303282093,-0.0014349082919582845
2017-04-12,2352.14990234375,2352.719970703125,2341.179931640625,2344.929931640625,3201300000.0,Wednesday,April,-16.199951171875,2357.421484375,-0.003759951034546627,-0.0037670374189869064
2017-04-13,2341.97998046875,2348.260009765625,2328.949951171875,2328.949951171875,3146380000.0,Thursday,April,-39.110107421875,2354.7999877929688,-0.006814694227374907,-0.006838020289804216
2017-04-14,2341.97998046875,2348.260009765625,2328.949951171875,2328.949951171875,3146380000.0,Friday,April,-33.77001953125,2352.3349853515624,0.0,0.0
2017-04-17,2332.6201171875,2349.139892578125,2332.510009765625,2349.010009765625,2826890000.0,Monday,April,-9.830078125,2351.1119873046873,0.008613348940219367,0.008576465691107291
2017-04-18,2342.530029296875,2348.35009765625,2334.5400390625,2342.18994140625,3272210000.0,Tuesday,April,-17.969970703125,2351.0204833984376,-0.0029033798625895946,-0.0029076028458332546
2017-04-19,2346.7900390625,2352.6298828125,2335.050048828125,2338.169921875,3521160000.0,Wednesday,April,-14.780029296875,2350.506481933594,-0.0017163507793208632,-0.0017178253968685745
2017-04-20,2342.68994140625,2361.3701171875,2340.909912109375,2355.840087890625,3648990000.0,Thursday,April,-1.64990234375,2351.00048828125,0.007557263417987681,0.0075288503629738525
2017-04-21,2354.739990234375,2356.179931640625,2344.510009765625,2348.68994140625,3524160000.0,Friday,April,-6.85009765625,2351.235986328125,-0.0030350729326357184,-0.0030396881071153782
2017-04-24,2370.330078125,2376.97998046875,2369.18994140625,2374.14990234375,3711170000.0,Monday,April,16.989990234375,2352.863977050781,0.01084006896297951,0.010781736588111827
2017-04-25,2381.510009765625,2392.47998046875,2381.14990234375,2388.610107421875,4005820000.0,Tuesday,April,34.830078125,2354.3659790039064,0.006090687476747014,0.006072214211751177
2017-04-26,2388.97998046875,2398.159912109375,2386.780029296875,2387.449951171875,4111350000.0,Wednesday,April,42.52001953125,2355.681982421875,-0.00048570348354270987,-0.0004858214756873499
2017-04-27,2389.699951171875,2392.10009765625,2382.679931640625,2388.77001953125,4099940000.0,Thursday,April,59.820068359375,2356.71748046875,0.0005529198041311911,0.0005527670002992063
2017-04-28,2393.679931640625,2393.679931640625,2382.360107421875,2384.199951171875,3721350000.0,Friday,April,55.25,2357.7914794921876,-0.0019131470681601481,-0.0019149794714900413
2017-05-01,2388.5,2394.489990234375,2384.830078125,2388.330078125,3201500000.0,Monday,May,39.320068359375,2359.265979003906,0.0017322905115801923,0.0017307918268938255
2017-05-02,2391.050048828125,2392.929931640625,2385.820068359375,2391.169921875,3861360000.0,Tuesday,May,48.97998046875,2360.8164794921877,0.0011890499458222514,0.0011883435858115294
2017-05-03,2386.5,2389.820068359375,2379.75,2388.1298828125,3896760000.0,Wednesday,May,49.9599609375,2362.575476074219,-0.0012713605313821041,-0.0012721693958273864
2017-05-04,2389.7900390625,2391.429931640625,2380.35009765625,2389.52001953125,4367860000.0,Thursday,May,33.679931640625,2364.1769775390626,0.0005821026438950216,0.0005819332878695465
2017-05-05,2392.3701171875,2399.2900390625,2389.3798828125,2399.2900390625,3543240000.0,Friday,May,50.60009765625,2366.3644775390626,0.0040886954080285864,0.00408035940747836
2017-05-08,2399.93994140625,2401.360107421875,2393.919921875,2399.3798828125,3429990000.0,Monday,May,25.22998046875,2368.475476074219,3.744597299082386e-05,3.7445271907879016e-05
2017-05-09,2401.580078125,2403.8701171875,2392.43994140625,2396.919921875,3657840000.0,Tuesday,May,8.309814453125,2370.632470703125,-0.0010252486299153762,-0.0010257745567932176
2017-05-10,2396.7900390625,2399.739990234375,2392.7900390625,2399.6298828125,3649370000.0,Wednesday,May,12.179931640625,2373.367468261719,0.0011306013658478609,0.0011299627174494742
2017-05-11,2394.840087890625,2395.719970703125,2381.739990234375,2394.43994140625,3727710000.0,Thursday,May,5.669921875,2376.6419677734375,-0.002162809124616749,-0.0021651513741066187
2017-05-12,2392.43994140625,2392.43994140625,2387.18994140625,2390.89990234375,3304620000.0,Friday,May,6.699951171875,2379.739465332031,-0.0014784413679722608,-0.0014795353407942593
2017-05-15,2393.97998046875,2404.050048828125,2393.93994140625,2402.320068359375,3490080000.0,Monday,May,13.989990234375,2382.4049682617188,0.004776513648450997,0.0047651423030152336
2017-05-16,2404.550048828125,2405.77001953125,2396.050048828125,2400.669921875,3421810000.0,Tuesday,May,9.5,2385.328967285156,-0.0006868970151433507,-0.0006871330369860457
2017-05-17,2382.949951171875,2384.8701171875,2356.2099609375,2357.030029296875,4164760000.0,Wednesday,May,-31.099853515625,2386.27197265625,-0.018178214414433458,-0.018345468171115042
2017-05-18,2354.68994140625,2375.739990234375,2352.719970703125,2365.719970703125,4319440000.0,Thursday,May,-23.800048828125,2386.765966796875,0.003686818283279214,0.003680038627215951
2017-05-19,2371.3701171875,2389.06005859375,2370.429931640625,2381.72998046875,3831700000.0,Friday,May,-17.56005859375,2388.41796875,0.006767499942466504,0.0067447032082007
2017-05-22,2387.2099609375,2395.4599609375,2386.919921875,2394.02001953125,3176580000.0,Monday,May,-5.35986328125,2389.411474609375,0.005160131149745784,0.00514686329600843
2017-05-23,2397.0400390625,2400.85009765625,2393.8798828125,2398.419921875,3216560000.0,Tuesday,May,1.5,2389.901965332031,0.001837871992654172,0.0018361851723804105
2017-05-24,2401.409912109375,2405.580078125,2397.989990234375,2404.389892578125,3389240000.0,Wednesday,May,4.760009765625,2390.7489624023438,0.002489126548973042,0.0024860338045762944
2017-05-25,2409.5400390625,2418.7099609375,2408.010009765625,2415.070068359375,3538210000.0,Thursday,May,20.630126953125,2392.06396484375,0.00444194837709877,0.004432112041978175
2017-05-26,2414.5,2416.679931640625,2412.199951171875,2415.820068359375,2806930000.0,Friday,May,24.920166015625,2393.644970703125,0.00031054999597146526,0.00031050178530242343
2017-05-29,2414.5,2416.679931640625,2412.199951171875,2415.820068359375,2806930000.0,Monday,May,13.5,2395.0194702148438,0.0,0.0
2017-05-30,2411.669921875,2415.260009765625,2409.429931640625,2412.909912109375,3205860000.0,Tuesday,May,12.239990234375,2396.1064697265624,-0.0012046245861250249,-0.0012053507295338199
2017-05-31,2415.6298828125,2415.989990234375,2403.590087890625,2411.800048828125,4518040000.0,Wednesday,May,54.77001953125,2397.2899780273438,-0.000459968801852062,-0.0004600746199513276
2017-06-01,2415.64990234375,2430.06005859375,2413.5400390625,2430.06005859375,3860620000.0,Thursday,June,64.340087890625,2399.3169799804687,0.007571112611303388,0.0075425955848472245
2017-06-02,2431.280029296875,2440.22998046875,2427.7099609375,2439.070068359375,3465500000.0,Friday,June,57.340087890625,2401.3059814453127,0.0037077313104922904,0.00370087461804602
2017-06-05,2437.830078125,2439.550048828125,2434.320068359375,2436.10009765625,2916720000.0,Monday,June,42.080078125,2403.1419921875,-0.001217665183814387,-0.0012184071404286387
2017-06-06,2431.919921875,2436.2099609375,2428.1201171875,2429.330078125,3376750000.0,Tuesday,June,30.91015625,2404.7625,-0.0027790399654609166,-0.0027829086662040834
2017-06-07,2432.030029296875,2435.280029296875,2424.75,2433.139892578125,3576220000.0,Wednesday,June,28.75,2406.4380004882814,0.0015682572275503848,0.0015670287963475379
2017-06-08,2434.27001953125,2439.27001953125,2427.93994140625,2433.7900390625,3735980000.0,Thursday,June,18.719970703125,2408.4055053710936,0.00026720472849017796,0.00026716903566476714
2017-06-09,2436.389892578125,2446.199951171875,2415.699951171875,2431.77001953125,4029860000.0,Friday,June,15.949951171875,2410.449011230469,-0.0008299892344156845,-0.0008303338661872762
2017-06-12,2425.8798828125,2430.3798828125,2419.969970703125,2429.389892578125,4031840000.0,Monday,June,13.56982421875,2411.8025024414064,-0.000978763178264619,-0.0009792424797181137
2017-06-13,2434.14990234375,2441.489990234375,2431.280029296875,2440.35009765625,3278240000.0,Tuesday,June,27.440185546875,2413.786511230469,0.004511505177332342,0.00450135884323014
2017-06-14,2443.75,2443.75,2428.340087890625,2437.919921875,3558640000.0,Wednesday,June,26.119873046875,2417.831005859375,-0.0009958307964025304,-0.0009963269653176028
2017-06-15,2424.139892578125,2433.949951171875,2418.530029296875,2432.4599609375,3371980000.0,Thursday,June,2.39990234375,2421.168005371094,-0.0022395981461527104,-0.002242109796840374
2017-06-16,2431.239990234375,2433.14990234375,2422.8798828125,2433.14990234375,5299380000.0,Friday,June,-5.920166015625,2423.7390014648436,0.0002836393681004967,0.00028359915005969524
2017-06-19,2442.550048828125,2453.820068359375,2441.7900390625,2453.4599609375,3271480000.0,Monday,June,17.35986328125,2426.7109985351562,0.008347228657875183,0.008312583206893995
2017-06-20,2450.659912109375,2450.659912109375,2436.60009765625,2437.030029296875,3422700000.0,Tuesday,June,7.699951171875,2428.64150390625,-0.0066966373620162,-0.0067191604469316645
2017-06-21,2439.31005859375,2442.22998046875,2430.739990234375,2435.610107421875,3599190000.0,Wednesday,June,2.47021484375,2430.2025146484375,-0.0005826443900691647,-0.0005828141932715965
2017-06-22,2437.39990234375,2441.6201171875,2433.27001953125,2434.5,3477250000.0,Thursday,June,0.7099609375,2431.1740112304688,-0.00045578207221763645,-0.0004558859724380852
2017-06-23,2434.64990234375,2441.39990234375,2431.110107421875,2438.300048828125,5282460000.0,Friday,June,6.530029296875,2432.2980102539063,0.0015609155178168965,0.0015596985554090976
2017-06-26,2443.320068359375,2450.419921875,2437.030029296875,2439.070068359375,3243660000.0,Monday,June,9.68017578125,2433.4605102539062,0.000315801794623205,0.00031575193973236123
2017-06-27,2436.340087890625,2440.14990234375,2419.3798828125,2419.3798828125,3564770000.0,Tuesday,June,-20.97021484375,2433.7840087890627,-0.00807282488613359,-0.008105586575672907
2017-06-28,2428.699951171875,2442.969970703125,2428.02001953125,2440.68994140625,3479980000.0,Wednesday,June,2.77001953125,2435.2285034179686,0.008808066374833778,0.008769501646551084
2017-06-29,2442.3798828125,2442.72998046875,2405.699951171875,2419.699951171875,3869560000.0,Thursday,June,-12.760009765625,2434.710498046875,-0.008600023246820632,-0.008637216844141348
2017-06-30,2429.199951171875,2432.7099609375,2421.64990234375,2423.409912109375,3366030000.0,Friday,June,-9.739990234375,2433.927490234375,0.0015332318107057485,0.0015320576108735333
2017-07-03,2431.389892578125,2439.169921875,2428.68994140625,2429.010009765625,1901480000.0,Monday,July,-24.449951171875,2433.5729858398436,0.002310833849555216,0.0023081679791475806
2017-07-04,2431.389892578125,2439.169921875,2428.68994140625,2429.010009765625,1901480000.0,Tuesday,July,-8.02001953125,2433.556982421875,0.0,0.0
2017-07-05,2430.780029296875,2434.89990234375,2422.050048828125,2432.5400390625,3368150000.0,Wednesday,July,-3.070068359375,2433.526989746094,0.001453279024245635,0.0014522240362887008
2017-07-06,2423.43994140625,2424.280029296875,2407.699951171875,2409.75,3368710000.0,Thursday,July,-24.75,2432.324987792969,-0.009368823820586791,-0.009412987306866183
2017-07-07,2413.52001953125,2426.919921875,2413.52001953125,2425.179931640625,2929390000.0,Friday,July,-13.1201171875,2431.9954833984375,0.006403125486305727,0.006382712569615801
2017-07-10,2424.510009765625,2432.0,2422.27001953125,2427.429931640625,3009880000.0,Monday,July,-11.64013671875,2431.8974853515624,0.0009277662125786179,0.0009273361035125654
2017-07-11,2427.35009765625,2429.300048828125,2412.7900390625,2425.530029296875,3108800000.0,Tuesday,July,6.150146484375,2431.1564819335936,-0.0007826806116978391,-0.0007829870660821734
2017-07-12,2435.75,2445.760009765625,2435.75,2443.25,3176900000.0,Wednesday,July,2.56005859375,2431.422985839844,0.007305607635895495,0.007279050947821435
2017-07-13,2444.989990234375,2449.320068359375,2441.68994140625,2447.830078125,3068510000.0,Thursday,July,28.130126953125,2432.1914916992187,0.0018745843139260643,0.001872829473473065
2017-07-14,2449.159912109375,2463.5400390625,2446.68994140625,2459.27001953125,2738460000.0,Friday,July,35.860107421875,2433.4974975585938,0.004673503078699293,0.004662616170009233
2017-07-17,2459.5,2462.820068359375,2457.159912109375,2459.139892578125,2800580000.0,Monday,July,30.1298828125,2433.781494140625,-5.291283677333336e-05,-5.291423670686425e-05
2017-07-18,2455.8798828125,2460.919921875,2450.340087890625,2460.610107421875,2974090000.0,Tuesday,July,31.60009765625,2434.960498046875,0.0005978573436131729,0.0005976786981109875
2017-07-19,2463.85009765625,2473.830078125,2463.85009765625,2473.830078125,3063810000.0,Wednesday,July,41.2900390625,2436.8714965820313,0.005372639356088893,0.00535825821605345
2017-07-20,2475.56005859375,2477.6201171875,2468.429931640625,2473.449951171875,3223820000.0,Thursday,July,63.699951171875,2438.818994140625,-0.00015365928181010347,-0.00015367108860704477
2017-07-21,2467.39990234375,2472.5400390625,2465.06005859375,2472.5400390625,3066880000.0,Friday,July,47.360107421875,2440.5309936523436,-0.00036787164783502746,-0.0003679393292088825
2017-07-24,2472.0400390625,2473.10009765625,2466.320068359375,2469.909912109375,3019920000.0,Monday,July,42.47998046875,2442.0729858398436,-0.0010637348279797232,-0.0010643009954088047
2017-07-25,2477.8798828125,2481.239990234375,2474.909912109375,2477.1298828125,4116360000.0,Tuesday,July,51.599853515625,2444.960485839844,0.002923171678338221,0.002918907519898033
2017-07-26,2479.969970703125,2481.68994140625,2474.93994140625,2477.830078125,3597830000.0,Wednesday,July,34.580078125,2446.817492675781,0.0002826639480466575,0.00028262400611947947
2017-07-27,2482.760009765625,2484.0400390625,2459.929931640625,2475.419921875,4035740000.0,Thursday,July,27.58984375,2449.6034912109376,-0.0009726882691745153,-0.0009731616373937137
2017-07-28,2469.1201171875,2473.530029296875,2464.659912109375,2472.10009765625,3302850000.0,Friday,July,12.830078125,2452.0380004882813,-0.001341115577770502,-0.0013420156781160386
2017-07-31,2475.93994140625,2477.9599609375,2468.530029296875,2470.300048828125,3475930000.0,Monday,July,11.16015625,2454.102502441406,-0.0007281456077897763,-0.0007284108345598019
2017-08-01,2477.10009765625,2478.510009765625,2471.139892578125,2476.35009765625,3470260000.0,Tuesday,August,15.739990234375,2456.4695068359374,0.0024491149692504877,0.0024461207749384662
2017-08-02,2480.3798828125,2480.3798828125,2466.47998046875,2477.570068359375,3487150000.0,Wednesday,August,3.739990234375,2458.7210083007812,0.0004926487188865458,0.0004925274073474498
2017-08-03,2476.030029296875,2476.030029296875,2468.85009765625,2472.159912109375,3662410000.0,Thursday,August,-1.2900390625,2461.84150390625,-0.002183654185644257,-0.0021860418349456704
2017-08-04,2476.8798828125,2480.0,2472.080078125,2476.830078125,3239980000.0,Friday,August,4.2900390625,2464.4240112304688,0.0018891035295691694,0.0018873214175395684
2017-08-07,2477.139892578125,2480.949951171875,2475.8798828125,2480.909912109375,2935130000.0,Monday,August,11.0,2467.098010253906,0.001647199789928111,0.0016458446442804673
2017-08-08,2478.35009765625,2490.8701171875,2470.320068359375,2474.919921875,3347480000.0,Tuesday,August,-2.2099609375,2469.5675048828125,-0.0024144327873969473,-0.002417352230385335
2017-08-09,2465.35009765625,2474.409912109375,2462.080078125,2474.02001953125,3310960000.0,Wednesday,August,-3.81005859375,2471.106005859375,-0.00036360867105078576,-0.0003636747927123762
2017-08-10,2465.3798828125,2465.3798828125,2437.75,2438.2099609375,3635820000.0,Thursday,August,-37.2099609375,2470.625,-0.014474441722801767,-0.01458021840074153
2017-08-11,2441.0400390625,2448.090087890625,2437.85009765625,2441.320068359375,3161830000.0,Friday,August,-30.780029296875,2469.727502441406,0.0012755699762128092,0.0012747571279871366
2017-08-14,2454.9599609375,2468.219970703125,2454.9599609375,2465.840087890625,2824320000.0,Monday,August,-4.4599609375,2470.0625122070314,0.010043754544535322,0.009993651246049404
2017-08-15,2468.659912109375,2468.89990234375,2461.610107421875,2464.610107421875,2922430000.0,Tuesday,August,-11.739990234375,2470.2625122070312,-0.0004988078808476626,-0.00049893232688349
2017-08-16,2468.6298828125,2474.929931640625,2463.860107421875,2468.110107421875,2956570000.0,Wednesday,August,-9.4599609375,2469.976513671875,0.0014201029158569245,0.0014190955233323716
2017-08-17,2462.949951171875,2465.02001953125,2430.010009765625,2430.010009765625,3164950000.0,Thursday,August,-42.14990234375,2467.8045166015627,-0.015436952160958639,-0.015557342487191416
2017-08-18,2427.639892578125,2440.27001953125,2420.68994140625,2425.550048828125,3426970000.0,Friday,August,-51.280029296875,2465.4550170898438,-0.0018353673110713675,-0.0018370536613519935
2017-08-21,2425.5,2430.580078125,2417.35009765625,2428.3701171875,2803650000.0,Monday,August,-52.539794921875,2463.37802734375,0.001162651069903653,0.0011619757145661966
2017-08-22,2433.75,2454.77001953125,2433.669921875,2452.510009765625,2780990000.0,Tuesday,August,-22.409912109375,2462.1470336914062,0.00994077978775465,0.009891695260625078
2017-08-23,2444.8798828125,2448.909912109375,2441.419921875,2444.0400390625,2796950000.0,Wednesday,August,-29.97998046875,2460.4575317382814,-0.0034535927149730306,-0.0034595701326390073
2017-08-24,2447.909912109375,2450.389892578125,2436.18994140625,2438.969970703125,2849680000.0,Thursday,August,0.760009765625,2458.6350341796874,-0.0020744620703185834,-0.0020766167471384417
2017-08-25,2444.719970703125,2453.9599609375,2442.219970703125,2443.050048828125,2593350000.0,Friday,August,1.72998046875,2457.1825317382813,0.0016728693563305974,0.0016714716689374216
2017-08-28,2447.35009765625,2449.1201171875,2439.030029296875,2444.239990234375,2682920000.0,Monday,August,-21.60009765625,2455.879528808594,0.00048707205438569545,0.0004869534732960745
2017-08-29,2431.93994140625,2449.18994140625,2428.199951171875,2446.300048828125,2739460000.0,Tuesday,August,-18.31005859375,2454.3770263671877,0.000842821736810162,0.0008424667620097917
2017-08-30,2446.06005859375,2460.31005859375,2443.77001953125,2457.590087890625,2637780000.0,Wednesday,August,-10.52001953125,2453.37802734375,0.004615148933961866,0.004604531788061044
2017-08-31,2462.64990234375,2475.010009765625,2462.64990234375,2471.64990234375,3353860000.0,Thursday,August,41.639892578125,2453.3525268554686,0.005720976220730423,0.0057046735847135445
2017-09-01,2474.419921875,2480.3798828125,2473.85009765625,2476.550048828125,2712780000.0,Friday,September,51.0,2453.338525390625,0.001982540682532896,0.001980578042335197
2017-09-04,2474.419921875,2480.3798828125,2473.85009765625,2476.550048828125,2712780000.0,Monday,September,48.179931640625,2453.1205322265623,0.0,0.0
2017-09-05,2470.35009765625,2471.969970703125,2446.550048828125,2457.85009765625,3502190000.0,Tuesday,September,5.340087890625,2452.267041015625,-0.007550806889900619,-0.007579458552144929
2017-09-06,2463.830078125,2469.639892578125,2459.199951171875,2465.5400390625,3400200000.0,Wednesday,September,21.5,2451.8430419921874,0.0031287267736885838,0.003123842493144133
2017-09-07,2468.06005859375,2468.6201171875,2460.2900390625,2465.10009765625,3365780000.0,Thursday,September,26.130126953125,2453.187548828125,-0.00017843612323464875,-0.00017845204485370908
2017-09-08,2462.25,2467.110107421875,2459.39990234375,2461.429931640625,3308360000.0,Friday,September,18.3798828125,2454.1930419921873,-0.001488850703918465,-0.001489960143457705
2017-09-11,2474.52001953125,2488.949951171875,2474.52001953125,2488.110107421875,3293460000.0,Monday,September,43.8701171875,2455.30654296875,0.01083929931877714,0.010780975197147024
2017-09-12,2491.93994140625,2496.77001953125,2490.3701171875,2496.47998046875,3234280000.0,Tuesday,September,50.179931640625,2456.900036621094,0.0033639480109453057,0.003358302594883113
2017-09-13,2493.889892578125,2498.3701171875,2492.139892578125,2498.3701171875,3371370000.0,Wednesday,September,40.780029296875,2458.413037109375,0.0007571207193879381,0.0007568342480825294
2017-09-14,2494.56005859375,2498.429931640625,2491.35009765625,2495.6201171875,3422470000.0,Thursday,September,23.97021484375,2461.6935424804688,-0.0011007176162897148,-0.0011013238508279736
2017-09-15,2495.669921875,2500.22998046875,2493.159912109375,2500.22998046875,4862970000.0,Friday,September,23.679931640625,2465.4275390625,0.0018471814878802117,0.001845477546159349
2017-09-18,2502.510009765625,2508.320068359375,2499.919921875,2503.8701171875,3204700000.0,Monday,September,27.320068359375,2469.2025390625,0.0014559207541648966,0.0014548619291293301
2017-09-19,2506.2900390625,2507.840087890625,2503.18994140625,2506.64990234375,3253760000.0,Tuesday,September,48.7998046875,2471.909533691406,0.0011101954279371107,0.0011095796167313857
2017-09-20,2506.840087890625,2508.85009765625,2496.669921875,2508.239990234375,3584570000.0,Wednesday,September,42.699951171875,2475.11953125,0.0006343478158390425,0.000634146702309437
2017-09-21,2507.159912109375,2507.159912109375,2499.0,2500.60009765625,2965590000.0,Thursday,September,35.5,2478.201037597656,-0.0030459176984141134,-0.0030505659469148337
2017-09-22,2497.260009765625,2503.469970703125,2496.5400390625,2502.219970703125,2877980000.0,Friday,September,40.7900390625,2481.159533691406,0.0006477937229520947,0.0006475839951670207
2017-09-25,2499.389892578125,2502.5400390625,2488.030029296875,2496.659912109375,3314530000.0,Monday,September,8.5498046875,2483.7805297851564,-0.002222050282888466,-0.0022245226998538568
2017-09-26,2501.0400390625,2503.510009765625,2495.1201171875,2496.840087890625,3070770000.0,Tuesday,September,0.360107421875,2486.3075317382813,7.216672978804795e-05,7.216412589487934e-05
2017-09-27,2503.300048828125,2511.75,2495.909912109375,2507.0400390625,3485070000.0,Wednesday,September,8.669921875,2488.780029296875,0.004085143947080816,0.004076822401987925
2017-09-28,2503.409912109375,2510.81005859375,2502.929931640625,2510.06005859375,3173030000.0,Thursday,September,14.43994140625,2490.700537109375,0.001204615596159142,0.0012038906289380277
2017-09-29,2509.9599609375,2519.43994140625,2507.989990234375,2519.360107421875,3220260000.0,Friday,September,19.130126953125,2492.8410400390626,0.0037051100814438076,0.0036982630684988258
2017-10-02,2521.199951171875,2529.22998046875,2520.39990234375,2529.1201171875,3226370000.0,Monday,October,25.25,2495.4695434570312,0.003874003457017716,0.0038665188297123134
2017-10-03,2530.340087890625,2535.1298828125,2528.85009765625,2534.580078125,3073480000.0,Tuesday,October,27.93017578125,2499.306042480469,0.0021588381272976687,0.002156511184660919
2017-10-04,2533.47998046875,2540.530029296875,2531.800048828125,2537.739990234375,3020770000.0,Wednesday,October,29.5,2502.9160400390624,0.0012467201713795006,0.0012459436611136387
2017-10-05,2540.860107421875,2552.510009765625,2540.02001953125,2552.070068359375,3059730000.0,Thursday,October,51.469970703125,2507.264538574219,0.005646787369921524,0.00563090403129274
2017-10-06,2547.43994140625,2549.409912109375,2543.7900390625,2549.330078125,2898270000.0,Friday,October,47.110107421875,2511.6595458984375,-0.0010736344069645076,-0.001074211165239725
2017-10-09,2551.389892578125,2551.820068359375,2541.60009765625,2544.72998046875,2486940000.0,Monday,October,48.070068359375,2514.4905395507812,-0.0018044339160793177,-0.0018060638680135568
2017-10-10,2549.989990234375,2555.22998046875,2544.860107421875,2550.639892578125,2962610000.0,Tuesday,October,53.7998046875,2517.19853515625,0.002322412261707374,0.0023197196304780643
2017-10-11,2550.6201171875,2555.239990234375,2547.949951171875,2555.239990234375,2991320000.0,Wednesday,October,48.199951171875,2520.042028808594,0.0018035072962026,0.001801882929663564
2017-10-12,2552.8798828125,2555.330078125,2548.31005859375,2550.929931640625,3157280000.0,Thursday,October,40.869873046875,2522.80751953125,-0.0016867529508860502,-0.0016881771203513885
2017-10-13,2555.659912109375,2557.64990234375,2552.090087890625,2553.169921875,3150470000.0,Friday,October,33.809814453125,2525.4545166015623,0.0008781073155288421,0.0008777220048463043
2017-10-16,2555.570068359375,2559.469970703125,2552.639892578125,2557.639892578125,2918030000.0,Monday,October,28.519775390625,2528.1430053710938,0.0017507533144689447,0.0017492225323057532
2017-10-17,2557.169921875,2559.7099609375,2554.68994140625,2559.360107421875,2901890000.0,Tuesday,October,24.780029296875,2530.778515625,0.0006725789853143649,0.0006723529054339931
2017-10-18,2562.8701171875,2564.110107421875,2559.669921875,2561.260009765625,2999320000.0,Wednesday,October,23.52001953125,2533.4295166015627,0.0007423349056041584,0.0007420595113295467
2017-10-19,2553.389892578125,2562.360107421875,2547.919921875,2562.10009765625,3019520000.0,Thursday,October,10.030029296875,2536.5045166015625,0.00032799789456050554,0.00032794411501048555
2017-10-20,2567.56005859375,2575.43994140625,2567.56005859375,2575.2099609375,3394450000.0,Friday,October,25.8798828125,2540.154016113281,0.0051168427389869375,0.005103796185030386
2017-10-23,2578.080078125,2578.2900390625,2564.330078125,2564.97998046875,3214470000.0,Monday,October,20.25,2543.57001953125,-0.003972484039719171,-0.003980395312997195
2017-10-24,2568.659912109375,2572.179931640625,2565.580078125,2569.1298828125,3435660000.0,Tuesday,October,18.489990234375,2547.1845092773438,0.001617908278173541,0.0016166008745580412
2017-10-25,2566.52001953125,2567.39990234375,2544.0,2557.14990234375,3885470000.0,Wednesday,October,1.909912109375,2549.6900024414062,-0.004663049754275228,-0.004673955687259985
2017-10-26,2560.080078125,2567.070068359375,2559.800048828125,2560.39990234375,3891750000.0,Thursday,October,9.469970703125,2552.206994628906,0.001270946219078306,0.0012701392506023993
2017-10-27,2570.260009765625,2582.97998046875,2565.93994140625,2581.070068359375,3896100000.0,Friday,October,27.900146484375,2555.2924926757814,0.008073022498049642,0.008040609979727099
2017-10-30,2577.75,2580.030029296875,2568.25,2572.830078125,3660230000.0,Monday,October,15.190185546875,2557.477990722656,-0.003192470570786421,-0.0031975773767407194
2017-10-31,2575.989990234375,2578.2900390625,2572.14990234375,2575.260009765625,3844420000.0,Tuesday,October,15.89990234375,2559.5119873046874,0.0009444586571358826,0.0009440129366793155
2017-11-01,2583.2099609375,2588.39990234375,2574.919921875,2579.360107421875,3841200000.0,Wednesday,November,18.10009765625,2561.5929931640626,0.0015921101716727115,0.0015908441079038695
2017-11-02,2579.4599609375,2581.110107421875,2566.169921875,2579.85009765625,4050140000.0,Thursday,November,17.75,2562.9819946289062,0.00018996581088659426,0.00018994776966671517
2017-11-03,2581.929931640625,2588.419921875,2576.77001953125,2587.840087890625,3568710000.0,Friday,November,12.630126953125,2564.9074951171874,0.0030970753849743904,0.003092289326314394
2017-11-06,2587.469970703125,2593.3798828125,2585.659912109375,2591.1298828125,3541970000.0,Monday,November,26.14990234375,2567.227490234375,0.0012712512404724485,0.00127044388477643
2017-11-07,2592.110107421875,2597.02001953125,2584.35009765625,2590.639892578125,3815190000.0,Tuesday,November,21.510009765625,2569.227490234375,-0.00018910292286977715,-0.00018912080508191734
2017-11-08,2588.7099609375,2595.469970703125,2585.02001953125,2594.3798828125,3898450000.0,Wednesday,November,37.22998046875,2571.1844848632813,0.001443655000098465,0.0014426139320604147
2017-11-09,2584.0,2586.5,2566.330078125,2584.6201171875,3844100000.0,Thursday,November,24.22021484375,2572.868994140625,-0.003761887644002093,-0.0037689813393701364
2017-11-10,2580.179931640625,2583.81005859375,2575.570068359375,2582.300048828125,3489740000.0,Friday,November,1.22998046875,2574.3255004882812,-0.0008976438525517549,-0.0008980469760537102
2017-11-13,2576.530029296875,2587.659912109375,2574.47998046875,2584.840087890625,3405200000.0,Monday,November,12.010009765625,2575.685510253906,0.0009836343625724275,0.000983150911293032
2017-11-14,2577.75,2579.659912109375,2566.56005859375,2578.8701171875,3643580000.0,Tuesday,November,3.610107421875,2576.6610107421875,-0.0023096092988857952,-0.0023122805602819227
2017-11-15,2569.449951171875,2572.840087890625,2557.449951171875,2564.6201171875,3586590000.0,Wednesday,November,-14.739990234375,2576.8290161132813,-0.005525675723266343,-0.005540998742123611
2017-11-16,2572.949951171875,2590.090087890625,2572.949951171875,2585.639892578125,3329730000.0,Thursday,November,5.789794921875,2578.006005859375,0.008196058063241196,0.008162652782972403
2017-11-17,2582.93994140625,2583.9599609375,2577.6201171875,2578.85009765625,3309800000.0,Friday,November,-8.989990234375,2578.1880126953124,-0.0026259630899742037,-0.002629416978897395
2017-11-20,2579.489990234375,2584.639892578125,2578.239990234375,2582.139892578125,3023940000.0,Monday,November,-8.989990234375,2579.046008300781,0.0012756828808564435,0.0012748698887901106
2017-11-21,2589.169921875,2601.18994140625,2589.169921875,2599.030029296875,3351230000.0,Tuesday,November,8.39013671875,2580.541015625,0.006541139295859866,0.006519838879752696
2017-11-22,2600.31005859375,2600.93994140625,2595.22998046875,2597.080078125,2764110000.0,Wednesday,November,2.7001953125,2582.5375244140623,-0.0007502611166068096,-0.0007505427033295442
2017-11-23,2600.31005859375,2600.93994140625,2595.22998046875,2597.080078125,2764110000.0,Thursday,November,12.4599609375,2584.371533203125,0.0,0.0
2017-11-24,2600.419921875,2604.2099609375,2600.419921875,2602.419921875,1385890000.0,Friday,November,20.119873046875,2585.4390258789062,0.0020560951489239088,0.002053984278231966
2017-11-27,2602.659912109375,2606.409912109375,2598.8701171875,2601.419921875,3017720000.0,Monday,November,16.579833984375,2586.868518066406,-0.0003842577408796899,-0.00038433158680325395
2017-11-28,2605.93994140625,2627.68994140625,2605.43994140625,2627.0400390625,3493340000.0,Tuesday,November,48.169921875,2589.45751953125,0.00984851271879017,0.009800332196793644
2017-11-29,2627.820068359375,2634.889892578125,2620.320068359375,2626.070068359375,4090630000.0,Wednesday,November,61.449951171875,2591.793017578125,-0.000369225702197995,-0.0003692938827907781
2017-11-30,2633.929931640625,2657.739990234375,2633.929931640625,2647.580078125,4965700000.0,Thursday,November,61.940185546875,2595.1795166015627,0.008190950433802913,0.008157586662811174
2017-12-01,2645.10009765625,2650.6201171875,2605.52001953125,2642.219970703125,3950930000.0,Friday,December,63.369873046875,2597.8985107421877,-0.002024530803113933,-0.0020265829358053324
2017-12-04,2657.18994140625,2665.18994140625,2639.030029296875,2639.43994140625,4025840000.0,Monday,December,57.300048828125,2600.314013671875,-0.0010521566439205543,-0.0010527105492864532
2017-12-05,2639.780029296875,2648.719970703125,2627.72998046875,2629.570068359375,3547570000.0,Tuesday,December,30.5400390625,2602.2605224609374,-0.0037393815604747083,-0.003746390525955308
2017-12-06,2626.239990234375,2634.409912109375,2624.75,2629.27001953125,3253080000.0,Wednesday,December,32.18994140625,2604.005029296875,-0.00011410565998426492,-0.00011411217053034995
2017-12-07,2628.3798828125,2640.989990234375,2626.530029296875,2636.97998046875,3297060000.0,Thursday,December,39.89990234375,2606.6230224609376,0.0029323579853828274,0.002928067010109385
2017-12-08,2646.2099609375,2651.64990234375,2644.10009765625,2651.5,3126750000.0,Friday,December,49.080078125,2610.0830200195314,0.005506306319651655,0.005491202035518141
2017-12-11,2652.18994140625,2660.330078125,2651.469970703125,2659.989990234375,3141480000.0,Monday,December,58.570068359375,2613.8405151367188,0.003201957471006933,0.0031968421216958323
2017-12-12,2661.72998046875,2669.719970703125,2659.780029296875,2664.110107421875,3568910000.0,Tuesday,December,37.070068359375,2618.1025146484376,0.001548922064604108,0.001547723722089516
2017-12-13,2667.590087890625,2671.8798828125,2662.85009765625,2662.85009765625,3568360000.0,Wednesday,December,36.780029296875,2623.014013671875,-0.0004729570906678582,-0.000473068970150185
2017-12-14,2665.8701171875,2668.090087890625,2652.010009765625,2652.010009765625,3442760000.0,Thursday,December,4.429931640625,2626.33251953125,-0.004070859227173984,-0.004079167730762682
2017-12-15,2660.6298828125,2679.6298828125,2659.139892578125,2675.81005859375,5736910000.0,Friday,December,33.590087890625,2631.180517578125,0.008974343513216354,0.008934313410142761
2017-12-18,2685.919921875,2694.969970703125,2685.919921875,2690.159912109375,3727770000.0,Monday,December,50.719970703125,2636.5815185546876,0.005362807225250732,0.005348478579597589
2017-12-19,2692.7099609375,2694.43994140625,2680.739990234375,2681.469970703125,3407680000.0,Tuesday,December,51.89990234375,2640.703515625,-0.0032302694598687065,-0.0032354980431185012
2017-12-20,2688.179931640625,2691.010009765625,2676.110107421875,2679.25,3246230000.0,Wednesday,December,49.97998046875,2644.81201171875,-0.0008278931807477186,-0.0008282360735725663
2017-12-21,2683.02001953125,2692.639892578125,2682.39990234375,2684.570068359375,3293130000.0,Thursday,December,47.590087890625,2649.1865112304686,0.0019856558213586784,0.0019836870126583982
2017-12-22,2684.219970703125,2685.35009765625,2678.1298828125,2683.340087890625,2401030000.0,Friday,December,31.840087890625,2653.23251953125,-0.0004581666477052604,-0.00045827163811375547
2017-12-25,2684.219970703125,2685.35009765625,2678.1298828125,2683.340087890625,2401030000.0,Monday,December,23.35009765625,2657.3285278320313,0.0,0.0
2017-12-26,2679.090087890625,2682.739990234375,2677.9599609375,2680.5,1970660000.0,Tuesday,December,16.389892578125,2660.0015258789062,-0.0010584151831672939,-0.0010589757000585695
2017-12-27,2682.10009765625,2685.639892578125,2678.909912109375,2682.6201171875,2202900000.0,Wednesday,December,19.77001953125,2662.8290283203123,0.0007909409391904099,0.0007906283102422613
2017-12-28,2686.10009765625,2687.659912109375,2682.68994140625,2687.5400390625,2174890000.0,Thursday,December,35.530029296875,2664.8270263671875,0.0018339987251561052,0.0018323190029195554
2017-12-29,2689.14990234375,2692.1201171875,2673.610107421875,2673.610107421875,2447760000.0,Friday,December,-2.199951171875,2666.396533203125,-0.005183153157965359,-0.005196632292748298
2018-01-01,2689.14990234375,2692.1201171875,2673.610107421875,2673.610107421875,2447760000.0,Monday,January,-16.5498046875,2668.1050415039062,0.0,0.0
2018-01-02,2683.72998046875,2695.889892578125,2682.360107421875,2695.81005859375,3397430000.0,Tuesday,January,14.340087890625,2671.417041015625,0.008303361477520088,0.008269078218398127
2018-01-03,2697.85009765625,2714.3701171875,2697.77001953125,2713.06005859375,3544030000.0,Wednesday,January,33.81005859375,2675.60654296875,0.006398818768781567,0.006378433243936035
2018-01-04,2719.31005859375,2729.2900390625,2719.070068359375,2723.989990234375,3697340000.0,Thursday,January,39.419921875,2679.9570434570314,0.004028636080503967,0.004020542855326989
2018-01-05,2731.330078125,2743.449951171875,2727.919921875,2743.14990234375,3239280000.0,Friday,January,59.809814453125,2684.5395385742186,0.007033767443369587,0.007009145888585348
2018-01-08,2742.669921875,2748.510009765625,2737.60009765625,2747.7099609375,3246160000.0,Monday,January,64.369873046875,2688.925537109375,0.0016623439316436617,0.001660963767296979
2018-01-09,2751.14990234375,2759.139892578125,2747.860107421875,2751.2900390625,3467460000.0,Tuesday,January,70.7900390625,2693.284533691406,0.0013029315960912946,0.0013020835172984225
2018-01-10,2745.550048828125,2750.800048828125,2736.06005859375,2748.22998046875,3579900000.0,Wednesday,January,65.60986328125,2697.5535278320312,-0.0011122268282528491,-0.0011128458115206878
2018-01-11,2752.969970703125,2767.56005859375,2752.780029296875,2767.56005859375,3645690000.0,Thursday,January,80.02001953125,2703.3310302734376,0.007033646478779465,0.007009025768882019
2018-01-12,2770.179931640625,2787.85009765625,2769.639892578125,2786.239990234375,3587220000.0,Friday,January,112.6298828125,2708.8525268554686,0.006749602987881076,0.006726926399094035
2018-01-15,2770.179931640625,2787.85009765625,2769.639892578125,2786.239990234375,3587220000.0,Monday,January,112.6298828125,2713.656530761719,0.0,0.0
2018-01-16,2798.9599609375,2807.5400390625,2768.639892578125,2776.419921875,4362880000.0,Tuesday,January,80.60986328125,2718.4040283203126,-0.003524487622672101,-0.0035307132616026696
2018-01-17,2784.989990234375,2807.0400390625,2778.3798828125,2802.56005859375,3790340000.0,Wednesday,January,89.5,2724.56953125,0.009415051560751175,0.009371006206502086
2018-01-18,2802.39990234375,2805.830078125,2792.56005859375,2798.030029296875,3703300000.0,Thursday,January,74.0400390625,2730.242529296875,-0.0016163897301626484,-0.0016176974974736241
2018-01-19,2802.60009765625,2810.330078125,2798.080078125,2810.300048828125,3724230000.0,Friday,January,67.150146484375,2736.59052734375,0.004385235112838837,0.004375647986990156
2018-01-22,2809.159912109375,2833.030029296875,2808.1201171875,2832.969970703125,3489480000.0,Monday,January,85.260009765625,2744.072021484375,0.008066726499347698,0.00803436438221324
2018-01-23,2835.050048828125,2842.239990234375,2830.590087890625,2839.1298828125,3541140000.0,Tuesday,January,87.83984375,2752.003515625,0.0021743654797181655,0.002172004968222319
2018-01-24,2845.419921875,2852.969970703125,2824.81005859375,2837.5400390625,4079270000.0,Wednesday,January,89.31005859375,2759.74951171875,-0.0005599757022828333,-0.0005601325472320471
2018-01-25,2846.239990234375,2848.56005859375,2830.93994140625,2839.25,3873100000.0,Thursday,January,71.68994140625,2767.335009765625,0.0006026209018938911,0.0006024393988328895
2018-01-26,2847.47998046875,2872.8701171875,2846.179931640625,2872.8701171875,3474680000.0,Friday,January,86.630126953125,2777.2980102539063,0.011841196508761032,0.011771638106084168
2018-01-29,2867.22998046875,2870.6201171875,2851.47998046875,2853.530029296875,3587420000.0,Monday,January,67.2900390625,2786.2940063476562,-0.006731974332887192,-0.006754736284863033
2018-01-30,2832.739990234375,2837.75,2818.27001953125,2822.429931640625,4012070000.0,Tuesday,January,46.010009765625,2792.625,-0.010898815620283941,-0.010958642805337085
2018-01-31,2832.409912109375,2839.260009765625,2813.0400390625,2823.81005859375,4276270000.0,Wednesday,January,21.25,2798.1625,0.0004889853730833948,0.0004888658586947881
2018-02-01,2816.449951171875,2835.9599609375,2812.699951171875,2821.97998046875,3977380000.0,Thursday,February,23.949951171875,2803.0619995117186,-0.0006480882520516484,-0.0006482983520233253
2018-02-02,2808.919921875,2808.919921875,2759.969970703125,2762.1298828125,4340220000.0,Friday,February,-48.170166015625,2804.0109985351564,-0.02120854792396809,-0.021436680516698812
2018-02-05,2741.06005859375,2763.389892578125,2638.169921875,2648.93994140625,5310840000.0,Monday,February,-184.030029296875,2799.0724975585936,-0.04097922480422822,-0.041842540938381426
2018-02-06,2614.780029296875,2701.0400390625,2593.070068359375,2695.139892578125,5917350000.0,Tuesday,February,-143.989990234375,2796.264990234375,0.017440920592313836,0.017290573348937088
2018-02-07,2690.949951171875,2727.669921875,2681.330078125,2681.659912109375,4646300000.0,Wednesday,February,-155.880126953125,2792.936486816406,-0.005001588416939429,-0.005014138223752627
2018-02-08,2685.010009765625,2685.27001953125,2580.56005859375,2581.0,5333840000.0,Thursday,February,-258.25,2783.6084838867187,-0.03753641975808808,-0.0382590522458017
2018-02-09,2601.780029296875,2638.669921875,2532.68994140625,2619.550048828125,5690110000.0,Friday,February,-253.320068359375,2775.2739868164062,0.014936090208494734,0.014825645199524345
2018-02-12,2636.75,2672.610107421875,2622.449951171875,2656.0,4069220000.0,Monday,February,-197.530029296875,2768.7619873046874,0.013914584754042503,0.013818665678186272
2018-02-13,2646.27001953125,2668.840087890625,2637.080078125,2662.93994140625,3503540000.0,Tuesday,February,-159.489990234375,2763.08798828125,0.0026129297463290957,0.0026095219802775584
2018-02-14,2651.2099609375,2702.10009765625,2648.8701171875,2698.6298828125,4011940000.0,Wednesday,February,-125.18017578125,2757.8914794921875,0.013402458257245842,0.013313439808897013
2018-02-15,2713.4599609375,2731.510009765625,2689.820068359375,2731.199951171875,3696140000.0,Thursday,February,-90.780029296875,2754.5499755859373,0.012069112762299383,0.01199686177677526
2018-02-16,2727.139892578125,2754.419921875,2725.110107421875,2732.219970703125,3646920000.0,Friday,February,-29.909912109375,2750.6459716796876,0.0003734693722488025,0.0003733996499216942
2018-02-19,2727.139892578125,2754.419921875,2725.110107421875,2732.219970703125,3646920000.0,Monday,February,83.280029296875,2745.6084716796877,0.0,0.0
2018-02-20,2722.989990234375,2737.60009765625,2706.760009765625,2716.260009765625,3646920000.0,Tuesday,February,21.1201171875,2739.464978027344,-0.005841389459353419,-0.005858517106837343
2018-02-21,2720.530029296875,2747.75,2701.2900390625,2701.330078125,3789040000.0,Wednesday,February,19.670166015625,2732.6544799804688,-0.0054965031281792864,-0.005511664483310908
2018-02-22,2710.419921875,2731.260009765625,2697.77001953125,2703.9599609375,3720620000.0,Thursday,February,122.9599609375,2725.8899780273437,0.0009735510790762625,0.0009730774855778604
2018-02-23,2715.800048828125,2747.760009765625,2713.739990234375,2747.300048828125,3200360000.0,Friday,February,127.75,2719.611474609375,0.01602837635051313,0.015901278245121022
2018-02-26,2757.3701171875,2780.639892578125,2753.780029296875,2779.60009765625,3436590000.0,Monday,February,123.60009765625,2715.9149780273438,0.011757015343810906,0.011688438620627399
2018-02-27,2780.449951171875,2789.14990234375,2744.219970703125,2744.280029296875,3752070000.0,Tuesday,February,81.340087890625,2712.0074829101563,-0.012706888443829278,-0.012788311441467541
2018-02-28,2753.780029296875,2761.52001953125,2713.5400390625,2713.830078125,4244570000.0,Wednesday,February,15.2001953125,2706.5084838867188,-0.011095788639207016,-0.011157806083656078
2018-03-01,2715.219970703125,2730.889892578125,2659.64990234375,2677.669921875,4514490000.0,Thursday,March,-53.530029296875,2699.2929809570314,-0.013324399541987275,-0.013413965854876449
2018-03-02,2658.889892578125,2696.25,2647.320068359375,2691.25,3891250000.0,Friday,March,-40.969970703125,2695.748986816406,0.005071602744632031,0.005058785485198549
2018-03-05,2681.06005859375,2728.090087890625,2675.75,2720.93994140625,3733640000.0,Monday,March,-11.280029296875,2699.348986816406,0.011032026532745043,0.01097161761052657
2018-03-06,2730.179931640625,2732.080078125,2711.260009765625,2728.1201171875,3389030000.0,Tuesday,March,11.860107421875,2700.997998046875,0.002638858606169414,0.0026353829319968104
2018-03-07,2710.179931640625,2730.60009765625,2701.739990234375,2726.800048828125,3406690000.0,Wednesday,March,25.469970703125,2703.2550048828125,-0.00048387472056610203,-0.000483991825716375
2018-03-08,2732.75,2740.449951171875,2722.64990234375,2738.969970703125,3206040000.0,Thursday,March,35.010009765625,2711.1535034179688,0.004463078207817217,0.004453148208884627
2018-03-09,2752.909912109375,2786.570068359375,2751.5400390625,2786.570068359375,3376870000.0,Friday,March,39.27001953125,2719.504504394531,0.01737883151892694,0.017229546741207587
2018-03-12,2790.5400390625,2796.97998046875,2779.260009765625,2783.02001953125,3216960000.0,Monday,March,3.419921875,2725.855505371094,-0.001273985129042532,-0.001274797337998416
2018-03-13,2792.31005859375,2801.89990234375,2758.679931640625,2765.31005859375,3324290000.0,Tuesday,March,21.030029296875,2730.974011230469,-0.006363576551088879,-0.006383910414314703
2018-03-14,2774.06005859375,2777.110107421875,2744.3798828125,2749.47998046875,3394630000.0,Wednesday,March,35.64990234375,2733.5165161132813,-0.005724521948562322,-0.005740969825188786
2018-03-15,2754.27001953125,2763.030029296875,2741.469970703125,2747.330078125,3543710000.0,Thursday,March,69.66015625,2734.3230224609374,-0.000781930531963182,-0.0007822363990965508
2018-03-16,2750.570068359375,2761.85009765625,2749.969970703125,2752.010009765625,5429140000.0,Friday,March,60.760009765625,2735.3125244140624,0.001703447167811456,0.0017019979472317418
2018-03-19,2741.3798828125,2741.3798828125,2694.590087890625,2712.919921875,3327460000.0,Monday,March,-8.02001953125,2734.347521972656,-0.014204195388793028,-0.014306040541373417
2018-03-20,2715.050048828125,2724.219970703125,2710.050048828125,2716.93994140625,3272590000.0,Tuesday,March,-11.18017578125,2734.3815185546873,0.0014818054520648882,0.0014807086617189258
2018-03-21,2714.989990234375,2739.139892578125,2709.7900390625,2711.929931640625,3434780000.0,Wednesday,March,-14.8701171875,2734.911511230469,-0.0018439898833508828,-0.0018456921256294063
2018-03-22,2691.360107421875,2695.679931640625,2641.590087890625,2643.68994140625,3765460000.0,Thursday,March,-95.280029296875,2731.8980102539062,-0.025162888405856454,-0.025484886972854417
2018-03-23,2646.7099609375,2657.669921875,2585.889892578125,2588.260009765625,3829380000.0,Friday,March,-198.31005859375,2723.946008300781,-0.02096688071186603,-0.02118980731175066
2018-03-26,2619.35009765625,2661.360107421875,2601.81005859375,2658.550048828125,3538080000.0,Monday,March,-124.469970703125,2717.893505859375,0.02715725576151251,0.02679504070603539
2018-03-27,2667.570068359375,2674.780029296875,2596.1201171875,2612.6201171875,3761320000.0,Tuesday,March,-152.68994140625,2711.310510253906,-0.017276308813847896,-0.0174272856453219
2018-03-28,2611.300048828125,2632.64990234375,2593.06005859375,2605.0,3875720000.0,Wednesday,March,-144.47998046875,2705.869006347656,-0.00291665716625622,-0.0029209188994626773
2018-03-29,2614.409912109375,2659.070068359375,2609.719970703125,2640.8701171875,3572360000.0,Thursday,March,-106.4599609375,2704.029016113281,0.013769718690019195,0.013675777493843445
2018-03-30,2614.409912109375,2659.070068359375,2609.719970703125,2640.8701171875,3572360000.0,Friday,March,-111.139892578125,2701.5100219726564,0.0,0.0
2018-04-02,2633.449951171875,2638.300048828125,2553.800048828125,2581.8798828125,3635780000.0,Monday,April,-131.0400390625,2694.557019042969,-0.022337423560165104,-0.022590682343495868
2018-04-03,2592.169921875,2619.139892578125,2575.489990234375,2614.449951171875,3395840000.0,Tuesday,April,-102.489990234375,2688.8735107421876,0.012614865848792123,0.012535961315741067
2018-04-04,2584.0400390625,2649.860107421875,2573.610107421875,2644.68994140625,3369230000.0,Wednesday,April,-67.239990234375,2684.7680053710938,0.01156648273982852,0.01150010234644679
2018-04-05,2657.360107421875,2672.080078125,2649.580078125,2662.840087890625,3230430000.0,Thursday,April,19.150146484375,2680.9615112304687,0.0068628636575538415,0.006839421401651201
2018-04-06,2645.820068359375,2656.8798828125,2586.27001953125,2604.469970703125,3312390000.0,Friday,April,16.2099609375,2671.8565063476562,-0.021920248779842444,-0.022164067057064987
2018-04-09,2617.179931640625,2653.550048828125,2610.7900390625,2613.159912109375,3076140000.0,Monday,April,-45.39013671875,2663.3635009765626,0.0033365488963206236,0.0033309949675928295
2018-04-10,2638.409912109375,2665.449951171875,2635.780029296875,2656.8701171875,3579130000.0,Tuesday,April,44.25,2657.94150390625,0.0167269537832615,0.01658859899631407
2018-04-11,2643.889892578125,2661.429931640625,2639.25,2642.18994140625,3054520000.0,Wednesday,April,37.18994140625,2652.577001953125,-0.005525364482924067,-0.005540685772461173
2018-04-12,2653.830078125,2674.719970703125,2653.830078125,2663.989990234375,3045330000.0,Thursday,April,23.119873046875,2648.4099975585937,0.008250750063987677,0.008216898697657044
2018-04-13,2676.89990234375,2680.260009765625,2645.050048828125,2656.300048828125,2988540000.0,Friday,April,15.429931640625,2643.6244995117186,-0.0028866254882486952,-0.0028907998267066345
2018-04-16,2670.10009765625,2686.489990234375,2665.159912109375,2677.840087890625,3020740000.0,Monday,April,95.960205078125,2641.8705078125,0.008109038386684864,0.008076336801563068
2018-04-17,2692.739990234375,2713.340087890625,2692.050048828125,2706.389892578125,3286190000.0,Tuesday,April,91.93994140625,2641.3430053710936,0.010661504701720004,0.01060507161386675
2018-04-18,2710.110107421875,2717.489990234375,2703.6298828125,2708.639892578125,3412030000.0,Wednesday,April,63.949951171875,2641.178503417969,0.0008313658006817715,0.0008310204075532664
2018-04-19,2701.159912109375,2702.840087890625,2681.89990234375,2693.1298828125,3375120000.0,Thursday,April,30.289794921875,2643.650500488281,-0.005726124690152989,-0.00574258179583257
2018-04-20,2692.56005859375,2693.93994140625,2660.610107421875,2670.139892578125,3428260000.0,Friday,April,65.669921875,2647.744494628906,-0.00853653230061302,-0.008573177188352708
2018-04-23,2675.39990234375,2682.860107421875,2657.989990234375,2670.2900390625,3030390000.0,Monday,April,57.130126953125,2648.331494140625,5.623169212687351e-05,5.623011118453955e-05
2018-04-24,2680.800048828125,2683.550048828125,2617.320068359375,2634.56005859375,3716020000.0,Tuesday,April,-22.31005859375,2649.4284912109374,-0.01338056164164636,-0.013470888006475166
2018-04-25,2634.919921875,2645.300048828125,2612.669921875,2639.39990234375,3563680000.0,Wednesday,April,-2.7900390625,2651.148486328125,0.001837059563023713,0.0018353742328236348
2018-04-26,2651.64990234375,2676.47998046875,2647.159912109375,2666.93994140625,3690920000.0,Thursday,April,2.949951171875,2652.4519775390627,0.010434204774367295,0.010380144187376953
2018-04-27,2675.469970703125,2677.35009765625,2659.010009765625,2669.909912109375,3234510000.0,Friday,April,13.60986328125,2653.9039672851563,0.0011136248915897262,0.001113005271363815
2018-04-30,2682.510009765625,2682.8701171875,2648.0400390625,2648.050048828125,3749510000.0,Monday,April,-29.7900390625,2657.2124755859377,-0.008187490964434607,-0.008221192548921247
2018-05-01,2642.9599609375,2655.27001953125,2625.409912109375,2654.800048828125,3562820000.0,Tuesday,May,-51.58984375,2659.22998046875,0.0025490454770622506,0.0025458021710273926
2018-05-02,2654.239990234375,2660.8701171875,2631.699951171875,2635.669921875,4047020000.0,Wednesday,May,-72.969970703125,2658.7789794921873,-0.007205863568357729,-0.007231951201402355
2018-05-03,2628.080078125,2637.139892578125,2594.6201171875,2629.72998046875,3867530000.0,Thursday,May,-63.39990234375,2657.1234741210938,-0.0022536742393085563,-0.002256217585064076
2018-05-04,2621.449951171875,2670.929931640625,2615.320068359375,2663.419921875,3335260000.0,Friday,May,-6.719970703125,2660.0709716796873,0.012811178963797909,0.012729810028334959
2018-05-07,2680.340087890625,2683.35009765625,2664.699951171875,2672.6298828125,3266810000.0,Monday,May,2.33984375,2663.044470214844,0.0034579455015175675,0.003451980554989958
2018-05-08,2670.260009765625,2676.340087890625,2655.199951171875,2671.919921875,3745100000.0,Tuesday,May,37.35986328125,2663.7969604492187,-0.0002656413228280252,-0.0002656766117338216
2018-05-09,2678.1201171875,2701.27001953125,2674.139892578125,2697.7900390625,3913650000.0,Wednesday,May,58.39013671875,2666.5769653320312,0.009682220255068819,0.009635647934868785
2018-05-10,2705.02001953125,2726.110107421875,2704.5400390625,2723.070068359375,3380640000.0,Thursday,May,56.130126953125,2669.530969238281,0.009370643723504823,0.009327011603848374
2018-05-11,2722.699951171875,2732.860107421875,2717.449951171875,2727.719970703125,2874850000.0,Friday,May,57.81005859375,2673.1019653320313,0.0017075955546570487,0.001706139270961256
2018-05-14,2738.469970703125,2742.10009765625,2725.469970703125,2730.1298828125,2994360000.0,Monday,May,82.079833984375,2675.716455078125,0.0008834895573073265,0.0008830995101265589
2018-05-15,2718.590087890625,2718.590087890625,2701.909912109375,2711.449951171875,3291190000.0,Tuesday,May,56.64990234375,2675.9694580078126,-0.006842140279927467,-0.006865655043990812
2018-05-16,2712.6201171875,2727.760009765625,2712.169921875,2722.4599609375,3248480000.0,Wednesday,May,86.7900390625,2676.6604614257812,0.004060561678767671,0.004052339847514407
2018-05-17,2719.7099609375,2731.9599609375,2711.360107421875,2720.1298828125,3478150000.0,Thursday,May,90.39990234375,2678.010461425781,-0.0008558723207806596,-0.0008562387886101002
2018-05-18,2717.35009765625,2719.5,2709.179931640625,2712.969970703125,3383270000.0,Friday,May,49.550048828125,2680.151965332031,-0.00263219493841671,-0.0026356652545503154
2018-05-21,2735.389892578125,2739.18994140625,2725.699951171875,2733.010009765625,3053480000.0,Monday,May,60.380126953125,2683.2879638671875,0.007386752997235124,0.007359604547933372
2018-05-22,2738.340087890625,2742.239990234375,2721.8798828125,2724.43994140625,3384140000.0,Tuesday,May,52.52001953125,2687.7819580078126,-0.0031357617896576873,-0.0031406885928751895
2018-05-23,2713.97998046875,2733.330078125,2709.5400390625,2733.2900390625,3333160000.0,Wednesday,May,35.5,2692.47646484375,0.0032484098921563564,0.0032431452068987514
2018-05-24,2730.93994140625,2731.969970703125,2707.3798828125,2727.760009765625,3285750000.0,Thursday,May,4.68994140625,2695.517468261719,-0.002023213496498033,-0.0020252629577225518
2018-05-25,2723.60009765625,2727.360107421875,2714.989990234375,2721.330078125,3015260000.0,Friday,May,-6.389892578125,2698.0884765625,-0.0023572204364039617,-0.002360003054185922
2018-05-28,2723.60009765625,2727.360107421875,2714.989990234375,2721.330078125,3015260000.0,Monday,May,-8.7998046875,2701.752478027344,0.0,0.0
2018-05-29,2705.110107421875,2710.669921875,2676.81005859375,2689.860107421875,3743310000.0,Tuesday,May,-21.58984375,2703.505480957031,-0.011564187290653005,-0.011631572511792225
2018-05-30,2702.429931640625,2729.340087890625,2702.429931640625,2724.010009765625,3566490000.0,Wednesday,May,1.550048828125,2707.9224853515625,0.012695791223314323,0.012615875351923801
2018-05-31,2720.97998046875,2722.5,2700.679931640625,2705.27001953125,4241100000.0,Thursday,May,-14.85986328125,2711.6994873046874,-0.006879559974886984,-0.006903333243434208
2018-06-01,2718.699951171875,2736.929931640625,2718.699951171875,2734.6201171875,3694310000.0,Friday,June,21.650146484375,2715.2594970703126,0.010849230370481022,0.01079079970923988
2018-06-04,2741.669921875,2749.159912109375,2740.5400390625,2746.8701171875,3410090000.0,Monday,June,13.860107421875,2718.9715087890627,0.004479598435997323,0.004469594898352221
2018-06-05,2748.4599609375,2752.610107421875,2739.510009765625,2748.800048828125,3523550000.0,Tuesday,June,24.360107421875,2722.8155151367187,0.0007025929724704394,0.0007023462695756739
2018-06-06,2753.25,2772.389892578125,2748.4599609375,2772.35009765625,3662780000.0,Wednesday,June,39.06005859375,2726.5435180664062,0.008567392465728796,0.008530900637311972
2018-06-07,2774.840087890625,2779.89990234375,2760.159912109375,2770.3701171875,3742080000.0,Thursday,June,42.610107421875,2728.9085205078127,-0.0007141884679080501,-0.0007144436219845289
2018-06-08,2765.840087890625,2779.389892578125,2763.590087890625,2779.030029296875,3138850000.0,Friday,June,57.699951171875,2731.4740234375,0.0031259043893263616,0.0031210289077513477
2018-06-11,2780.179931640625,2790.2099609375,2780.169921875,2782.0,3262130000.0,Monday,June,60.669921875,2734.067529296875,0.001068707668436586,0.0010681370069403208
2018-06-12,2785.60009765625,2789.800048828125,2778.780029296875,2786.85009765625,3435700000.0,Tuesday,June,96.989990234375,2737.837536621094,0.0017433852107295866,0.0017418672787038484
2018-06-13,2787.93994140625,2791.469970703125,2774.64990234375,2775.6298828125,3820770000.0,Wednesday,June,51.619873046875,2740.4960327148438,-0.004026127868587581,-0.004034254541411457
2018-06-14,2783.2099609375,2789.06005859375,2776.52001953125,2782.489990234375,3540930000.0,Thursday,June,77.219970703125,2743.6140380859374,0.002471549778432225,0.002468500522503687
2018-06-15,2777.780029296875,2782.81005859375,2761.72998046875,2779.659912109375,5451990000.0,Friday,June,45.039794921875,2746.94853515625,-0.001017102715529128,-0.00101762031549408
2018-06-18,2765.7900390625,2774.989990234375,2757.1201171875,2773.75,3316120000.0,Monday,June,26.8798828125,2748.9855346679688,-0.0021261277624751163,-0.002128391180886516
2018-06-19,2752.010009765625,2765.050048828125,2743.18994140625,2762.590087890625,3671160000.0,Tuesday,June,13.7900390625,2750.8930419921876,-0.004023402292699374,-0.004031517951391294
2018-06-20,2769.72998046875,2774.860107421875,2763.909912109375,2767.320068359375,3332140000.0,Wednesday,June,-5.030029296875,2752.5945434570312,0.0017121542893689945,0.001710690224112545
2018-06-21,2769.280029296875,2769.280029296875,2744.389892578125,2749.760009765625,3336580000.0,Thursday,June,-20.610107421875,2753.694543457031,-0.006345510515579966,-0.006365728843220268
2018-06-22,2760.7900390625,2764.169921875,2752.679931640625,2754.8798828125,5468110000.0,Friday,June,-24.150146484375,2755.372033691406,0.0018619345065358228,0.0018602032551338834
2018-06-25,2742.93994140625,2742.93994140625,2698.669921875,2717.070068359375,3663280000.0,Monday,June,-64.929931640625,2755.159033203125,-0.013724668973416176,-0.013819722967770653
2018-06-26,2722.1201171875,2732.909912109375,2715.60009765625,2723.06005859375,3568900000.0,Tuesday,June,-63.7900390625,2756.8190307617188,0.0022045770199778936,0.0022021505056967236
2018-06-27,2728.449951171875,2746.090087890625,2699.3798828125,2699.6298828125,3803990000.0,Wednesday,June,-76.0,2755.6000244140623,-0.008604355128821406,-0.008641586313141117
2018-06-28,2698.68994140625,2724.340087890625,2691.989990234375,2716.31005859375,3461100000.0,Thursday,June,-66.179931640625,2756.1520263671873,0.00617868985946779,0.006159680019031288
2018-06-29,2727.1298828125,2743.260009765625,2718.030029296875,2718.3701171875,3586800000.0,Friday,June,-61.289794921875,2755.3395263671873,0.0007584033300001014,0.0007581158875170001
2018-07-02,2704.949951171875,2727.260009765625,2698.949951171875,2726.7099609375,3095040000.0,Monday,July,-47.0400390625,2754.3315185546876,0.003067957412152822,0.003063260834293461
2018-07-03,2733.27001953125,2736.580078125,2711.159912109375,2713.219970703125,1911460000.0,Tuesday,July,-49.3701171875,2752.5525146484374,-0.00494735062681062,-0.004959629280533677
2018-07-04,2733.27001953125,2736.580078125,2711.159912109375,2713.219970703125,1911460000.0,Wednesday,July,-54.10009765625,2749.5960083007812,0.0,0.0
2018-07-05,2724.18994140625,2737.830078125,2716.02001953125,2736.610107421875,2980160000.0,Thursday,July,-13.14990234375,2747.9080078125,0.008620803683929923,0.008583856745537827
2018-07-06,2737.679931640625,2764.409912109375,2733.52001953125,2759.820068359375,2590250000.0,Friday,July,4.940185546875,2746.947509765625,0.008481281595267509,0.00844551760058016
2018-07-09,2775.6201171875,2784.64990234375,2770.72998046875,2784.169921875,3070060000.0,Monday,July,67.099853515625,2747.056005859375,0.008822985887663393,0.008784290785341506
2018-07-10,2788.56005859375,2795.580078125,2786.239990234375,2793.840087890625,3080140000.0,Tuesday,July,70.780029296875,2747.4055053710936,0.003473267180873929,0.003467249318821859
2018-07-11,2779.820068359375,2785.909912109375,2770.77001953125,2774.02001953125,2986180000.0,Wednesday,July,74.39013671875,2747.3250122070312,-0.007094202866256172,-0.007119486371916502
2018-07-12,2783.139892578125,2799.219970703125,2781.530029296875,2798.2900390625,2834230000.0,Thursday,July,81.97998046875,2748.1150146484374,0.008749042674663476,0.0087109915801719
2018-07-13,2796.929931640625,2804.530029296875,2791.68994140625,2801.31005859375,2619790000.0,Friday,July,82.93994140625,2749.1975219726564,0.0010792374947172778,0.0010786555366086475
2018-07-16,2797.360107421875,2801.18994140625,2793.389892578125,2798.429931640625,2819860000.0,Monday,July,71.719970703125,2750.4315185546875,-0.001028135726814483,-0.0010286646208985384
2018-07-17,2789.340087890625,2814.18994140625,2789.239990234375,2809.550048828125,3064920000.0,Tuesday,July,96.330078125,2752.7795166015626,0.00397369863071062,0.003965824343443431
2018-07-18,2811.35009765625,2816.760009765625,2805.889892578125,2815.6201171875,3111560000.0,Wednesday,July,102.400146484375,2755.1945190429688,0.0021605126279586884,0.0021581820767374625
2018-07-19,2809.3701171875,2812.050048828125,2799.77001953125,2804.489990234375,3278360000.0,Thursday,July,67.8798828125,2757.931018066406,-0.003952993120479142,-0.003960826849049506
2018-07-20,2804.550048828125,2809.699951171875,2800.010009765625,2801.830078125,3243250000.0,Friday,July,42.010009765625,2760.278527832031,-0.0009484477101494582,-0.0009488977712743676
2018-07-23,2799.169921875,2808.610107421875,2795.139892578125,2806.97998046875,2928490000.0,Monday,July,22.81005859375,2764.7740234375,0.0018380494891383492,0.0018363623432315187
2018-07-24,2820.679931640625,2829.989990234375,2811.1201171875,2820.39990234375,3430410000.0,Tuesday,July,26.559814453125,2769.641015625,0.004780911145920941,0.004769518886053562
2018-07-25,2817.72998046875,2848.030029296875,2817.72998046875,2846.070068359375,3584400000.0,Wednesday,July,72.050048828125,2776.963024902344,0.009101605057599604,0.009060435070372713
2018-07-26,2835.489990234375,2845.570068359375,2835.260009765625,2837.43994140625,3667290000.0,Thursday,July,39.14990234375,2783.0195190429686,-0.0030322960242857855,-0.00303690274886736
2018-07-27,2842.35009765625,2843.169921875,2808.340087890625,2818.820068359375,3434370000.0,Friday,July,17.510009765625,2788.0420166015624,-0.00656220869212365,-0.006583834644845457
2018-07-30,2819.0,2821.739990234375,2798.110107421875,2802.60009765625,3261190000.0,Monday,July,4.170166015625,2791.8365234375,-0.005754170294581917,-0.0057707893155871425
2018-07-31,2809.72998046875,2824.4599609375,2808.06005859375,2816.2900390625,3906890000.0,Tuesday,July,6.739990234375,2796.990026855469,0.004884728797982518,0.004872837219303094
2018-08-01,2821.169921875,2825.830078125,2805.85009765625,2813.360107421875,3501350000.0,Wednesday,August,-2.260009765625,2801.997033691406,-0.0010403515262938923,-0.0010408930675711336
2018-08-02,2800.47998046875,2829.909912109375,2796.340087890625,2827.219970703125,3501380000.0,Thursday,August,22.72998046875,2806.5275268554688,0.004926444803381669,0.0049143495822087
2018-08-03,2829.6201171875,2840.3798828125,2827.3701171875,2840.35009765625,3043690000.0,Friday,August,38.52001953125,2810.5540283203127,0.004644183009877123,0.004633432065347987
2018-08-06,2840.2900390625,2853.2900390625,2835.97998046875,2850.39990234375,2879020000.0,Monday,August,43.419921875,2813.86552734375,0.003538227451535869,0.003531982650801626
2018-08-07,2855.919921875,2863.429931640625,2855.919921875,2858.449951171875,3185440000.0,Tuesday,August,38.050048828125,2817.0960205078127,0.0028241822564987196,0.0028202017464857678
2018-08-08,2856.7900390625,2862.43994140625,2853.090087890625,2857.699951171875,2978070000.0,Wednesday,August,11.6298828125,2821.2800170898436,-0.0002623799656497061,-0.00026241439329510795
2018-08-09,2857.18994140625,2862.47998046875,2851.97998046875,2853.580078125,3066180000.0,Thursday,August,16.14013671875,2824.0445190429687,-0.0014416744645237012,-0.0014427146770399496
2018-08-10,2838.89990234375,2842.199951171875,2825.81005859375,2833.280029296875,3265590000.0,Friday,August,14.4599609375,2825.643017578125,-0.007113887913551609,-0.007139312263244473
2018-08-13,2835.4599609375,2843.39990234375,2819.8798828125,2821.929931640625,3173630000.0,Monday,August,19.329833984375,2826.818017578125,-0.004005992185342366,-0.004014037665980266
2018-08-14,2827.8798828125,2843.110107421875,2826.580078125,2839.9599609375,2986500000.0,Tuesday,August,23.669921875,2828.338513183594,0.006389254777276809,0.006368930016417421
2018-08-15,2827.949951171875,2827.949951171875,2802.489990234375,2818.3701171875,3656680000.0,Wednesday,August,5.010009765625,2828.4760131835938,-0.007602164835758152,-0.007631208581378815
2018-08-16,2831.43994140625,2850.489990234375,2831.43994140625,2840.68994140625,3232000000.0,Thursday,August,13.469970703125,2830.2860107421875,0.007919408484583057,0.00788821455263811
2018-08-17,2838.320068359375,2855.6298828125,2833.72998046875,2850.1298828125,3037640000.0,Friday,August,9.77978515625,2832.7010009765627,0.0033231157222237684,0.003317606375263089
2018-08-20,2853.929931640625,2859.760009765625,2850.6201171875,2857.050048828125,2757150000.0,Monday,August,6.650146484375,2835.2045043945313,0.0024280177746833775,0.002425074902128281
2018-08-21,2861.510009765625,2873.22998046875,2861.320068359375,2862.9599609375,3174010000.0,Tuesday,August,4.510009765625,2837.3325073242186,0.0020685364303643095,0.002066399954627058
2018-08-22,2860.989990234375,2867.5400390625,2856.050048828125,2861.820068359375,2701250000.0,Wednesday,August,4.1201171875,2838.120007324219,-0.0003981517707819515,-0.0003982310542435054
2018-08-23,2860.2900390625,2868.780029296875,2854.030029296875,2856.97998046875,2724450000.0,Thursday,August,3.39990234375,2839.0970092773437,-0.0016912621251551352,-0.0016926939235351061
2018-08-24,2862.35009765625,2876.159912109375,2862.35009765625,2874.68994140625,2603010000.0,Friday,August,41.409912109375,2841.8905029296875,0.006198839704363079,0.006179705928285333
2018-08-27,2884.68994140625,2898.25,2884.68994140625,2896.739990234375,2865070000.0,Monday,August,74.81005859375,2846.5974975585937,0.007670409427647185,0.007641141407110444
2018-08-28,2901.449951171875,2903.77001953125,2893.5,2897.52001953125,2687770000.0,Tuesday,August,57.56005859375,2850.6589965820312,0.00026927832649970007,0.00026924207759835515
2018-08-29,2900.6201171875,2916.5,2898.39990234375,2914.0400390625,2805520000.0,Wednesday,August,95.669921875,2855.6929931640625,0.005701434129840033,0.005685242468911669
2018-08-30,2908.93994140625,2912.4599609375,2895.219970703125,2901.1298828125,2810450000.0,Thursday,August,60.43994140625,2859.3884887695312,-0.004430329054144866,-0.004440172044458075
2018-08-31,2898.3701171875,2906.320068359375,2891.72998046875,2901.52001953125,2887220000.0,Friday,August,51.39013671875,2862.446984863281,0.00013447750859452157,0.00013446846730492032
2018-09-03,2898.3701171875,2906.320068359375,2891.72998046875,2901.52001953125,2887220000.0,Monday,September,44.469970703125,2865.0029907226562,0.0,0.0
2018-09-04,2896.9599609375,2900.179931640625,2885.1298828125,2896.719970703125,3087420000.0,Tuesday,September,33.760009765625,2866.9164916992186,-0.0016543221469484948,-0.0016556920488793076
2018-09-05,2891.590087890625,2894.2099609375,2876.919921875,2888.60009765625,3248780000.0,Wednesday,September,26.780029296875,2868.4614990234377,-0.002803126684318036,-0.002807062801265972
2018-09-06,2888.639892578125,2892.050048828125,2867.2900390625,2878.050048828125,3144240000.0,Thursday,September,21.070068359375,2869.6849975585938,-0.0036523050860121087,-0.0036589910366181576
2018-09-07,2868.260009765625,2883.81005859375,2864.1201171875,2871.679931640625,2976580000.0,Friday,September,-3.010009765625,2871.6049926757814,-0.002213344827027508,-0.002215797895014484
2018-09-10,2881.389892578125,2886.929931640625,2875.93994140625,2877.1298828125,2751100000.0,Monday,September,-19.610107421875,2874.364990234375,0.0018978268127400888,0.0018960282146933797
2018-09-11,2871.570068359375,2892.52001953125,2866.780029296875,2887.889892578125,2904500000.0,Tuesday,September,-9.630126953125,2876.7614868164064,0.003739841510076891,0.003732865689715426
2018-09-12,2888.2900390625,2894.64990234375,2879.199951171875,2888.919921875,3341280000.0,Wednesday,September,-25.1201171875,2880.2889770507813,0.00035667194221011833,0.0003566083498935524
2018-09-13,2896.85009765625,2906.760009765625,2896.389892578125,2904.179931640625,3274090000.0,Thursday,September,3.050048828125,2883.4634765625,0.005282254329749936,0.005268352159391334
2018-09-14,2906.3798828125,2908.300048828125,2895.77001953125,2904.97998046875,3179410000.0,Friday,September,3.4599609375,2886.2059814453123,0.00027548183892078804,0.00027544390076635555
2018-09-17,2903.830078125,2904.64990234375,2886.159912109375,2888.800048828125,2967980000.0,Monday,September,-12.719970703125,2887.7934814453124,-0.005569722252617426,-0.005585290991549207
2018-09-18,2890.739990234375,2911.169921875,2890.429931640625,2904.31005859375,3091190000.0,Tuesday,September,7.590087890625,2889.860986328125,0.005369014643958003,0.0053546528676252396
2018-09-19,2906.60009765625,2912.360107421875,2903.820068359375,2907.949951171875,3302460000.0,Wednesday,September,19.349853515625,2892.16748046875,0.0012532727238796504,0.0012524880331719868
2018-09-20,2919.72998046875,2934.800048828125,2919.72998046875,2930.75,3406520000.0,Thursday,September,52.699951171875,2895.8559814453124,0.007840591898404803,0.00781001418532906
2018-09-21,2936.760009765625,2940.909912109375,2927.110107421875,2929.669921875,5652470000.0,Friday,September,57.989990234375,2898.60498046875,-0.00036853301202766087,-0.00036860093700704873
2018-09-24,2921.830078125,2923.7900390625,2912.6298828125,2919.3701171875,3392030000.0,Monday,September,42.240234375,2899.7364868164063,-0.0035156877607932513,-0.003521882314013849
2018-09-25,2921.75,2923.949951171875,2913.699951171875,2915.56005859375,3330880000.0,Tuesday,September,27.670166015625,2900.6384887695312,-0.0013050961134796202,-0.001305948493117946
2018-09-26,2916.97998046875,2931.14990234375,2903.280029296875,2905.969970703125,3417540000.0,Wednesday,September,17.050048828125,2900.2349853515625,-0.003289278113945082,-0.003294699681159941
2018-09-27,2911.64990234375,2927.219970703125,2909.27001953125,2914.0,3101360000.0,Thursday,September,9.820068359375,2900.8784912109377,0.0027632870875580196,0.0027594762285113967
2018-09-28,2910.030029296875,2920.530029296875,2907.5,2913.97998046875,3461680000.0,Friday,September,9.0,2901.5014892578124,-6.870120538793323e-06,-6.870144138179519e-06
2018-10-01,2926.2900390625,2937.06005859375,2917.909912109375,2924.590087890625,3375890000.0,Monday,October,35.7900390625,2902.654992675781,0.003641105118425747,0.0036344923421985013
2018-10-02,2923.800048828125,2931.419921875,2919.3701171875,2923.429931640625,3432620000.0,Tuesday,October,19.119873046875,2903.9904907226564,-0.0003966902079042267,-0.0003967689102790794
2018-10-03,2931.68994140625,2939.860107421875,2921.360107421875,2925.510009765625,3625510000.0,Wednesday,October,17.56005859375,2905.835986328125,0.0007115197468861023,0.0007112667367183715
2018-10-04,2919.35009765625,2919.780029296875,2883.919921875,2901.610107421875,3510370000.0,Thursday,October,-29.139892578125,2907.0139892578127,-0.008169482334351885,-0.008203035421009815
2018-10-05,2902.5400390625,2909.639892578125,2869.2900390625,2885.570068359375,3340820000.0,Friday,October,-44.099853515625,2907.70849609375,-0.005527978766503461,-0.0055433145846221455
2018-10-08,2877.530029296875,2889.449951171875,2862.080078125,2884.429931640625,3381820000.0,Monday,October,-34.940185546875,2908.0734985351564,-0.00039511662920677093,-0.000395194708349698
2018-10-09,2882.510009765625,2894.830078125,2874.27001953125,2880.340087890625,3531690000.0,Tuesday,October,-35.219970703125,2907.696008300781,-0.0014179036575431292,-0.0014189098341542976
2018-10-10,2873.89990234375,2874.02001953125,2784.860107421875,2785.679931640625,4554260000.0,Wednesday,October,-120.2900390625,2902.5340087890627,-0.0328642290012785,-0.03341638904260208
2018-10-11,2776.8701171875,2795.139892578125,2710.510009765625,2728.3701171875,4914090000.0,Thursday,October,-185.6298828125,2893.743518066406,-0.02057300761734404,-0.02078757997254153
2018-10-12,2770.5400390625,2775.77001953125,2729.43994140625,2767.1298828125,4024010000.0,Friday,October,-146.85009765625,2886.8510131835938,0.014206197825152422,0.014106235408376288
2018-10-15,2763.830078125,2775.989990234375,2749.030029296875,2750.7900390625,3327160000.0,Monday,October,-173.800048828125,2879.9505126953127,-0.005904978964482943,-0.005922482291300048
2018-10-16,2767.050048828125,2813.4599609375,2766.909912109375,2809.919921875,3460260000.0,Tuesday,October,-113.510009765625,2875.231005859375,0.02149560016316343,0.02126782803490127
2018-10-17,2811.669921875,2816.93994140625,2781.81005859375,2809.2099609375,3347090000.0,Wednesday,October,-116.300048828125,2870.2940063476562,-0.00025266233815879335,-0.0002526942626648821
2018-10-18,2802.0,2806.0400390625,2755.179931640625,2768.780029296875,3639300000.0,Thursday,October,-132.830078125,2862.1955078125,-0.014391922356395415,-0.014496490575341185
2018-10-19,2775.659912109375,2797.77001953125,2760.27001953125,2767.780029296875,3593940000.0,Friday,October,-117.7900390625,2854.1010131835938,-0.00036116989772350117,-0.00036123513527937907
2018-10-22,2773.93994140625,2778.93994140625,2749.219970703125,2755.8798828125,3331270000.0,Monday,October,-128.550048828125,2845.9265014648436,-0.004299527548581317,-0.004308797096477868
2018-10-23,2721.030029296875,2753.590087890625,2691.429931640625,2740.68994140625,4373710000.0,Tuesday,October,-139.650146484375,2837.182995605469,-0.005511829997012829,-0.005527076180694164
2018-10-24,2737.8701171875,2742.590087890625,2651.889892578125,2656.10009765625,4738670000.0,Wednesday,October,-129.579833984375,2824.689501953125,-0.030864433977743855,-0.03135077386114084
2018-10-25,2674.8798828125,2722.699951171875,2667.840087890625,2705.570068359375,4663930000.0,Thursday,October,-22.800048828125,2814.2680053710938,0.018625040052811848,0.018453717978714167
2018-10-26,2667.860107421875,2692.3798828125,2628.159912109375,2658.68994140625,4804330000.0,Friday,October,-108.43994140625,2801.5035034179687,-0.017327264039978307,-0.017479138010003174
2018-10-29,2682.64990234375,2706.85009765625,2603.5400390625,2641.25,4701260000.0,Monday,October,-109.5400390625,2787.3364990234377,-0.0065595995737004476,-0.00658120829519397
2018-10-30,2640.679931640625,2685.429931640625,2635.340087890625,2682.6298828125,5125600000.0,Tuesday,October,-127.2900390625,2775.296496582031,0.015666780052058682,0.015545322971877482
2018-10-31,2705.60009765625,2736.68994140625,2705.60009765625,2711.739990234375,5133380000.0,Wednesday,October,-97.469970703125,2764.6079956054687,0.010851331974038647,0.010792878754571094
2018-11-01,2717.580078125,2741.669921875,2708.85009765625,2740.3701171875,4730250000.0,Thursday,November,-28.409912109375,2756.54599609375,0.010557843693063784,0.010502498868529206
2018-11-02,2745.449951171875,2756.550048828125,2700.43994140625,2723.06005859375,4261230000.0,Friday,November,-44.719970703125,2748.4204956054687,-0.0063166863793988615,-0.006336721055879746
2018-11-05,2726.3701171875,2744.27001953125,2717.93994140625,2738.31005859375,3650910000.0,Monday,November,-17.56982421875,2741.114501953125,0.005600317169601965,0.0055846936971941175
2018-11-06,2738.39990234375,2756.820068359375,2737.080078125,2755.449951171875,3543800000.0,Tuesday,November,14.760009765625,2734.8699951171875,0.006259295774170726,0.0062397877444086355
2018-11-07,2774.1298828125,2815.14990234375,2774.1298828125,2813.889892578125,3929080000.0,Wednesday,November,157.789794921875,2736.2804931640626,0.021208856064105275,0.020987078560774024
2018-11-08,2806.3798828125,2814.75,2794.989990234375,2806.830078125,3673550000.0,Thursday,November,101.260009765625,2740.2034912109375,-0.0025089163835961825,-0.002512068988491457
2018-11-09,2794.10009765625,2794.10009765625,2764.239990234375,2781.010009765625,4029030000.0,Friday,November,122.320068359375,2740.897497558594,-0.00919901370610332,-0.00924158591537243
2018-11-12,2773.929931640625,2775.989990234375,2722.0,2726.219970703125,3701570000.0,Monday,November,84.969970703125,2739.668994140625,-0.01970148934024063,-0.019898150985467496
2018-11-13,2730.050048828125,2754.60009765625,2714.97998046875,2722.179931640625,4112820000.0,Tuesday,November,39.550048828125,2735.2819946289064,-0.0014819196931705747,-0.0014830188221738934
2018-11-14,2737.89990234375,2746.800048828125,2685.75,2701.580078125,4449060000.0,Wednesday,November,-10.159912109375,2729.900500488281,-0.007567410690302756,-0.007596188818450545
2018-11-15,2693.52001953125,2735.3798828125,2670.75,2730.199951171875,4204960000.0,Thursday,November,-10.170166015625,2727.9714965820312,0.010593753366266334,0.01053803274264194
2018-11-16,2718.5400390625,2746.75,2712.159912109375,2736.27001953125,3996970000.0,Friday,November,13.2099609375,2726.39599609375,0.0022233054237545957,0.002220837537483983
2018-11-19,2730.739990234375,2733.159912109375,2681.090087890625,2690.72998046875,3806940000.0,Monday,November,-47.580078125,2723.1385009765627,-0.01664310858849427,-0.016783161235721437
2018-11-20,2654.60009765625,2669.43994140625,2631.52001953125,2641.889892578125,4370820000.0,Tuesday,November,-113.56005859375,2718.1984985351564,-0.01815124083246611,-0.018317995556585972
2018-11-21,2657.739990234375,2670.72998046875,2649.820068359375,2649.929931640625,3237400000.0,Wednesday,November,-163.9599609375,2717.889990234375,0.0030432907461763747,0.0030386693107672014
2018-11-22,2657.739990234375,2670.72998046875,2649.820068359375,2649.929931640625,3237400000.0,Thursday,November,-156.900146484375,2715.1079833984377,0.0,0.0
2018-11-23,2633.360107421875,2647.550048828125,2631.090087890625,2632.56005859375,1651680000.0,Friday,November,-148.449951171875,2713.8014892578126,-0.006554842390161242,-0.006576419711855615
2018-11-26,2649.969970703125,2674.35009765625,2649.969970703125,2673.449951171875,3523520000.0,Monday,November,-52.77001953125,2715.411486816406,0.0155323683669224,0.015412975845366429
2018-11-27,2663.75,2682.530029296875,2655.889892578125,2682.169921875,3494380000.0,Tuesday,November,-40.010009765625,2715.3884887695312,0.003261692144003847,0.003256384364612641
2018-11-28,2691.449951171875,2744.0,2684.3798828125,2743.7900390625,3984540000.0,Wednesday,November,42.2099609375,2716.9909912109374,0.022973979644221654,0.022714051303113776
2018-11-29,2736.969970703125,2753.75,2722.93994140625,2737.800048828125,3599200000.0,Thursday,November,7.60009765625,2716.8624877929688,-0.0021831080910337253,-0.002185494545393453
2018-11-30,2737.760009765625,2760.8798828125,2732.760009765625,2760.169921875,4668310000.0,Friday,November,23.89990234375,2718.717980957031,0.008170747552017188,0.008137547716617559
2018-12-03,2790.5,2800.179931640625,2773.3798828125,2790.3701171875,4221580000.0,Monday,December,99.64013671875,2721.3209838867188,0.010941426132194287,0.010882001794362436
2018-12-04,2782.429931640625,2785.929931640625,2697.179931640625,2700.06005859375,4515710000.0,Tuesday,December,58.170166015625,2718.5514892578126,-0.03236490314939877,-0.03290022883855611
2018-12-05,2782.429931640625,2785.929931640625,2697.179931640625,2700.06005859375,4515710000.0,Wednesday,December,50.130126953125,2712.859997558594,0.0,0.0
2018-12-06,2663.510009765625,2696.14990234375,2621.530029296875,2695.949951171875,5180430000.0,Thursday,December,46.02001953125,2707.3159912109377,-0.0015222281477752508,-0.0015233879141442856
2018-12-07,2691.260009765625,2708.5400390625,2623.139892578125,2633.080078125,4242240000.0,Friday,December,0.52001953125,2699.9194946289062,-0.023320118765389863,-0.02359633545632224
2018-12-10,2630.860107421875,2647.510009765625,2583.22998046875,2637.719970703125,4162880000.0,Monday,December,-35.72998046875,2695.494494628906,0.0017621539947350051,0.0017606032229163218
2018-12-11,2664.43994140625,2674.35009765625,2621.300048828125,2636.780029296875,3963440000.0,Tuesday,December,-45.389892578125,2691.224499511719,-0.00035634616892232795,-0.00035640967530566644
2018-12-12,2658.22998046875,2685.43994140625,2650.260009765625,2651.070068359375,4029300000.0,Wednesday,December,-92.719970703125,2688.6989990234374,0.005419503676349802,0.005404871010351243
2018-12-13,2658.699951171875,2670.18994140625,2637.27001953125,2650.5400390625,3978340000.0,Thursday,December,-87.260009765625,2684.7160034179688,-0.00019993032368359476,-0.00019995031241503897
2018-12-14,2629.679931640625,2635.070068359375,2593.840087890625,2599.949951171875,4064370000.0,Friday,December,-160.219970703125,2677.9,-0.019086709555430348,-0.019271212268699812
2018-12-17,2590.75,2601.1298828125,2530.5400390625,2545.93994140625,4661420000.0,Monday,December,-244.43017578125,2670.660498046875,-0.020773480559224233,-0.020992284828576645
2018-12-18,2559.89990234375,2573.989990234375,2528.7099609375,2546.159912109375,4519190000.0,Tuesday,December,-153.900146484375,2665.8739990234376,8.640058610476231e-05,8.639685378910398e-05
2018-12-19,2547.050048828125,2585.2900390625,2488.9599609375,2506.9599609375,5152830000.0,Wednesday,December,-193.10009765625,2658.7255004882813,-0.01539571453679811,-0.015515459175936802
2018-12-20,2496.77001953125,2509.6298828125,2441.179931640625,2467.419921875,5619780000.0,Thursday,December,-228.530029296875,2649.6,-0.01577210632742365,-0.015897809484103957
2018-12-21,2465.3798828125,2504.409912109375,2408.550048828125,2416.6201171875,7657890000.0,Friday,December,-216.4599609375,2638.8030029296874,-0.020588228309714296,-0.02080312049854063
2018-12-24,2400.56005859375,2410.340087890625,2351.10009765625,2351.10009765625,2613670000.0,Monday,December,-286.619873046875,2622.685510253906,-0.027112254452099527,-0.02748657287831441
2018-12-25,2400.56005859375,2410.340087890625,2351.10009765625,2351.10009765625,2613670000.0,Tuesday,December,-285.679931640625,2606.1320190429688,0.0,0.0
2018-12-26,2363.1201171875,2467.760009765625,2346.580078125,2467.699951171875,4249740000.0,Wednesday,December,-183.3701171875,2592.3275146484375,0.04959374278953943,0.04840317767080503
2018-12-27,2442.5,2489.10009765625,2397.93994140625,2488.830078125,4139010000.0,Thursday,December,-161.7099609375,2579.879016113281,0.008562680784222065,0.008526228968816992
2018-12-28,2498.77001953125,2520.27001953125,2472.889892578125,2485.739990234375,3728440000.0,Friday,December,-114.2099609375,2566.15751953125,-0.0012415825080966947,-0.0012423539102312722
2018-12-31,2498.93994140625,2509.239990234375,2482.820068359375,2506.85009765625,3461920000.0,Monday,December,-39.08984375,2551.9815185546877,0.00849248413140935,0.008456625862206874
2019-01-01,2498.93994140625,2509.239990234375,2482.820068359375,2506.85009765625,3461920000.0,Tuesday,January,-39.309814453125,2542.3210205078126,0.0,0.0
2019-01-02,2476.9599609375,2519.489990234375,2467.469970703125,2510.030029296875,3733160000.0,Wednesday,January,3.070068359375,2532.8195190429688,0.0012684969251244294,0.0012676930626261643
2019-01-03,2491.919921875,2493.139892578125,2443.9599609375,2447.889892578125,3858830000.0,Thursday,January,-19.530029296875,2520.4165161132814,-0.02475673039503723,-0.02506833181891511
2019-01-04,2474.330078125,2538.070068359375,2474.330078125,2531.93994140625,4234140000.0,Friday,January,115.31982421875,2515.359509277344,0.03433571464262353,0.03375939906034647
2019-01-07,2535.610107421875,2566.159912109375,2524.56005859375,2549.68994140625,4133120000.0,Monday,January,198.58984375,2510.9580078125,0.007010434848680358,0.006985975995229761
2019-01-08,2568.110107421875,2579.820068359375,2547.56005859375,2574.409912109375,4120060000.0,Tuesday,January,223.309814453125,2507.839501953125,0.009695285023358924,0.009648587336497393
2019-01-09,2580.0,2595.320068359375,2568.889892578125,2584.9599609375,4088740000.0,Wednesday,January,117.260009765625,2504.5339965820312,0.004098045450532162,0.004089671332822161
2019-01-10,2573.510009765625,2597.820068359375,2562.02001953125,2596.639892578125,3721300000.0,Thursday,January,107.809814453125,2501.8389892578125,0.004518418782931244,0.004508241374462229
2019-01-11,2588.110107421875,2596.27001953125,2577.39990234375,2596.260009765625,3447460000.0,Friday,January,110.52001953125,2501.6544921875,-0.00014629784190933748,-0.0001463085444824661
2019-01-14,2580.31005859375,2589.320068359375,2570.409912109375,2582.610107421875,3689370000.0,Monday,January,75.760009765625,2503.488000488281,-0.005257525167898014,-0.00527139458724949
2019-01-15,2585.10009765625,2613.080078125,2585.10009765625,2610.300048828125,3601180000.0,Tuesday,January,103.449951171875,2506.6950073242188,0.010721688622945758,0.010664618879761001
2019-01-16,2614.75,2625.760009765625,2612.679931640625,2616.10009765625,3882180000.0,Wednesday,January,106.070068359375,2512.1520141601563,0.0022219854881162515,0.0022195205290883643
2019-01-17,2609.280029296875,2645.06005859375,2606.360107421875,2635.9599609375,3802410000.0,Thursday,January,188.070068359375,2520.5790161132813,0.0075914003822110665,0.007562730706235749
2019-01-18,2651.27001953125,2675.469970703125,2647.580078125,2670.7099609375,4009010000.0,Friday,January,138.77001953125,2533.2835083007812,0.01318305304897005,0.01309691283985578
2019-01-21,2651.27001953125,2675.469970703125,2647.580078125,2670.7099609375,4009010000.0,Monday,January,121.02001953125,2549.2640014648437,0.0,0.0
2019-01-22,2657.8798828125,2657.8798828125,2617.27001953125,2632.89990234375,3923950000.0,Tuesday,January,58.489990234375,2563.3539916992186,-0.014157306164566674,-0.014258476827972471
2019-01-23,2643.47998046875,2653.18994140625,2612.860107421875,2638.699951171875,3358770000.0,Wednesday,January,53.739990234375,2571.9039916992188,0.0022029127742235755,0.002200489919450871
2019-01-24,2638.840087890625,2647.199951171875,2627.010009765625,2642.330078125,3449230000.0,Thursday,January,45.690185546875,2579.578991699219,0.0013757255543636049,0.001374780110977555
2019-01-25,2657.43994140625,2672.3798828125,2657.330078125,2664.760009765625,3821000000.0,Friday,January,68.5,2588.529992675781,0.008488694060713842,0.008452867700518018
2019-01-28,2644.969970703125,2644.969970703125,2624.06005859375,2643.85009765625,3630820000.0,Monday,January,61.239990234375,2595.379992675781,-0.007846827493937836,-0.007877775848708898
2019-01-29,2644.889892578125,2650.929931640625,2631.050048828125,2640.0,3518070000.0,Tuesday,January,29.699951171875,2602.037487792969,-0.0014562465775435074,-0.0014573079351148383
2019-01-30,2653.6201171875,2690.43994140625,2648.340087890625,2681.050048828125,3883270000.0,Wednesday,January,64.949951171875,2610.588488769531,0.01554926091974429,0.015429609891560045
2019-01-31,2685.489990234375,2708.949951171875,2678.64990234375,2704.10009765625,4953800000.0,Thursday,January,68.14013671875,2623.3989990234377,0.008597395948725328,0.008560648809767757
2019-02-01,2702.320068359375,2716.659912109375,2696.8798828125,2706.530029296875,3782490000.0,Friday,February,35.820068359375,2632.1285034179687,0.0008986100931438479,0.0008982065848071141
2019-02-04,2706.489990234375,2724.989990234375,2698.75,2724.8701171875,3369450000.0,Monday,February,54.16015625,2640.8875122070312,0.006776236617404008,0.006753381117479676
2019-02-05,2728.340087890625,2738.97998046875,2724.030029296875,2737.699951171875,3597620000.0,Tuesday,February,104.800048828125,2649.0520141601564,0.00470842037697472,0.0046973704373502
2019-02-06,2735.050048828125,2738.080078125,2724.14990234375,2731.610107421875,3486590000.0,Wednesday,February,92.91015625,2656.384521484375,-0.0022244379802809355,-0.0022269157175087858
2019-02-07,2717.530029296875,2719.320068359375,2687.260009765625,2706.050048828125,4114040000.0,Thursday,February,63.719970703125,2661.855029296875,-0.009357140143940179,-0.009401193202230233
2019-02-08,2692.360107421875,2708.070068359375,2681.830078125,2707.8798828125,3649510000.0,Friday,February,43.119873046875,2667.4360229492186,0.0006762010869560964,0.0006759725660127
2019-02-11,2712.39990234375,2718.050048828125,2703.7900390625,2709.800048828125,3395330000.0,Monday,February,65.949951171875,2673.795520019531,0.0007091030986317026,0.0007088518038183947
2019-02-12,2722.610107421875,2748.18994140625,2722.610107421875,2744.72998046875,3843020000.0,Tuesday,February,104.72998046875,2680.5170166015623,0.0128902247439735,0.012807852902838604
2019-02-13,2750.300048828125,2761.85009765625,2748.6298828125,2753.030029296875,3684910000.0,Wednesday,February,71.97998046875,2687.3635131835936,0.003023994668760688,0.0030194315937109753
2019-02-14,2743.5,2757.89990234375,2731.22998046875,2745.72998046875,3845390000.0,Thursday,February,41.6298828125,2692.852014160156,-0.002651641555101225,-0.0026551633836986214
2019-02-15,2760.239990234375,2775.659912109375,2760.239990234375,2775.60009765625,3648680000.0,Friday,February,69.070068359375,2698.0965209960937,0.01087875260858695,0.010820004664957538
2019-02-18,2760.239990234375,2775.659912109375,2760.239990234375,2775.60009765625,3648680000.0,Monday,February,50.72998046875,2703.341027832031,0.0,0.0
2019-02-19,2769.280029296875,2787.330078125,2767.2900390625,2779.760009765625,3535270000.0,Tuesday,February,42.06005859375,2710.684033203125,0.0014987433214488366,0.0014976213265920058
2019-02-20,2779.050048828125,2789.8798828125,2774.06005859375,2784.699951171875,3904830000.0,Wednesday,February,53.08984375,2717.984033203125,0.0017771107537685182,0.00177553356074094
2019-02-21,2780.239990234375,2781.580078125,2764.550048828125,2774.8798828125,3598260000.0,Thursday,February,68.829833984375,2724.6115234375,-0.003526436790880272,-0.0035326693258413886
2019-02-22,2780.669921875,2794.199951171875,2779.110107421875,2792.669921875,3429350000.0,Friday,February,84.7900390625,2731.0070190429688,0.006411102394986878,0.006390638694710404
2019-02-25,2804.35009765625,2813.489990234375,2794.989990234375,2796.110107421875,3860260000.0,Monday,February,86.31005859375,2738.62001953125,0.0012318625699112573,0.0012311044497517107
2019-02-26,2792.360107421875,2803.1201171875,2789.469970703125,2793.89990234375,3676200000.0,Tuesday,February,49.169921875,2746.3150146484377,-0.0007904570968998437,-0.0007907696728402984
2019-02-27,2787.5,2795.760009765625,2775.1298828125,2792.3798828125,3771790000.0,Wednesday,February,39.349853515625,2751.8815063476563,-0.0005440493877303387,-0.0005441974362980739
2019-02-28,2788.110107421875,2793.72998046875,2782.510009765625,2784.489990234375,4445780000.0,Thursday,February,38.760009765625,2755.9010009765625,-0.0028255083152146643,-0.002829507598950442
2019-03-01,2798.219970703125,2808.02001953125,2787.3798828125,2803.68994140625,3994950000.0,Friday,March,28.08984375,2760.758996582031,0.00689532059343434,0.006871656588713028
2019-03-04,2814.3701171875,2816.8798828125,2767.659912109375,2792.81005859375,3949730000.0,Monday,March,17.2099609375,2764.1559936523436,-0.003880558492514008,-0.003888107395255168
2019-03-05,2794.409912109375,2796.43994140625,2782.969970703125,2789.64990234375,3631380000.0,Tuesday,March,9.889892578125,2766.7534912109377,-0.001131532823106185,-0.001132173489706859
2019-03-06,2790.27001953125,2790.27001953125,2768.68994140625,2771.449951171875,3800180000.0,Wednesday,March,-13.25,2768.7454833984375,-0.006524098653592381,-0.00654547360412503
2019-03-07,2766.530029296875,2767.25,2739.090087890625,2748.929931640625,3932150000.0,Thursday,March,-25.949951171875,2770.8894775390627,-0.00812571755868352,-0.008158911138331157
2019-03-08,2730.7900390625,2744.1298828125,2722.27001953125,2743.070068359375,3424300000.0,Friday,March,-49.599853515625,2772.6489868164062,-0.0021316888487414865,-0.0021339641314536495
2019-03-11,2747.610107421875,2784.0,2747.610107421875,2783.300048828125,3764850000.0,Monday,March,-12.81005859375,2776.3239868164064,0.014666041867757107,0.014559535563489445
2019-03-12,2787.340087890625,2798.320068359375,2786.72998046875,2791.52001953125,3432340000.0,Tuesday,March,-2.3798828125,2778.6634887695313,0.0029533182046204143,0.002948965727805163
2019-03-13,2799.780029296875,2821.239990234375,2799.780029296875,2810.919921875,3782250000.0,Wednesday,March,18.5400390625,2781.5579833984375,0.006949583813841809,0.0069255467570192835
2019-03-14,2810.3798828125,2815.0,2803.4599609375,2808.47998046875,3505670000.0,Thursday,March,23.989990234375,2784.6954833984373,-0.0008680223820187738,-0.0008683993315961826
2019-03-15,2810.7900390625,2830.72998046875,2810.7900390625,2822.47998046875,5969780000.0,Friday,March,18.7900390625,2787.0394775390623,0.00498490290027398,0.0049725194084307206
2019-03-18,2822.610107421875,2835.409912109375,2821.989990234375,2832.93994140625,3620770000.0,Monday,March,40.1298828125,2789.9064697265626,0.0037059469012648005,0.0036990967989080333
2019-03-19,2840.760009765625,2852.419921875,2823.27001953125,2832.570068359375,3650740000.0,Tuesday,March,42.920166015625,2792.54697265625,-0.0001305615560248663,-0.00013057007992675946
2019-03-20,2831.340087890625,2843.5400390625,2812.429931640625,2824.22998046875,3779160000.0,Wednesday,March,52.780029296875,2794.523474121094,-0.0029443536044478913,-0.002948696740769673
2019-03-21,2819.719970703125,2860.31005859375,2817.3798828125,2854.8798828125,3612620000.0,Thursday,March,105.949951171875,2798.523474121094,0.010852481049954399,0.010794015494689354
2019-03-22,2844.52001953125,2846.159912109375,2800.469970703125,2800.7099609375,4253730000.0,Friday,March,57.639892578125,2798.9254760742188,-0.018974501239482744,-0.019156827134273257
2019-03-25,2796.010009765625,2809.7900390625,2785.02001953125,2798.360107421875,3406110000.0,Monday,March,15.06005859375,2799.037976074219,-0.000839020658475631,-0.000839372833310059
2019-03-26,2812.659912109375,2829.8701171875,2803.989990234375,2818.4599609375,3288570000.0,Tuesday,March,26.93994140625,2800.265979003906,0.007182725862306283,0.007157052947934055
2019-03-27,2819.719970703125,2825.56005859375,2787.719970703125,2805.3701171875,3422400000.0,Wednesday,March,-5.5498046875,2800.915490722656,-0.0046443248906916645,-0.00465514327659887
2019-03-28,2809.39990234375,2819.7099609375,2798.77001953125,2815.43994140625,3185460000.0,Thursday,March,6.9599609375,2802.46298828125,0.003589481529391092,0.0035830547152617266
2019-03-29,2828.27001953125,2836.030029296875,2819.22998046875,2834.39990234375,3752520000.0,Friday,March,11.919921875,2803.998486328125,0.0067342800173637585,0.006711706043324668
2019-04-01,2848.6298828125,2869.39990234375,2848.6298828125,2867.18994140625,3560090000.0,Monday,April,34.25,2807.71748046875,0.011568600124275408,0.011502195518044496
2019-04-02,2868.239990234375,2872.89990234375,2858.75,2867.239990234375,3267210000.0,Tuesday,April,34.669921875,2811.5969848632812,1.745570720723677e-05,1.7455554858152623e-05
2019-04-03,2876.090087890625,2885.25,2865.169921875,2873.39990234375,3570000000.0,Wednesday,April,49.169921875,2816.694482421875,0.002148376881724312,0.002146072420089187
2019-04-04,2873.989990234375,2881.280029296875,2867.139892578125,2879.389892578125,3038740000.0,Thursday,April,24.510009765625,2823.21748046875,0.0020846350796801527,0.0020824652429942735
2019-04-05,2884.159912109375,2893.239990234375,2882.989990234375,2892.739990234375,3155970000.0,Friday,April,92.030029296875,2830.7009765625,0.004636432770241061,0.004625717623099122
2019-04-08,2888.4599609375,2895.949951171875,2880.780029296875,2895.77001953125,3056460000.0,Monday,April,97.409912109375,2836.3244750976564,0.0010474599539205265,0.0010469117505236662
2019-04-09,2886.580078125,2886.8798828125,2873.330078125,2878.199951171875,3032480000.0,Tuesday,April,59.739990234375,2840.6584716796874,-0.006067494393846573,-0.0060859764356695385
2019-04-10,2881.3701171875,2889.7099609375,2879.1298828125,2888.2099609375,3092230000.0,Wednesday,April,82.83984375,2844.5229736328124,0.0034778715639784963,0.003471837754499924
2019-04-11,2891.919921875,2893.419921875,2881.989990234375,2888.320068359375,2970650000.0,Thursday,April,72.880126953125,2848.5149780273437,3.8123067008344336e-05,3.8122340342693696e-05
2019-04-12,2900.860107421875,2910.5400390625,2898.3701171875,2907.409912109375,3726050000.0,Friday,April,73.010009765625,2852.761474609375,0.006609324208602496,0.0065875783895457275
2019-04-15,2908.320068359375,2909.60009765625,2896.47998046875,2905.580078125,3114530000.0,Monday,April,38.39013671875,2856.3934814453123,-0.0006293691084816588,-0.0006295672443571088
2019-04-16,2912.260009765625,2916.06005859375,2900.7099609375,2907.06005859375,3403120000.0,Tuesday,April,39.820068359375,2860.1179809570312,0.0005093580038946222,0.0005092283251399622
2019-04-17,2916.0400390625,2918.0,2895.449951171875,2900.449951171875,3648100000.0,Wednesday,April,27.050048828125,2863.9289794921874,-0.0022738117853239315,-0.0022764008207388597
2019-04-18,2904.81005859375,2908.39990234375,2891.89990234375,2905.030029296875,3507100000.0,Thursday,April,25.64013671875,2866.436486816406,0.0015790922795098083,0.0015778468242496745
2019-04-19,2904.81005859375,2908.39990234375,2891.89990234375,2905.030029296875,3507100000.0,Friday,April,12.2900390625,2871.652490234375,0.0,0.0
2019-04-22,2898.780029296875,2909.510009765625,2896.35009765625,2907.969970703125,3010130000.0,Monday,April,12.199951171875,2877.1329833984373,0.001012017561471401,0.0010115058169329091
2019-04-23,2909.989990234375,2936.31005859375,2908.530029296875,2933.679931640625,3674480000.0,Tuesday,April,55.47998046875,2882.8939819335938,0.008841205788409079,0.008802351174995391
2019-04-24,2934.0,2936.830078125,2926.050048828125,2927.25,3468480000.0,Wednesday,April,39.0400390625,2888.9879760742188,-0.002191763174733685,-0.0021941686030362366
2019-04-25,2928.989990234375,2933.10009765625,2912.840087890625,2926.169921875,3440010000.0,Thursday,April,37.849853515625,2894.5244750976562,-0.0003689736527457965,-0.0003690417402728576
2019-04-26,2925.81005859375,2939.8798828125,2917.56005859375,2939.8798828125,3264390000.0,Friday,April,32.469970703125,2899.798474121094,0.0046852921407636305,0.004674350323304823
2019-04-29,2940.580078125,2949.52001953125,2939.35009765625,2943.030029296875,3150390000.0,Monday,April,37.449951171875,2903.590478515625,0.001071522174355355,0.0010709485042338864
2019-04-30,2937.139892578125,2948.219970703125,2924.110107421875,2945.830078125,3939760000.0,Tuesday,April,38.77001953125,2907.519982910156,0.0009514170090862972,0.0009509646987914453
2019-05-01,2952.330078125,2954.1298828125,2923.360107421875,2923.72998046875,3669330000.0,Wednesday,May,23.280029296875,2910.036486816406,-0.007502163081421376,-0.00753044585029134
2019-05-02,2922.159912109375,2931.679931640625,2900.5,2917.52001953125,3802290000.0,Thursday,May,12.489990234375,2911.9429931640625,-0.0021239857917741967,-0.0021262446486827887
2019-05-03,2929.2099609375,2947.85009765625,2929.2099609375,2945.639892578125,3357180000.0,Friday,May,40.60986328125,2914.58798828125,0.009638279380647763,0.00959212747891747
2019-05-06,2908.889892578125,2937.320068359375,2898.2099609375,2932.469970703125,3203260000.0,Monday,May,24.5,2916.422985839844,-0.004470988428756373,-0.004481013189072523
2019-05-07,2913.030029296875,2913.030029296875,2862.60009765625,2884.050048828125,3793060000.0,Tuesday,May,-49.6298828125,2916.7154907226563,-0.016511651392423388,-0.016649488088905522
2019-05-08,2879.610107421875,2897.9599609375,2873.280029296875,2879.419921875,3543110000.0,Wednesday,May,-47.830078125,2916.275988769531,-0.0016054253132695706,-0.0016067153894199682
2019-05-09,2859.840087890625,2875.969970703125,2836.39990234375,2870.719970703125,3659050000.0,Thursday,May,-55.449951171875,2915.3959838867186,-0.0030214249424966866,-0.0030259986619282898
2019-05-10,2863.10009765625,2891.31005859375,2825.389892578125,2881.39990234375,3566780000.0,Friday,May,-58.47998046875,2914.0954833984374,0.0037202972597878414,0.003713394069918638
2019-05-13,2840.18994140625,2840.18994140625,2801.429931640625,2811.8701171875,3900270000.0,Monday,May,-131.159912109375,2909.4099853515627,-0.02413055719884427,-0.024426469138497504
2019-05-14,2820.1201171875,2852.5400390625,2820.1201171875,2834.409912109375,3354860000.0,Tuesday,May,-111.420166015625,2905.777478027344,0.008015944543135589,0.007983987523216093
2019-05-15,2820.3798828125,2858.679931640625,2815.080078125,2850.9599609375,3140900000.0,Wednesday,May,-72.77001953125,2903.302978515625,0.00583897507464215,0.005821994327723055
2019-05-16,2855.800048828125,2892.14990234375,2855.800048828125,2876.320068359375,3338470000.0,Thursday,May,-41.199951171875,2901.86748046875,0.008895287120600504,0.008855957116499086
2019-05-17,2858.60009765625,2885.47998046875,2854.22998046875,2859.530029296875,3316040000.0,Friday,May,-86.10986328125,2899.59248046875,-0.005837333350761975,-0.005854437174043804
2019-05-20,2841.93994140625,2853.860107421875,2831.2900390625,2840.22998046875,3293750000.0,Monday,May,-92.239990234375,2896.2054809570313,-0.0067493779153879885,-0.006772257975405369
2019-05-21,2854.02001953125,2868.8798828125,2854.02001953125,2864.360107421875,3223050000.0,Tuesday,May,-19.68994140625,2892.7394897460936,0.008495835590448308,0.008459949093190606
2019-05-22,2856.06005859375,2865.469970703125,2851.110107421875,2856.27001953125,3194000000.0,Wednesday,May,-23.14990234375,2889.1904907226562,-0.0028243962306494508,-0.0028283923638994365
2019-05-23,2836.699951171875,2836.699951171875,2805.489990234375,2822.239990234375,3899320000.0,Thursday,May,-48.47998046875,2883.993994140625,-0.01191414994527018,-0.01198569224128196
2019-05-24,2832.409912109375,2841.360107421875,2820.18994140625,2826.06005859375,2889230000.0,Friday,May,-55.33984375,2878.3030029296874,0.0013535590072402126,0.0013526437720373175
2019-05-27,2832.409912109375,2841.360107421875,2820.18994140625,2826.06005859375,2889230000.0,Monday,May,14.18994140625,2872.4545043945313,0.0,0.0
2019-05-28,2830.030029296875,2840.510009765625,2801.580078125,2802.389892578125,4146980000.0,Tuesday,May,-32.02001953125,2865.2824951171874,-0.008375676922946718,-0.008410950000260244
2019-05-29,2790.25,2792.030029296875,2766.06005859375,2783.02001953125,3701110000.0,Wednesday,May,-67.93994140625,2858.2469970703123,-0.0069119122568113145,-0.00693591016723137
2019-05-30,2786.93994140625,2799.0,2776.739990234375,2788.860107421875,3276030000.0,Thursday,May,-87.4599609375,2851.814001464844,0.0020984713906617714,0.002096272674997037
2019-05-31,2766.14990234375,2768.97998046875,2750.52001953125,2752.06005859375,3982670000.0,Friday,May,-107.469970703125,2842.135009765625,-0.01319537280847849,-0.013283205250452958
2019-06-03,2751.530029296875,2763.070068359375,2728.81005859375,2744.449951171875,3952360000.0,Monday,June,-95.780029296875,2832.7340087890625,-0.0027652403144732274,-0.002769070654307939
2019-06-04,2762.639892578125,2804.489990234375,2762.639892578125,2803.27001953125,3814130000.0,Tuesday,June,-61.090087890625,2828.6950073242188,0.021432370568193138,0.021205927081077776
2019-06-05,2818.090087890625,2827.280029296875,2800.919921875,2826.14990234375,3570760000.0,Wednesday,June,-30.1201171875,2826.0315063476564,0.008161854781411959,0.008128726978813691
2019-06-06,2828.510009765625,2852.10009765625,2822.449951171875,2843.489990234375,3445140000.0,Thursday,June,21.25,2824.6700073242187,0.006135586748687638,0.006116840676004416
2019-06-07,2852.8701171875,2884.969970703125,2852.8701171875,2873.340087890625,3244380000.0,Friday,June,47.280029296875,2824.2670166015623,0.01049769746289475,0.010442979247260026
2019-06-10,2885.830078125,2904.77001953125,2885.510009765625,2886.72998046875,3209890000.0,Monday,June,60.669921875,2828.010009765625,0.0046600444669098184,0.004649220074765499
2019-06-11,2903.27001953125,2910.610107421875,2878.530029296875,2885.719970703125,3551000000.0,Tuesday,June,83.330078125,2830.5755126953127,-0.00034988023558091275,-0.0003499414579512858
2019-06-12,2882.72998046875,2888.570068359375,2874.679931640625,2879.840087890625,3039870000.0,Wednesday,June,96.820068359375,2832.0195190429686,-0.0020375791387226005,-0.002039657827237423
2019-06-13,2886.239990234375,2895.239990234375,2881.989990234375,2891.639892578125,3100640000.0,Thursday,June,102.77978515625,2832.785510253906,0.004097381912668174,0.004089010502850191
2019-06-14,2886.820068359375,2894.449951171875,2879.6201171875,2886.97998046875,2992810000.0,Friday,June,134.919921875,2834.1580078125,-0.001611511904139773,-0.0016128117861529605
2019-06-17,2889.75,2897.27001953125,2887.300048828125,2889.669921875,2828400000.0,Monday,June,145.219970703125,2836.6300048828125,0.0009317492412306283,0.0009313154323528439
2019-06-18,2906.7099609375,2930.7900390625,2905.43994140625,2917.75,3441540000.0,Tuesday,June,114.47998046875,2839.2994995117188,0.009717399870633026,0.009670489592970687
2019-06-19,2920.550048828125,2931.739990234375,2911.429931640625,2926.4599609375,3300220000.0,Wednesday,June,100.31005859375,2842.8089965820313,0.002985163546397107,0.0029807167930238428
2019-06-20,2949.60009765625,2958.06005859375,2931.5,2954.179931640625,3943060000.0,Thursday,June,110.68994140625,2849.4059936523436,0.009472185190685156,0.00942760533587314
2019-06-21,2952.7099609375,2964.14990234375,2946.8701171875,2950.4599609375,5003540000.0,Friday,June,77.119873046875,2855.6259887695314,-0.0012592227925193322,-0.0012600162797279978
2019-06-24,2951.419921875,2954.919921875,2944.050048828125,2945.35009765625,3136960000.0,Monday,June,58.6201171875,2861.5904907226563,-0.0017318870104667816,-0.0017333884605870258
2019-06-25,2945.780029296875,2946.52001953125,2916.010009765625,2917.3798828125,3579430000.0,Tuesday,June,31.659912109375,2867.339990234375,-0.009496397343734198,-0.009541775640387554
2019-06-26,2926.070068359375,2932.590087890625,2912.989990234375,2913.780029296875,3511350000.0,Wednesday,June,33.93994140625,2873.8779907226562,-0.0012339337557076835,-0.0012346956788039985
2019-06-27,2919.659912109375,2929.300048828125,2918.570068359375,2924.919921875,3162500000.0,Thursday,June,33.280029296875,2880.6809814453127,0.003823175554131808,0.0038158857925908473
2019-06-28,2932.93994140625,2943.97998046875,2929.050048828125,2941.760009765625,5422650000.0,Friday,June,54.780029296875,2890.165979003906,0.0057574526279098315,0.005740941840599626
2019-07-01,2971.409912109375,2977.929931640625,2952.219970703125,2964.330078125,3524860000.0,Monday,July,74.66015625,2901.1599853515627,0.007672301032188189,0.007643018610953927
2019-07-02,2964.659912109375,2973.2099609375,2955.919921875,2973.010009765625,3224490000.0,Tuesday,July,55.260009765625,2909.6469848632814,0.002928125887423194,0.002923847276988696
2019-07-03,2978.080078125,2995.840087890625,2977.9599609375,2995.820068359375,1963570000.0,Wednesday,July,69.360107421875,2918.1304931640625,0.007672378673070135,0.007643095660684157
2019-07-04,2978.080078125,2995.840087890625,2977.9599609375,2995.820068359375,1963570000.0,Thursday,July,41.64013671875,2925.7469970703123,0.0,0.0
2019-07-05,2984.25,2994.030029296875,2967.969970703125,2990.409912109375,2434680000.0,Friday,July,39.949951171875,2931.60048828125,-0.00180590159841032,-0.0018075342045486649
2019-07-08,2979.77001953125,2980.760009765625,2970.090087890625,2975.949951171875,2922360000.0,Monday,July,30.599853515625,2936.061486816406,-0.004835444424841517,-0.004847173010123794
2019-07-09,2965.52001953125,2981.89990234375,2963.43994140625,2979.6298828125,3033330000.0,Tuesday,July,62.25,2940.756982421875,0.0012365569653400854,0.0012357930584538906
2019-07-10,2989.300048828125,3002.97998046875,2984.6201171875,2993.070068359375,3157800000.0,Wednesday,July,79.2900390625,2946.4184814453124,0.0045106896075925995,0.004500546936082614
2019-07-11,2999.6201171875,3002.330078125,2988.800048828125,2999.909912109375,3155710000.0,Thursday,July,74.989990234375,2951.831982421875,0.002285226738359958,0.002282619578948549
2019-07-12,3003.360107421875,3013.919921875,3001.8701171875,3013.77001953125,2984140000.0,Friday,July,72.010009765625,2958.171484375,0.004620174547884881,0.004609534302066538
2019-07-15,3017.800048828125,3017.800048828125,3008.77001953125,3014.300048828125,2876100000.0,Monday,July,49.969970703125,2964.4029907226563,0.00017586919155743175,0.00017585372838413283
2019-07-16,3012.1298828125,3015.02001953125,3001.14990234375,3004.0400390625,3297030000.0,Tuesday,July,31.030029296875,2968.717492675781,-0.003403778522185874,-0.003409584555010327
2019-07-17,3005.10009765625,3005.260009765625,2984.25,2984.419921875,3185650000.0,Wednesday,July,-11.400146484375,2971.6154907226564,-0.006531243569450895,-0.006552665466093182
2019-07-18,2978.8701171875,2998.280029296875,2973.090087890625,2995.110107421875,3369820000.0,Thursday,July,-0.7099609375,2973.661999511719,0.003581997784064761,0.0035755977088190827
2019-07-19,3004.260009765625,3006.02001953125,2975.860107421875,2976.610107421875,3285890000.0,Friday,July,-13.7998046875,2974.9695068359374,-0.00617673452276668,-0.006195889464844692
2019-07-22,2981.929931640625,2990.7099609375,2976.64990234375,2985.030029296875,3016200000.0,Monday,July,9.080078125,2976.953503417969,0.002828694915066654,0.002824701686250326
2019-07-23,2994.739990234375,3005.89990234375,2988.56005859375,3005.469970703125,3333810000.0,Tuesday,July,25.840087890625,2981.3580078125,0.006847482673755456,0.00682414513927642
2019-07-24,2998.77001953125,3019.590087890625,2996.820068359375,3019.56005859375,3433220000.0,Wednesday,July,26.489990234375,2986.647009277344,0.004688147952890187,0.004677192813475714
2019-07-25,3016.260009765625,3016.31005859375,2997.239990234375,3003.669921875,3657050000.0,Thursday,July,3.760009765625,2990.584509277344,-0.005262401280453521,-0.005276296483599537
2019-07-26,3013.25,3027.97998046875,3012.590087890625,3025.860107421875,3260170000.0,Friday,July,12.090087890625,2994.789514160156,0.007387691099234761,0.007360535770783042
2019-07-29,3024.469970703125,3025.610107421875,3014.300048828125,3020.969970703125,3224490000.0,Monday,July,6.669921875,2997.6215087890623,-0.0016161146071345112,-0.0016174219290574364
2019-07-30,3007.659912109375,3017.18994140625,3000.93994140625,3013.179931640625,3632770000.0,Tuesday,July,9.139892578125,2999.6300048828125,-0.0025786549148275606,-0.0025819853720443708
2019-07-31,3016.219970703125,3017.39990234375,2958.080078125,2980.3798828125,4626330000.0,Wednesday,July,-4.0400390625,2998.8579956054687,-0.010885526112695776,-0.01094520695213996
2019-08-01,2980.320068359375,3013.590087890625,2945.22998046875,2953.56005859375,4793810000.0,Thursday,August,-41.550048828125,2996.7449951171875,-0.00899879386967306,-0.009039527568806017
2019-08-02,2943.89990234375,2945.5,2914.110107421875,2932.050048828125,3882810000.0,Friday,August,-44.56005859375,2993.827001953125,-0.007282739927037873,-0.007309388539565105
2019-08-05,2898.070068359375,2898.070068359375,2822.1201171875,2844.739990234375,4542850000.0,Monday,August,-140.2900390625,2987.26650390625,-0.0297778200029859,-0.030230182169694777
2019-08-06,2861.179931640625,2884.39990234375,2847.419921875,2881.77001953125,4156640000.0,Tuesday,August,-123.699951171875,2982.3735107421876,0.013017017169932643,0.012933023911166613
2019-08-07,2858.64990234375,2892.169921875,2825.7099609375,2883.97998046875,4512720000.0,Wednesday,August,-135.580078125,2976.9190063476562,0.0007668762331907164,0.0007665823338588767
2019-08-08,2896.2099609375,2938.719970703125,2894.469970703125,2938.090087890625,4118530000.0,Thursday,August,-65.579833984375,2973.828015136719,0.018762303409984193,0.018588462466865085
2019-08-09,2930.510009765625,2935.75,2900.14990234375,2918.64990234375,3356850000.0,Friday,August,-107.210205078125,2969.0720092773436,-0.00661660635492356,-0.006638593133657111
2019-08-12,2907.070068359375,2907.580078125,2873.139892578125,2882.699951171875,3328570000.0,Monday,August,-138.27001953125,2962.4920043945312,-0.012317322177972212,-0.012393809115915354
2019-08-13,2880.719970703125,2943.31005859375,2877.050048828125,2926.320068359375,3857190000.0,Tuesday,August,-86.85986328125,2958.606005859375,0.015131688322181258,0.015018346267301863
2019-08-14,2894.14990234375,2894.14990234375,2839.639892578125,2840.60009765625,4325150000.0,Wednesday,August,-139.77978515625,2951.4150146484376,-0.029292752911742603,-0.02973035245453567
2019-08-15,2846.199951171875,2856.669921875,2825.510009765625,2847.60009765625,4041720000.0,Thursday,August,-105.9599609375,2944.039514160156,0.0024642680276520945,0.0024612366981802422
2019-08-16,2864.739990234375,2893.6298828125,2864.739990234375,2888.679931640625,3524080000.0,Friday,August,-43.3701171875,2939.6430053710938,0.014426124657807904,0.014323058172245003
2019-08-19,2913.47998046875,2931.0,2913.47998046875,2923.64990234375,3221050000.0,Monday,August,78.909912109375,2936.5739990234374,0.012105865492430645,0.012033175564397505
2019-08-20,2919.010009765625,2923.6298828125,2899.60009765625,2900.510009765625,3067710000.0,Tuesday,August,18.739990234375,2931.3260009765627,-0.007914727601131322,-0.007946215312115467
2019-08-21,2922.0400390625,2928.72998046875,2917.909912109375,2924.429931640625,3016540000.0,Wednesday,August,40.449951171875,2926.5694946289063,0.00824679859557964,0.008212979557352937
2019-08-22,2930.93994140625,2939.080078125,2904.510009765625,2922.949951171875,2893660000.0,Thursday,August,-15.14013671875,2922.53349609375,-0.0005060748601761755,-0.00050620295927854
2019-08-23,2911.070068359375,2927.010009765625,2834.969970703125,2847.110107421875,3942520000.0,Friday,August,-71.539794921875,2913.59599609375,-0.025946336754618105,-0.02628888112283785
2019-08-26,2866.699951171875,2879.27001953125,2856.0,2878.3798828125,2859790000.0,Monday,August,-4.320068359375,2906.4664916992188,0.010982987735216332,0.01092311273079789
2019-08-27,2893.139892578125,2898.7900390625,2860.590087890625,2869.159912109375,3537490000.0,Tuesday,August,-57.16015625,2899.265490722656,-0.003203180635808267,-0.0032083218005562386
2019-08-28,2861.280029296875,2890.030029296875,2853.050048828125,2887.93994140625,3102480000.0,Wednesday,August,47.33984375,2894.6434936523438,0.006545480165679685,0.006524151530562512
2019-08-29,2910.3701171875,2930.5,2905.669921875,2924.580078125,3177150000.0,Thursday,August,76.97998046875,2893.1944946289063,0.012687291793508804,0.012607482441094399
2019-08-30,2937.090087890625,2940.429931640625,2913.320068359375,2926.4599609375,3009910000.0,Friday,August,37.780029296875,2892.914990234375,0.0006427872591217021,0.0006425807598767749
2019-09-02,2937.090087890625,2940.429931640625,2913.320068359375,2926.4599609375,3009910000.0,Monday,September,2.81005859375,2897.0009887695314,0.0,0.0
2019-09-03,2909.010009765625,2914.389892578125,2891.85009765625,2906.27001953125,3427830000.0,Tuesday,September,5.760009765625,2898.2259887695313,-0.00689910050906084,-0.0069230093326854165
2019-09-04,2924.669921875,2938.840087890625,2921.860107421875,2937.780029296875,3167900000.0,Wednesday,September,13.35009765625,2900.9159912109376,0.010842079212828093,0.010783725278421427
2019-09-05,2960.60009765625,2985.860107421875,2960.60009765625,2976.0,3902600000.0,Thursday,September,53.050048828125,2902.811486816406,0.013009813642266721,0.01292591292175976
2019-09-06,2980.330078125,2985.030029296875,2972.510009765625,2978.7099609375,3209340000.0,Friday,September,131.599853515625,2905.814489746094,0.0009106051537297599,0.0009101908043767861
2019-09-09,2988.429931640625,2989.429931640625,2969.389892578125,2978.429931640625,4031120000.0,Monday,September,100.050048828125,2910.6009887695313,-9.401025965849463e-05,-9.401467889992668e-05
2019-09-10,2971.010009765625,2979.389892578125,2957.010009765625,2979.389892578125,4393040000.0,Tuesday,September,110.22998046875,2913.2544799804687,0.0003223043548219451,0.0003222524259310153
2019-09-11,2981.409912109375,3000.929931640625,2975.31005859375,3000.929931640625,3934370000.0,Wednesday,September,112.989990234375,2921.2709716796876,0.007229681189480308,0.0072036723263872
2019-09-12,3009.080078125,3020.739990234375,3000.919921875,3009.570068359375,3796990000.0,Thursday,September,84.989990234375,2929.3694702148437,0.002879153101061016,0.0028750162782333164
2019-09-13,3012.2099609375,3017.330078125,3002.89990234375,3007.389892578125,3557010000.0,Friday,September,80.929931640625,2935.304968261719,-0.0007244143620946941,-0.0007246768769660504
2019-09-16,2996.409912109375,3002.18994140625,2990.669921875,2997.9599609375,4285860000.0,Monday,September,71.5,2939.020471191406,-0.0031355866640028207,-0.0031405129163559896
2019-09-17,2995.669921875,3006.2099609375,2993.72998046875,3005.699951171875,3673250000.0,Tuesday,September,99.429931640625,2944.2799682617188,0.0025817523700197853,0.0025784253724619854
2019-09-18,3001.5,3007.830078125,2978.570068359375,3006.72998046875,3458800000.0,Wednesday,September,68.949951171875,2948.394970703125,0.00034269198975556137,0.00034263328426719085
2019-09-19,3010.360107421875,3021.989990234375,3003.159912109375,3006.7900390625,3265660000.0,Thursday,September,30.7900390625,2952.5869750976562,1.997472142156731e-05,1.9974521929475905e-05
2019-09-20,3008.419921875,3016.3701171875,2984.679931640625,2992.070068359375,6103440000.0,Friday,September,13.360107421875,2959.8349731445314,-0.0048955765157830955,-0.004907599104880387
2019-09-23,2983.5,2999.14990234375,2982.22998046875,2991.780029296875,3187250000.0,Monday,September,13.35009765625,2965.50498046875,-9.693591923765066e-05,-9.694061782751375e-05
2019-09-24,3002.429931640625,3007.97998046875,2957.72998046875,2966.60009765625,3872800000.0,Tuesday,September,-12.789794921875,2970.376989746094,-0.008416371322106486,-0.00845198896355148
2019-09-25,2968.35009765625,2989.820068359375,2952.860107421875,2984.8701171875,3331200000.0,Wednesday,September,-16.059814453125,2975.223498535156,0.006158571742003405,0.0061396852419639035
2019-09-26,2985.72998046875,2987.280029296875,2963.7099609375,2977.6201171875,3084910000.0,Thursday,September,-31.949951171875,2977.8755004882814,-0.002428916406865711,-0.002431871009613191
2019-09-27,2985.469970703125,2987.31005859375,2945.530029296875,2961.7900390625,3246480000.0,Friday,September,-45.599853515625,2979.6420043945313,-0.005316352490240539,-0.005330534579128577
2019-09-30,2967.070068359375,2983.85009765625,2967.070068359375,2976.739990234375,3249130000.0,Monday,September,-21.219970703125,2982.156005859375,0.005047606675254723,0.005034910215248393
2019-10-01,2983.68994140625,2992.530029296875,2938.699951171875,2940.25,3560750000.0,Tuesday,October,-65.449951171875,2983.8550048828124,-0.012258373372913245,-0.012334126945412846
2019-10-02,2924.780029296875,2924.780029296875,2874.929931640625,2887.610107421875,3914180000.0,Wednesday,October,-119.119873046875,2981.3465087890627,-0.017903202985502964,-0.01806540418764383
2019-10-03,2885.3798828125,2911.1298828125,2855.93994140625,2910.6298828125,3515130000.0,Thursday,October,-96.16015625,2978.0780029296875,0.00797191259701524,0.007940304773866787
2019-10-04,2918.56005859375,2953.739990234375,2918.56005859375,2952.010009765625,3005600000.0,Friday,October,-40.06005859375,2976.7430053710937,0.014216897585460186,0.014116785239259274
2019-10-07,2944.22998046875,2959.75,2935.679931640625,2938.7900390625,2959050000.0,Monday,October,-52.989990234375,2974.7610107421874,-0.004478294673592398,-0.00448835227368152
2019-10-08,2920.39990234375,2925.469970703125,2892.659912109375,2893.06005859375,3370700000.0,Tuesday,October,-73.5400390625,2970.4445190429688,-0.015560819201407838,-0.01568315955210993
2019-10-09,2911.10009765625,2929.320068359375,2907.409912109375,2919.39990234375,2735350000.0,Wednesday,October,-65.47021484375,2966.368017578125,0.0091044925499415,0.009063296514845923
2019-10-10,2918.550048828125,2948.4599609375,2917.1201171875,2938.1298828125,3234400000.0,Thursday,October,-39.490234375,2962.796008300781,0.006415695380997066,0.0063952024117826045
2019-10-11,2963.070068359375,2993.280029296875,2963.070068359375,2970.27001953125,3581320000.0,Friday,October,8.47998046875,2960.9400146484377,0.010938977513132997,0.010879579673789056
2019-10-14,2965.81005859375,2972.840087890625,2962.93994140625,2966.14990234375,2559270000.0,Monday,October,-10.590087890625,2959.34951171875,-0.0013871187334510982,-0.0013880816732189801
2019-10-15,2973.610107421875,3003.280029296875,2973.610107421875,2995.679931640625,3345090000.0,Tuesday,October,55.429931640625,2958.8485107421875,0.009955676641137279,0.009906445376489171
2019-10-16,2989.679931640625,2997.5400390625,2985.199951171875,2989.68994140625,3230320000.0,Wednesday,October,102.079833984375,2957.9965087890623,-0.0019995427986508885,-0.002001544553193733
2019-10-17,3000.77001953125,3008.2900390625,2991.7900390625,2997.949951171875,3103470000.0,Thursday,October,87.320068359375,2957.5545043945312,0.0027628315736780706,0.002759021969775287
2019-10-18,2996.840087890625,3000.0,2976.31005859375,2986.199951171875,3268970000.0,Friday,October,34.18994140625,2957.2609985351564,-0.003919344949506964,-0.003927045709799847
2019-10-21,2996.47998046875,3007.330078125,2995.35009765625,3006.719970703125,3271960000.0,Monday,October,67.929931640625,2958.0079956054688,0.006871616056117524,0.006848114105333746
2019-10-22,3010.72998046875,3014.570068359375,2995.0400390625,2995.989990234375,3527540000.0,Tuesday,October,102.929931640625,2959.477490234375,-0.003568666378412577,-0.003575049258376838
2019-10-23,2994.010009765625,3004.780029296875,2991.2099609375,3004.52001953125,3413600000.0,Wednesday,October,85.1201171875,2960.4599853515624,0.0028471487971184484,0.002843103345830729
2019-10-24,3014.780029296875,3016.070068359375,3000.419921875,3010.2900390625,3696510000.0,Thursday,October,72.16015625,2962.0934814453126,0.0019204463587332299,0.0019186046591713529
2019-10-25,3003.320068359375,3027.389892578125,3001.93994140625,3022.550048828125,3379060000.0,Friday,October,52.280029296875,2965.131481933594,0.004072700506109195,0.004064429510656049
2019-10-28,3032.1201171875,3044.080078125,3032.1201171875,3039.419921875,3524970000.0,Monday,October,73.27001953125,2968.265478515625,0.005581337868471481,0.0055658199161177
2019-10-29,3035.389892578125,3047.8701171875,3034.81005859375,3036.889892578125,3594430000.0,Tuesday,October,41.2099609375,2973.0974731445312,-0.0008324053147991117,-0.0008327519564807664
2019-10-30,3039.739990234375,3050.10009765625,3025.9599609375,3046.77001953125,3779660000.0,Wednesday,October,57.080078125,2981.05546875,0.00325337015914573,0.0032480894008573105
2019-10-31,3046.89990234375,3046.89990234375,3023.18994140625,3037.56005859375,4149310000.0,Thursday,October,39.610107421875,2987.4019775390625,-0.0030228605633046968,-0.0030274386345390905
2019-11-01,3050.719970703125,3066.949951171875,3050.719970703125,3066.909912109375,3956290000.0,Friday,November,80.7099609375,2993.14697265625,0.009662312168146059,0.009615930559647514
2019-11-04,3078.9599609375,3085.199951171875,3074.8701171875,3078.27001953125,4178040000.0,Monday,November,71.550048828125,3000.1209716796875,0.003704089049704651,0.0036972458053124275
2019-11-05,3080.800048828125,3083.949951171875,3072.14990234375,3074.6201171875,4490590000.0,Tuesday,November,78.630126953125,3009.198974609375,-0.001185699214361291,-0.0011864027118206639
2019-11-06,3075.10009765625,3078.340087890625,3065.889892578125,3076.780029296875,4465510000.0,Wednesday,November,72.260009765625,3017.067980957031,0.0007024972279667807,0.0007022505922896238
2019-11-07,3087.02001953125,3097.77001953125,3080.22998046875,3085.179931640625,4151990000.0,Thursday,November,74.889892578125,3024.4204833984377,0.0027300951851503275,0.002726375244280665
2019-11-08,3081.25,3093.090087890625,3073.580078125,3093.080078125,3508160000.0,Friday,November,70.530029296875,3030.560986328125,0.0025606760900243053,0.002557403145115828
2019-11-11,3080.330078125,3088.330078125,3075.820068359375,3087.010009765625,3041120000.0,Monday,November,47.590087890625,3036.6039916992186,-0.0019624672514313435,-0.0019643954133371925
2019-11-12,3089.280029296875,3102.610107421875,3084.72998046875,3091.840087890625,3495560000.0,Tuesday,November,54.9501953125,3041.411999511719,0.0015646460846321375,0.0015634233012630327
2019-11-13,3084.179931640625,3098.06005859375,3078.800048828125,3094.0400390625,3513720000.0,Wednesday,November,47.27001953125,3046.629504394531,0.0007115345908383919,0.0007112815701162954
2019-11-14,3090.75,3098.199951171875,3083.260009765625,3096.6298828125,3282090000.0,Thursday,November,59.06982421875,3051.5635009765624,0.0008370427393644686,0.0008366926144567594
2019-11-15,3107.919921875,3120.4599609375,3104.60009765625,3120.4599609375,3359800000.0,Friday,November,53.550048828125,3058.276501464844,0.007695488006902673,0.007666028777973181
2019-11-18,3117.909912109375,3124.169921875,3112.06005859375,3122.030029296875,3440140000.0,Monday,November,43.760009765625,3064.0420043945314,0.0005031528617669423,0.0005030263228096366
2019-11-19,3127.449951171875,3127.639892578125,3113.469970703125,3120.179931640625,3613670000.0,Tuesday,November,45.559814453125,3070.251501464844,-0.0005925944462060739,-0.0005927700996925261
2019-11-20,3114.659912109375,3118.969970703125,3091.409912109375,3108.4599609375,4041010000.0,Wednesday,November,31.679931640625,3075.4484985351564,-0.003756184245747196,-0.0037632564209410676
2019-11-21,3108.489990234375,3110.110107421875,3094.550048828125,3103.5400390625,3744010000.0,Thursday,November,18.360107421875,3080.1109985351563,-0.0015827522106851566,-0.0015840060861895076
2019-11-22,3111.409912109375,3112.8701171875,3099.260009765625,3110.2900390625,3235270000.0,Friday,November,17.2099609375,3084.497998046875,0.0021749356911917594,0.002172573942375937
2019-11-25,3117.43994140625,3133.830078125,3117.43994140625,3133.639892578125,3514310000.0,Monday,November,46.6298828125,3089.2089965820314,0.007507291353015866,0.0074792518874672075
2019-11-26,3134.85009765625,3142.68994140625,3131.0,3140.52001953125,4600450000.0,Tuesday,November,48.679931640625,3094.3905029296875,0.0021955703874654287,0.0021931636449402277
2019-11-27,3145.489990234375,3154.260009765625,3143.409912109375,3153.6298828125,3035470000.0,Wednesday,November,59.58984375,3099.73349609375,0.004174424362754614,0.0041657356252997445
2019-11-28,3145.489990234375,3154.260009765625,3143.409912109375,3153.6298828125,3035470000.0,Thursday,November,57.0,3105.5369873046875,0.0,0.0
2019-11-29,3147.179931640625,3150.300048828125,3139.340087890625,3140.97998046875,1743420000.0,Friday,November,20.52001953125,3109.2404907226564,-0.004011219709926239,-0.004019286229989053
2019-12-02,3143.85009765625,3144.31005859375,3110.780029296875,3113.8701171875,3285750000.0,Monday,December,-8.159912109375,3111.0204956054686,-0.008631020716408422,-0.008668483693963605
2019-12-03,3087.409912109375,3094.969970703125,3070.330078125,3093.199951171875,3671580000.0,Tuesday,December,-26.97998046875,3111.9494873046874,-0.00663809511563529,-0.006660225258045148
2019-12-04,3103.5,3119.3798828125,3102.530029296875,3112.760009765625,3702980000.0,Wednesday,December,4.300048828125,3113.748486328125,0.00632356747139462,0.006303657608769993
2019-12-05,3119.2099609375,3119.449951171875,3103.760009765625,3117.429931640625,3360480000.0,Thursday,December,13.889892578125,3115.360986328125,0.0015002511791302187,0.0014991269266302707
2019-12-06,3134.6201171875,3150.60009765625,3134.6201171875,3145.909912109375,3483310000.0,Friday,December,35.619873046875,3118.002478027344,0.009135724328457329,0.009094246030426013
2019-12-09,3141.860107421875,3148.8701171875,3135.4599609375,3135.9599609375,3400470000.0,Monday,December,2.320068359375,3120.4499755859374,-0.00316282139344648,-0.003167833684474369
2019-12-10,3135.360107421875,3142.1201171875,3126.090087890625,3132.52001953125,3346310000.0,Tuesday,December,-8.0,3122.4839721679687,-0.0010969340964486207,-0.0010975361689841293
2019-12-11,3135.75,3143.97998046875,3133.2099609375,3141.6298828125,3257650000.0,Wednesday,December,-12.0,3124.8634643554688,0.002908158040315856,0.0029039375293507703
2019-12-12,3141.22998046875,3176.280029296875,3138.469970703125,3168.570068359375,4003200000.0,Thursday,December,14.940185546875,3128.4604736328124,0.008575225775086182,0.008538667375555057
2019-12-13,3166.64990234375,3182.679931640625,3156.510009765625,3168.800048828125,3757650000.0,Friday,December,27.820068359375,3130.877478027344,7.258178414493166e-05,7.25791502146863e-05
2019-12-16,3183.6298828125,3197.7099609375,3183.6298828125,3191.449951171875,4070200000.0,Monday,December,77.579833984375,3134.3484741210937,0.007147785279833618,0.007122360942542787
2019-12-17,3195.39990234375,3198.219970703125,3191.030029296875,3192.52001953125,3842940000.0,Tuesday,December,99.320068359375,3137.965478515625,0.00033529222633799094,0.0003352360284609262
2019-12-18,3195.2099609375,3198.47998046875,3191.139892578125,3191.139892578125,4029950000.0,Wednesday,December,78.3798828125,3142.099475097656,-0.00043230017186479675,-0.0004323936405227425
2019-12-19,3192.320068359375,3205.47998046875,3192.320068359375,3205.3701171875,3784360000.0,Thursday,December,87.940185546875,3147.1909790039062,0.004459292004863613,0.004449378821864254
2019-12-20,3223.330078125,3225.64990234375,3216.030029296875,3221.219970703125,6457480000.0,Friday,December,75.31005859375,3152.7374755859373,0.004944781081796634,0.004932595804334098
2019-12-23,3226.050048828125,3227.780029296875,3222.300048828125,3224.010009765625,3064530000.0,Monday,December,88.050048828125,3157.2559814453125,0.0008661436002121992,0.0008657687142985109
2019-12-24,3225.449951171875,3226.429931640625,3220.510009765625,3223.3798828125,1296530000.0,Tuesday,December,90.85986328125,3161.398974609375,-0.00019544819997963092,-0.00019546730246814044
2019-12-25,3225.449951171875,3226.429931640625,3220.510009765625,3223.3798828125,1296530000.0,Wednesday,December,81.75,3164.886474609375,0.0,0.0
2019-12-26,3227.199951171875,3240.080078125,3227.199951171875,3239.909912109375,2164540000.0,Thursday,December,71.33984375,3169.200476074219,0.005128166675301138,0.005115062410053991
2019-12-27,3247.22998046875,3247.929931640625,3234.3701171875,3240.02001953125,2429150000.0,Friday,December,71.219970703125,3174.152478027344,3.398471712534601e-05,3.3984139657930306e-05
2019-12-30,3240.090087890625,3240.919921875,3216.570068359375,3221.2900390625,3021720000.0,Monday,December,29.840087890625,3179.523474121094,-0.005780822450430323,-0.005797596079349905
2019-12-31,3215.179931640625,3231.719970703125,3212.030029296875,3230.780029296875,2894760000.0,Tuesday,December,38.260009765625,3186.402478027344,0.0029460216619106028,0.002941690644190719
2020-01-01,3215.179931640625,3231.719970703125,3212.030029296875,3230.780029296875,2894760000.0,Wednesday,January,39.64013671875,3192.3034790039064,0.0,0.0
2020-01-02,3244.669921875,3258.139892578125,3235.530029296875,3257.85009765625,3459930000.0,Thursday,January,52.47998046875,3199.3244873046874,0.008378802677341701,0.008343895362316707
2020-01-03,3226.360107421875,3246.14990234375,3222.340087890625,3234.85009765625,3484700000.0,Friday,January,13.630126953125,3203.7714965820314,-0.007059870562045378,-0.007084909364954553
2020-01-06,3217.550048828125,3246.840087890625,3214.639892578125,3246.280029296875,3702460000.0,Monday,January,22.27001953125,3209.2875,0.0035333728907271933,0.003527145194272564
2020-01-07,3241.860107421875,3244.909912109375,3232.429931640625,3237.179931640625,3435910000.0,Tuesday,January,13.800048828125,3214.5204956054686,-0.0028032386528962228,-0.0028071750845948405
2020-01-08,3238.590087890625,3267.070068359375,3236.669921875,3253.050048828125,3726840000.0,Wednesday,January,29.670166015625,3220.09150390625,0.004902451368978156,0.004890473485641129
2020-01-09,3266.030029296875,3275.580078125,3263.669921875,3274.699951171875,3641230000.0,Thursday,January,34.7900390625,3225.397998046875,0.006655262605488987,0.006633214116906491
2020-01-10,3281.81005859375,3282.989990234375,3260.860107421875,3265.35009765625,3214580000.0,Friday,January,25.330078125,3230.2255004882813,-0.002855178689662563,-0.0028592624875049015
2020-01-13,3271.1298828125,3288.1298828125,3268.429931640625,3288.1298828125,3459390000.0,Monday,January,66.83984375,3235.0594970703123,0.006976215252569862,0.006951994045933256
2020-01-14,3285.35009765625,3294.25,3277.18994140625,3283.14990234375,3687620000.0,Tuesday,January,52.369873046875,3239.5909912109373,-0.001514532772802224,-0.0015156808368957204
2020-01-15,3282.27001953125,3298.659912109375,3280.68994140625,3289.2900390625,3721490000.0,Wednesday,January,58.510009765625,3244.498498535156,0.0018701968845122874,0.0018684502436879626
2020-01-16,3302.969970703125,3317.110107421875,3302.820068359375,3316.81005859375,3540580000.0,Thursday,January,58.9599609375,3250.0704956054688,0.00836655302646827,0.008331747422232019
2020-01-17,3323.659912109375,3329.8798828125,3318.860107421875,3329.6201171875,3726220000.0,Friday,January,94.77001953125,3255.4905029296874,0.003862162248501333,0.003854723247485144
2020-01-20,3323.659912109375,3329.8798828125,3318.860107421875,3329.6201171875,3726220000.0,Monday,January,83.340087890625,3260.7710083007814,0.0,0.0
2020-01-21,3321.030029296875,3329.7900390625,3316.610107421875,3320.7900390625,4104840000.0,Tuesday,January,83.610107421875,3265.6415161132813,-0.0026519776473655776,-0.002655500369585384
2020-01-22,3330.02001953125,3337.77001953125,3320.0400390625,3321.75,3623780000.0,Wednesday,January,68.699951171875,3270.560021972656,0.0002890760711180551,0.00028903429668107475
2020-01-23,3315.77001953125,3326.8798828125,3301.8701171875,3325.5400390625,3766710000.0,Thursday,January,50.840087890625,3274.8415283203126,0.0011409766124783616,0.001140326193358241
2020-01-24,3333.10009765625,3333.179931640625,3281.530029296875,3295.469970703125,3708780000.0,Friday,January,30.119873046875,3277.6140258789064,-0.009042160974207403,-0.009083289426193788
2020-01-27,3247.159912109375,3258.85009765625,3234.5,3243.6298828125,3831050000.0,Monday,January,-44.5,3278.7310180664062,-0.015730711659182384,-0.015855752356844034
2020-01-28,3255.35009765625,3285.780029296875,3253.219970703125,3276.239990234375,3531570000.0,Tuesday,January,-6.909912109375,3281.004016113281,0.010053584595046017,0.010003383500352516
2020-01-29,3289.4599609375,3293.469970703125,3271.889892578125,3273.39990234375,3600250000.0,Wednesday,January,-15.89013671875,3283.135009765625,-0.0008668741908683941,-0.0008672501435846315
2020-01-30,3256.449951171875,3285.909912109375,3242.800048828125,3283.659912109375,3790350000.0,Thursday,January,-33.150146484375,3284.425500488281,0.003134358792605374,0.0031294569302110597
2020-01-31,3282.330078125,3282.330078125,3214.679931640625,3225.52001953125,4529700000.0,Friday,January,-104.10009765625,3283.9589965820314,-0.01770582037552626,-0.01786444357136295
2020-02-03,3235.659912109375,3268.43994140625,3235.659912109375,3248.919921875,3760460000.0,Monday,February,-80.7001953125,3284.0909912109373,0.007254613892351713,0.007228425761232584
2020-02-04,3280.610107421875,3306.919921875,3280.610107421875,3297.590087890625,3996900000.0,Tuesday,February,-23.199951171875,3287.1114990234373,0.014980414164082134,0.014869315917506062
2020-02-05,3324.909912109375,3337.580078125,3313.75,3334.68994140625,4121480000.0,Wednesday,February,12.93994140625,3291.193493652344,0.01125059589785371,0.011187778658972936
2020-02-06,3344.919921875,3347.9599609375,3334.389892578125,3345.780029296875,3887250000.0,Thursday,February,20.239990234375,3294.7474975585938,0.003325672876785646,0.003320155057001924
2020-02-07,3335.5400390625,3341.419921875,3322.1201171875,3327.7099609375,3733920000.0,Friday,February,32.239990234375,3297.8654907226564,-0.005400853672730133,-0.005415491009458352
2020-02-10,3318.280029296875,3352.260009765625,3317.77001953125,3352.090087890625,3462730000.0,Monday,February,108.460205078125,3301.0635009765624,0.007326397804890528,0.007299690120573207
2020-02-11,3365.8701171875,3375.6298828125,3352.719970703125,3357.75,3762940000.0,Tuesday,February,81.510009765625,3304.793505859375,0.0016884725532351208,0.0016870486860021178
2020-02-12,3370.5,3381.469970703125,3369.719970703125,3379.449951171875,3930910000.0,Wednesday,February,106.050048828125,3309.3015014648436,0.006462646466197652,0.006441853105203067
2020-02-13,3365.89990234375,3385.090087890625,3360.52001953125,3373.93994140625,3500890000.0,Thursday,February,90.280029296875,3312.157995605469,-0.0016304457368023773,-0.0016317763599886593
2020-02-14,3378.080078125,3380.68994140625,3366.14990234375,3380.159912109375,3419700000.0,Friday,February,154.639892578125,3314.6849853515623,0.0018435333204338544,0.0018418360984854144
2020-02-17,3378.080078125,3380.68994140625,3366.14990234375,3380.159912109375,3419700000.0,Monday,February,131.239990234375,3317.2119750976562,0.0,0.0
2020-02-18,3369.0400390625,3375.010009765625,3355.610107421875,3370.2900390625,3750400000.0,Tuesday,February,72.699951171875,3319.686975097656,-0.002919942636890105,-0.0029242139861477136
2020-02-19,3380.389892578125,3393.52001953125,3378.830078125,3386.14990234375,3614200000.0,Wednesday,February,51.4599609375,3322.9069702148436,0.004705785881164548,0.004694748284284925
2020-02-20,3380.449951171875,3389.14990234375,3341.02001953125,3373.22998046875,4019180000.0,Thursday,February,27.449951171875,3325.291467285156,-0.00381551976362815,-0.0038228174279975285
2020-02-21,3360.5,3360.760009765625,3328.449951171875,3337.75,3908780000.0,Friday,February,10.0400390625,3327.40546875,-0.01051810302712286,-0.010573809232819777
2020-02-24,3257.610107421875,3259.81005859375,3214.64990234375,3225.889892578125,4851160000.0,Monday,February,-126.2001953125,3326.5184692382813,-0.03351362667122315,-0.03408807942044074
2020-02-25,3238.93994140625,3246.989990234375,3118.77001953125,3128.2099609375,5596760000.0,Tuesday,February,-229.5400390625,3319.1169677734374,-0.030279995565056117,-0.030747904375353224
2020-02-26,3139.89990234375,3182.510009765625,3108.989990234375,3116.389892578125,5484650000.0,Wednesday,February,-263.06005859375,3311.266467285156,-0.0037785406053220116,-0.00378569732353003
2020-02-27,3062.5400390625,3097.070068359375,2977.389892578125,2978.760009765625,7064710000.0,Thursday,February,-395.179931640625,3296.0214721679686,-0.04416324258407911,-0.045168136352261155
2020-02-28,2916.89990234375,2959.719970703125,2855.840087890625,2954.219970703125,8569570000.0,Friday,February,-425.93994140625,3282.4564697265623,-0.008238340444361891,-0.008272463109653077
2020-03-02,2974.280029296875,3090.9599609375,2945.18994140625,3090.22998046875,6381330000.0,Monday,March,-289.929931640625,3274.52197265625,0.046039229006110016,0.0450108687694132
2020-03-03,3096.4599609375,3136.719970703125,2976.6298828125,3003.3701171875,6376510000.0,Tuesday,March,-366.919921875,3259.8109741210938,-0.028107896121075893,-0.02851048492291458
2020-03-04,3045.75,3130.969970703125,3034.3798828125,3130.1201171875,5073020000.0,Wednesday,March,-256.02978515625,3249.582482910156,0.04220259077449118,0.041336349360633136
2020-03-05,3075.699951171875,3083.0400390625,2999.830078125,3023.93994140625,5579290000.0,Thursday,March,-349.2900390625,3233.490478515625,-0.033922077046888544,-0.034510782439981125
2020-03-06,2954.199951171875,2985.929931640625,2901.5400390625,2972.3701171875,6555240000.0,Friday,March,-365.3798828125,3215.723486328125,-0.01705385200037013,-0.01720094365238617
2020-03-09,2863.889892578125,2863.889892578125,2734.429931640625,2746.56005859375,8441290000.0,Monday,March,-479.329833984375,3185.446984863281,-0.07596969747745097,-0.07901041294037148
2020-03-10,2813.47998046875,2882.590087890625,2734.0,2882.22998046875,7642040000.0,Tuesday,March,-245.97998046875,3161.6709838867187,0.04939630628156144,0.048215052425859106
2020-03-11,2825.60009765625,2825.60009765625,2707.219970703125,2741.3798828125,7431200000.0,Wednesday,March,-375.010009765625,3129.76748046875,-0.048868445131273974,-0.05010289280860541
2020-03-12,2630.860107421875,2660.949951171875,2478.860107421875,2480.639892578125,8850810000.0,Thursday,March,-498.1201171875,3085.1024780273438,-0.09511268097833658,-0.09994485240247351
2020-03-13,2569.989990234375,2711.330078125,2492.3701171875,2711.02001953125,8299070000.0,Friday,March,-243.199951171875,3051.6454833984376,0.09287124972971839,0.08880840694923595
2020-03-16,2508.590087890625,2562.97998046875,2380.93994140625,2386.1298828125,7805450000.0,Monday,March,-704.10009765625,3001.943981933594,-0.11984055240393443,-0.12765219747281742
2020-03-17,2425.659912109375,2553.929931640625,2367.0400390625,2529.18994140625,8370250000.0,Tuesday,March,-474.18017578125,2959.8889770507812,0.05995484974402432,0.05822631263569171
2020-03-18,2436.5,2453.570068359375,2280.52001953125,2398.10009765625,8799300000.0,Wednesday,March,-732.02001953125,2910.4864868164063,-0.051830762729157875,-0.053222272332080246
2020-03-19,2393.47998046875,2466.969970703125,2319.780029296875,2409.389892578125,7956100000.0,Thursday,March,-614.550048828125,2862.294482421875,0.0047078080405855705,0.004696760970401053
2020-03-20,2431.93994140625,2453.010009765625,2295.56005859375,2304.919921875,9053950000.0,Friday,March,-667.4501953125,2810.652978515625,-0.04335951230846191,-0.04432762405336681
2020-03-23,2290.7099609375,2300.72998046875,2191.860107421875,2237.39990234375,7411380000.0,Monday,March,-509.16015625,2761.228479003906,-0.02929386782180443,-0.02973150100957679
2020-03-24,2344.43994140625,2449.7099609375,2344.43994140625,2447.330078125,7563150000.0,Tuesday,March,-434.89990234375,2727.1844848632813,0.09382773976227554,0.08968323251796326
2020-03-25,2457.77001953125,2571.419921875,2407.530029296875,2475.56005859375,8300010000.0,Wednesday,March,-265.81982421875,2695.1429931640623,0.011535011448221999,0.011468990420822226
2020-03-26,2501.2900390625,2637.010009765625,2500.719970703125,2630.070068359375,7766990000.0,Thursday,March,149.43017578125,2677.70849609375,0.062414163303876835,0.06054383107424656
2020-03-27,2555.8701171875,2615.909912109375,2520.02001953125,2541.469970703125,6201670000.0,Friday,March,-169.550048828125,2657.07099609375,-0.033687352562252526,-0.0342678455416263
2020-03-30,2558.97998046875,2631.800048828125,2545.280029296875,2626.64990234375,5751120000.0,Monday,March,240.52001953125,2633.8919921875,0.03351600948370015,0.032966590569974794
2020-03-31,2614.68994140625,2641.389892578125,2571.14990234375,2584.590087890625,6576210000.0,Tuesday,March,55.400146484375,2612.952990722656,-0.016012721914555605,-0.016142310788415843
2020-04-01,2498.080078125,2522.75,2447.489990234375,2470.5,5964000000.0,Wednesday,April,72.39990234375,2579.9719848632812,-0.04414243033166543,-0.04514636273278691
2020-04-02,2458.5400390625,2533.219970703125,2455.7900390625,2526.89990234375,6464190000.0,Thursday,April,117.510009765625,2555.119982910156,0.02282934723487151,0.022572657056960366
2020-04-03,2514.919921875,2538.179931640625,2459.9599609375,2488.64990234375,6096970000.0,Friday,April,183.72998046875,2530.933972167969,-0.015137125124949469,-0.015252860825944299
2020-04-06,2578.280029296875,2676.85009765625,2574.570068359375,2663.679931640625,6403840000.0,Monday,April,426.280029296875,2526.7899658203123,0.07033131865275055,0.06796824414483035
2020-04-07,2738.64990234375,2756.889892578125,2657.669921875,2659.409912109375,7050410000.0,Tuesday,April,212.079833984375,2515.648962402344,-0.0016030527844311804,-0.001604339048362459
2020-04-08,2685.0,2760.75,2663.300048828125,2749.97998046875,5875710000.0,Wednesday,April,274.419921875,2516.078967285156,0.03405645287963033,0.033489371191284686
2020-04-09,2776.989990234375,2818.570068359375,2762.360107421875,2789.820068359375,7899550000.0,Thursday,April,159.75,2531.537976074219,0.014487410153376512,0.014383470303699339
2020-04-10,2776.989990234375,2818.570068359375,2762.360107421875,2789.820068359375,7899550000.0,Friday,April,248.35009765625,2535.477978515625,0.0,0.0
2020-04-13,2782.4599609375,2782.4599609375,2721.169921875,2761.6298828125,5319530000.0,Monday,April,134.97998046875,2554.252978515625,-0.010104660822607414,-0.01015605944467711
2020-04-14,2805.10009765625,2851.85009765625,2805.10009765625,2846.06005859375,5615730000.0,Tuesday,April,261.469970703125,2570.096484375,0.030572589146256046,0.03011455957230757
2020-04-15,2795.639892578125,2801.8798828125,2761.5400390625,2783.360107421875,5208000000.0,Wednesday,April,312.860107421875,2589.359484863281,-0.022030438529415775,-0.022276732672369248
2020-04-16,2799.340087890625,2806.510009765625,2764.320068359375,2799.550048828125,5228810000.0,Thursday,April,272.650146484375,2608.8674926757812,0.005816689462164515,0.0057998378395412884
2020-04-17,2842.429931640625,2879.219970703125,2830.8798828125,2874.56005859375,5804810000.0,Friday,April,385.91015625,2637.349499511719,0.026793594848223412,0.026440932021320578
2020-04-20,2845.6201171875,2868.97998046875,2820.429931640625,2823.159912109375,5228630000.0,Monday,April,159.47998046875,2666.6375,-0.01788104803401469,-0.018042845615347775
2020-04-21,2784.81005859375,2785.5400390625,2727.10009765625,2736.56005859375,5121010000.0,Tuesday,April,77.150146484375,2681.0989990234375,-0.030674795694063395,-0.031155115236330667
2020-04-22,2787.889892578125,2815.10009765625,2775.949951171875,2799.31005859375,5084920000.0,Wednesday,April,49.330078125,2697.2864990234375,0.022930247703843776,0.02267130058213675
2020-04-23,2810.419921875,2844.89990234375,2794.260009765625,2797.800048828125,5773530000.0,Thursday,April,7.97998046875,2705.672998046875,-0.0005394221197431159,-0.0005395676601955963
2020-04-24,2812.639892578125,2842.7099609375,2791.760009765625,2836.739990234375,5382810000.0,Friday,April,46.919921875,2720.4364990234376,0.013918057304545428,0.013822090566839217
2020-04-27,2854.64990234375,2887.719970703125,2852.889892578125,2878.47998046875,5203930000.0,Monday,April,116.85009765625,2733.0280029296873,0.014714069804799612,0.014606868181735996
2020-04-28,2909.9599609375,2921.14990234375,2860.7099609375,2863.389892578125,5691160000.0,Tuesday,April,17.329833984375,2746.9679931640626,-0.005242380698498916,-0.005256170190483643
2020-04-29,2918.4599609375,2954.860107421875,2912.159912109375,2939.510009765625,6645640000.0,Wednesday,April,156.14990234375,2770.418493652344,0.026583916282167053,0.02623670404507307
2020-04-30,2930.909912109375,2930.909912109375,2892.469970703125,2912.429931640625,6544980000.0,Thursday,April,112.8798828125,2789.6949951171873,-0.009212446303987654,-0.009255143319054839
2020-05-01,2869.090087890625,2869.090087890625,2821.610107421875,2830.7099609375,4759810000.0,Friday,May,-43.85009765625,2806.797998046875,-0.028059034078492195,-0.028460211014775954
2020-05-04,2815.010009765625,2844.239990234375,2797.85009765625,2842.739990234375,4735930000.0,Monday,May,19.580078125,2815.7510009765624,0.004249827591976452,0.0042408225788494016
2020-05-05,2868.8798828125,2898.22998046875,2863.550048828125,2868.43994140625,5140290000.0,Tuesday,May,131.8798828125,2826.202502441406,0.009040556385797371,0.008999935197779802
2020-05-06,2883.139892578125,2891.110107421875,2847.64990234375,2848.419921875,4892570000.0,Wednesday,May,49.10986328125,2831.1244995117186,-0.006979410390386298,-0.007003880399042588
2020-05-07,2878.260009765625,2901.919921875,2876.47998046875,2881.18994140625,5178790000.0,Thursday,May,83.389892578125,2835.6929931640625,0.011504630788313985,0.011438955754890805
2020-05-08,2908.830078125,2932.159912109375,2902.8798828125,2929.800048828125,4876030000.0,Friday,May,93.06005859375,2842.6919921875,0.016871538638701944,0.016730795065226244
2020-05-11,2915.4599609375,2944.25,2903.43994140625,2930.18994140625,4819730000.0,Monday,May,51.7099609375,2851.1199951171875,0.00013307822091168653,0.0001330693667907644
2020-05-12,2939.5,2945.820068359375,2869.590087890625,2870.1201171875,5119630000.0,Tuesday,May,6.730224609375,2852.322998046875,-0.020500317528877154,-0.020713365772047604
2020-05-13,2865.860107421875,2874.139892578125,2793.14990234375,2820.0,6151650000.0,Wednesday,May,-119.510009765625,2854.154992675781,-0.01746272460422804,-0.017616996624280044
2020-05-14,2794.5400390625,2852.800048828125,2766.639892578125,2852.5,5651130000.0,Thursday,May,-59.929931640625,2856.802490234375,0.01152482269503552,0.01145891780407149
2020-05-15,2829.949951171875,2865.010009765625,2816.780029296875,2863.699951171875,5507700000.0,Friday,May,32.989990234375,2856.259484863281,0.0039263632504382695,0.003918675203723029
2020-05-18,2913.860107421875,2968.090087890625,2913.860107421875,2953.909912109375,6373670000.0,Monday,May,111.169921875,2862.796984863281,0.03150119163168075,0.031015208770073424
2020-05-19,2948.590087890625,2964.2099609375,2922.35009765625,2922.93994140625,4984330000.0,Tuesday,May,54.5,2872.1159790039064,-0.010484399194493177,-0.010539747711599283
2020-05-20,2953.6298828125,2980.2900390625,2953.6298828125,2971.610107421875,5005380000.0,Wednesday,May,123.190185546875,2880.7309814453124,0.01665110025908012,0.0165139906134157
2020-05-21,2969.949951171875,2978.5,2938.570068359375,2948.510009765625,4976620000.0,Thursday,May,67.320068359375,2888.2664794921875,-0.007773596407737116,-0.007803968309953686
2020-05-22,2948.050048828125,2956.760009765625,2933.590087890625,2955.449951171875,3970860000.0,Friday,May,25.64990234375,2894.2019775390627,0.002353711326488428,0.002350945686812366
2020-05-25,2948.050048828125,2956.760009765625,2933.590087890625,2955.449951171875,3970860000.0,Monday,May,25.260009765625,2898.0504760742188,0.0,0.0
2020-05-26,3004.080078125,3021.719970703125,2988.169921875,2991.77001953125,5848500000.0,Tuesday,May,121.64990234375,2904.469482421875,0.012289184036080147,0.01221428502146052
2020-05-27,3015.64990234375,3036.25,2969.75,3036.1298828125,6398000000.0,Wednesday,May,216.1298828125,2909.3004760742188,0.014827297215913804,0.014718447490314346
2020-05-28,3046.610107421875,3068.669921875,3023.39990234375,3029.72998046875,5447020000.0,Thursday,May,177.22998046875,2915.165478515625,-0.0021079145460738413,-0.0021101393249195488
2020-05-29,3025.169921875,3049.169921875,2998.610107421875,3044.31005859375,7297550000.0,Friday,May,180.610107421875,2925.8454833984374,0.004812335824971425,0.004800793552307952
2020-06-01,3038.780029296875,3062.179931640625,3031.5400390625,3055.72998046875,4684170000.0,Monday,June,101.820068359375,2936.494982910156,0.003751234813537785,0.003744216478364391
2020-06-02,3064.780029296875,3081.070068359375,3051.639892578125,3080.820068359375,5197150000.0,Tuesday,June,157.880126953125,2947.1139892578126,0.008210832780053412,0.008177307282398658
2020-06-03,3098.89990234375,3130.93994140625,3098.89990234375,3122.8701171875,6005560000.0,Wednesday,June,151.260009765625,2960.8364990234377,0.013648979133831007,0.01355667081256392
2020-06-04,3111.56005859375,3128.909912109375,3090.409912109375,3112.35009765625,6451290000.0,Thursday,June,163.840087890625,2972.3945068359376,-0.0033687022311144066,-0.003374389083608904
2020-06-05,3163.840087890625,3211.719970703125,3163.840087890625,3193.929931640625,8639300000.0,Friday,June,238.47998046875,2985.6010009765623,0.026211650818398713,0.025874012821635813
2020-06-08,3199.919921875,3233.1298828125,3196.0,3232.389892578125,8498300000.0,Monday,June,276.93994140625,3000.7109985351562,0.012041579421169235,0.011969656405806002
2020-06-09,3213.320068359375,3222.7099609375,3193.110107421875,3207.179931640625,6410930000.0,Tuesday,June,215.409912109375,3017.5639892578124,-0.007799170822611612,-0.007829743419721978
2020-06-10,3213.419921875,3223.27001953125,3181.489990234375,3190.139892578125,6598870000.0,Wednesday,June,154.010009765625,3036.0709838867188,-0.0053130910724373814,-0.005327255735182077
2020-06-11,3123.530029296875,3123.530029296875,2999.489990234375,3002.10009765625,7037320000.0,Thursday,June,-27.6298828125,3043.550988769531,-0.05894405927443824,-0.06075269299628893
2020-06-12,3071.0400390625,3088.419921875,2984.469970703125,3041.31005859375,5845330000.0,Friday,June,-3.0,3052.431494140625,0.013060843963234703,0.012976286605211731
2020-06-15,2993.760009765625,3079.760009765625,2965.659912109375,3066.590087890625,5757480000.0,Monday,June,10.860107421875,3058.0655029296877,0.008312217041285264,0.00827786081817526
2020-06-16,3131.0,3153.449951171875,3076.06005859375,3124.739990234375,5845810000.0,Tuesday,June,43.919921875,3068.1555053710936,0.01896239819380252,0.018784852866710527
2020-06-17,3136.1298828125,3141.159912109375,3108.030029296875,3113.489990234375,4560450000.0,Wednesday,June,-9.380126953125,3075.2494995117186,-0.0036002995561740248,-0.0036067962326294138
2020-06-18,3101.639892578125,3120.0,3093.510009765625,3115.340087890625,4448690000.0,Thursday,June,2.989990234375,3083.5910034179688,0.0005942198825281686,0.0005940434038017573
2020-06-19,3140.2900390625,3155.530029296875,3083.110107421875,3097.739990234375,8346650000.0,Friday,June,-96.18994140625,3090.7055053710938,-0.005649494809462974,-0.005665513565673728
2020-06-22,3094.419921875,3120.919921875,3079.389892578125,3117.860107421875,4686690000.0,Monday,June,-114.52978515625,3098.8260131835937,0.006495095537691675,0.006474093296658384
2020-06-23,3138.699951171875,3154.89990234375,3127.1201171875,3131.2900390625,4711850000.0,Tuesday,June,-75.889892578125,3105.8020141601564,0.004307419569164139,0.004298169191483789
2020-06-24,3114.39990234375,3115.010009765625,3032.1298828125,3050.330078125,5597680000.0,Wednesday,June,-139.809814453125,3106.5120239257812,-0.025855145939064572,-0.0261952655956623
2020-06-25,3046.60009765625,3086.25,3024.010009765625,3083.760009765625,4847690000.0,Thursday,June,81.659912109375,3109.213525390625,0.010959447267809841,0.01089982772821816
2020-06-26,3073.199951171875,3073.72998046875,3004.6298828125,3009.050048828125,8107850000.0,Friday,June,-32.260009765625,3107.4505249023437,-0.024226905044785974,-0.024525204274831163
2020-06-29,3018.590087890625,3053.889892578125,2999.739990234375,3053.239990234375,4473970000.0,Monday,June,-13.35009765625,3107.326025390625,0.014685678433118632,0.01457888811353358
2020-06-30,3050.199951171875,3111.510009765625,3047.830078125,3100.2900390625,4705850000.0,Tuesday,June,-24.449951171875,3108.299523925781,0.015409875731554612,0.015292349435755562
2020-07-01,3105.919921875,3128.43994140625,3101.169921875,3115.860107421875,4449230000.0,Wednesday,July,2.3701171875,3107.9490234375,0.005022132820864389,0.005009563975870565
2020-07-02,3143.639892578125,3165.81005859375,3124.52001953125,3130.010009765625,4197720000.0,Thursday,July,14.669921875,3108.8320190429686,0.004541250844364075,0.0045309704768169146
2020-07-03,3143.639892578125,3165.81005859375,3124.52001953125,3130.010009765625,4197720000.0,Friday,July,32.27001953125,3105.636022949219,0.0,0.0
2020-07-06,3155.2900390625,3182.590087890625,3155.2900390625,3179.719970703125,4759160000.0,Monday,July,61.85986328125,3103.0025268554687,0.01588172586745884,0.01575693083216329
2020-07-07,3166.43994140625,3184.14990234375,3142.929931640625,3145.320068359375,4571330000.0,Tuesday,July,14.030029296875,3099.909533691406,-0.010818532028197159,-0.010877477869643567
2020-07-08,3153.070068359375,3171.800048828125,3136.530029296875,3169.93994140625,4937310000.0,Wednesday,July,119.60986328125,3098.8995361328125,0.007827461915415501,0.007796986263430269
2020-07-09,3176.169921875,3179.780029296875,3115.699951171875,3152.050048828125,4843650000.0,Thursday,July,68.2900390625,3106.3970336914062,-0.005643606159361103,-0.005659591476194623
2020-07-10,3152.469970703125,3186.820068359375,3136.219970703125,3185.0400390625,4524190000.0,Friday,July,175.989990234375,3113.583532714844,0.01046620127324438,0.010411809774443004
2020-07-13,3205.080078125,3235.320068359375,3149.429931640625,3155.219970703125,4902440000.0,Monday,July,101.97998046875,3118.015026855469,-0.009362541127788226,-0.009406645216058874
2020-07-14,3141.110107421875,3200.949951171875,3127.659912109375,3197.52001953125,4507140000.0,Tuesday,July,97.22998046875,3121.6540283203126,0.013406370782667931,0.01331730058290395
2020-07-15,3225.97998046875,3238.280029296875,3200.760009765625,3226.56005859375,4686830000.0,Wednesday,July,110.699951171875,3127.3075317382813,0.009082050740923053,0.009041056936355048
2020-07-16,3208.360107421875,3220.389892578125,3198.590087890625,3215.570068359375,3972860000.0,Thursday,July,85.56005859375,3132.3190307617188,-0.0034061012455366413,-0.0034119152141152374
2020-07-17,3224.2099609375,3233.52001953125,3205.64990234375,3224.72998046875,4012850000.0,Friday,July,94.719970703125,3138.6685302734377,0.002848612194617406,0.0028445625875835605
2020-07-20,3224.2900390625,3258.610107421875,3215.159912109375,3251.840087890625,3979340000.0,Monday,July,72.1201171875,3145.367529296875,0.0084069387471426,0.008371797255140334
2020-07-21,3268.52001953125,3277.2900390625,3247.77001953125,3257.300048828125,4556610000.0,Tuesday,July,111.97998046875,3151.6680297851562,0.0016790373419135474,0.0016776293345600682
2020-07-22,3254.860107421875,3279.320068359375,3253.10009765625,3276.02001953125,4267160000.0,Wednesday,July,106.080078125,3162.952526855469,0.005747082068739751,0.005730630594473862
2020-07-23,3271.639892578125,3279.989990234375,3222.659912109375,3235.659912109375,4296760000.0,Thursday,July,83.60986328125,3170.5475219726563,-0.012319859824193036,-0.012396378412246847
2020-07-24,3218.580078125,3227.260009765625,3200.050048828125,3215.6298828125,3689410000.0,Friday,July,30.58984375,3180.876513671875,-0.006190400054688405,-0.006209640024276134
2020-07-27,3219.840087890625,3241.429931640625,3214.25,3239.409912109375,3970310000.0,Monday,July,84.18994140625,3190.185009765625,0.007395138795039502,0.007367928821482373
2020-07-28,3234.27001953125,3243.719970703125,3216.169921875,3218.43994140625,4053180000.0,Tuesday,July,20.919921875,3196.0925048828126,-0.006473392152297919,-0.006494435418646306
2020-07-29,3227.219970703125,3264.739990234375,3227.219970703125,3258.43994140625,4478200000.0,Wednesday,July,31.8798828125,3203.2214965820312,0.01242838167815008,0.012351783351742583
2020-07-30,3231.760009765625,3250.919921875,3204.1298828125,3246.219970703125,4264920000.0,Thursday,July,30.64990234375,3209.0319946289064,-0.003750251937389204,-0.0037573017634548516
2020-07-31,3270.449951171875,3272.169921875,3220.260009765625,3271.1201171875,5007530000.0,Friday,July,46.39013671875,3216.0875,0.007670504990141325,0.0076412362421762695
2020-08-03,3288.260009765625,3302.72998046875,3284.530029296875,3294.610107421875,4438940000.0,Monday,August,42.77001953125,3221.8320068359376,0.00718102343932614,0.007155362664358673
2020-08-04,3289.919921875,3306.840087890625,3286.3701171875,3306.510009765625,4414380000.0,Tuesday,August,49.2099609375,3229.89150390625,0.0036119303819721615,0.003605423026133557
2020-08-05,3317.3701171875,3330.77001953125,3317.3701171875,3327.77001953125,4535060000.0,Wednesday,August,51.75,3237.7830078125,0.006429743053199433,0.006409160435517922
2020-08-06,3323.169921875,3351.030029296875,3318.139892578125,3349.159912109375,4278930000.0,Thursday,August,113.5,3247.6385009765627,0.00642769555966427,0.006407126020664802
2020-08-07,3340.050048828125,3352.5400390625,3328.719970703125,3351.280029296875,4110030000.0,Friday,August,135.650146484375,3255.9505004882812,0.0006330295486443038,0.0006328292699566697
2020-08-10,3356.0400390625,3363.2900390625,3335.43994140625,3360.469970703125,4327920000.0,Monday,August,121.06005859375,3266.213000488281,0.002742218294476073,0.0027384652733919213
2020-08-11,3370.340087890625,3381.010009765625,3326.43994140625,3333.68994140625,4880540000.0,Tuesday,August,115.25,3273.0214965820314,-0.007969132154236114,-0.008001055401377298
2020-08-12,3355.4599609375,3387.889892578125,3355.4599609375,3380.35009765625,3772250000.0,Wednesday,August,121.91015625,3280.7109985351562,0.013996549490237653,0.013899502293613534
2020-08-13,3372.949951171875,3387.239990234375,3363.35009765625,3373.429931640625,3438730000.0,Thursday,August,127.2099609375,3288.6039916992186,-0.002047174350497949,-0.002049272676156681
2020-08-14,3368.659912109375,3378.510009765625,3361.639892578125,3372.85009765625,3200060000.0,Friday,August,101.72998046875,3296.0099975585936,-0.00017188262276812694,-0.00017189739627902921
2020-08-17,3380.860107421875,3387.590087890625,3379.219970703125,3381.989990234375,3460330000.0,Monday,August,87.3798828125,3302.5174926757813,0.0027098425110787527,0.002706177507423456
2020-08-18,3387.0400390625,3395.06005859375,3370.14990234375,3389.780029296875,3669550000.0,Tuesday,August,83.27001953125,3309.141491699219,0.002303389154016955,0.0023007404198168474
2020-08-19,3392.510009765625,3399.5400390625,3369.659912109375,3374.85009765625,3679480000.0,Wednesday,August,47.080078125,3314.0829956054686,-0.0044043954214108005,-0.004414123345182018
2020-08-20,3360.47998046875,3390.800048828125,3354.68994140625,3385.510009765625,3431040000.0,Thursday,August,36.35009765625,3321.5755004882812,0.0031586327691348615,0.0031536547683461333
2020-08-21,3386.010009765625,3399.9599609375,3379.31005859375,3397.159912109375,3505010000.0,Friday,August,45.8798828125,3330.652001953125,0.0034411070444764214,0.0034351999829724668
2020-08-24,3418.090087890625,3432.090087890625,3413.1298828125,3431.280029296875,3743410000.0,Monday,August,70.81005859375,3340.2455078125,0.010043718303008653,0.009993615364903508
2020-08-25,3435.949951171875,3444.2099609375,3425.840087890625,3443.6201171875,3627650000.0,Tuesday,August,109.93017578125,3351.5045166015625,0.0035963511532906,0.003589899745540117
2020-08-26,3449.969970703125,3481.070068359375,3444.14990234375,3478.72998046875,3780530000.0,Wednesday,August,98.3798828125,3362.5190185546876,0.010195626139483993,0.010144001344841499
2020-08-27,3485.139892578125,3501.3798828125,3468.35009765625,3484.550048828125,3955890000.0,Thursday,August,111.1201171875,3374.4355224609376,0.0016730440109038458,0.0016716460318091384
2020-08-28,3494.68994140625,3509.22998046875,3484.320068359375,3508.010009765625,3868510000.0,Friday,August,135.159912109375,3386.2800170898436,0.00673256535528588,0.006710002849570254
2020-08-31,3509.72998046875,3514.77001953125,3493.25,3500.31005859375,4348280000.0,Monday,August,118.320068359375,3396.5650146484377,-0.0021949627140287475,-0.002197375175508541
2020-09-01,3507.43994140625,3528.030029296875,3494.60009765625,3526.64990234375,4101490000.0,Tuesday,September,136.869873046875,3407.5720092773436,0.007525003016613407,0.007496831420705943
2020-09-02,3543.760009765625,3588.110107421875,3535.22998046875,3580.840087890625,4295640000.0,Wednesday,September,205.989990234375,3420.2255126953123,0.015365910154807594,0.01524905014386973
2020-09-03,3564.739990234375,3564.85009765625,3427.409912109375,3455.06005859375,4911830000.0,Thursday,September,69.550048828125,3425.5205200195314,-0.03512584371534122,-0.0357575941421853
2020-09-04,3453.60009765625,3479.14990234375,3349.6298828125,3426.9599609375,4438720000.0,Friday,September,29.800048828125,3429.3045166015627,-0.008133027264274895,-0.008166280754275102
2020-09-07,3453.60009765625,3479.14990234375,3349.6298828125,3426.9599609375,4438720000.0,Monday,September,-4.320068359375,3432.629016113281,0.0,0.0
2020-09-08,3371.8798828125,3379.969970703125,3329.27001953125,3331.840087890625,4694330000.0,Tuesday,September,-111.780029296875,3432.5365234375,-0.027756342102360998,-0.02814882908646679
2020-09-09,3369.820068359375,3424.77001953125,3366.840087890625,3398.9599609375,3932520000.0,Wednesday,September,-79.77001953125,3433.4670166015626,0.02014498633677464,0.019944760662180386
2020-09-10,3412.56005859375,3425.550048828125,3329.25,3339.18994140625,4208630000.0,Thursday,September,-145.360107421875,3431.755017089844,-0.01758479659017942,-0.017741245925395586
2020-09-11,3352.699951171875,3368.949951171875,3310.469970703125,3340.969970703125,3710090000.0,Friday,September,-167.0400390625,3430.1610107421875,0.0005330721905940639,0.0005329301580873496
2020-09-14,3363.56005859375,3402.929931640625,3363.56005859375,3383.5400390625,3839580000.0,Monday,September,-116.77001953125,3430.2385131835936,0.012741829089357504,0.012661335025022992
2020-09-15,3407.72998046875,3419.47998046875,3389.25,3401.199951171875,4057190000.0,Tuesday,September,-125.449951171875,3430.8095092773438,0.005219359577689042,0.005205785930499657
2020-09-16,3411.22998046875,3428.919921875,3384.449951171875,3385.489990234375,4718900000.0,Wednesday,September,-195.35009765625,3431.34150390625,-0.004618946596211537,-0.0046296468921518345
2020-09-17,3346.860107421875,3375.169921875,3328.820068359375,3357.010009765625,4379840000.0,Thursday,September,-98.050048828125,3429.91650390625,-0.008412365876402483,-0.008447949528552457
2020-09-18,3357.3798828125,3362.27001953125,3292.39990234375,3319.469970703125,7076400000.0,Friday,September,-107.489990234375,3426.0320068359374,-0.011182581807410497,-0.011245576947828505
2020-09-21,3285.570068359375,3285.570068359375,3229.10009765625,3281.06005859375,4836070000.0,Monday,September,-145.89990234375,3418.5210083007814,-0.011571097930805796,-0.011638564027297718
2020-09-22,3295.75,3320.31005859375,3270.949951171875,3315.570068359375,3974510000.0,Tuesday,September,-16.27001953125,3412.118505859375,0.010517945160813724,0.010463016398376152
2020-09-23,3320.110107421875,3323.35009765625,3232.570068359375,3236.919921875,4378650000.0,Wednesday,September,-162.0400390625,3400.0280029296873,-0.023721455093028143,-0.02400733891437413
2020-09-24,3226.139892578125,3278.699951171875,3209.449951171875,3246.590087890625,4601920000.0,Thursday,September,-92.599853515625,3388.1300048828125,0.0029874591429570607,0.0029830055546290505
2020-09-25,3236.659912109375,3306.8798828125,3228.43994140625,3298.4599609375,3803330000.0,Friday,September,-42.510009765625,3377.6525024414063,0.0159767237756141,0.015850439224188495
2020-09-28,3333.89990234375,3360.739990234375,3332.909912109375,3351.60009765625,3950910000.0,Monday,September,-31.93994140625,3370.217004394531,0.016110590199083896,0.0159821918538544
2020-09-29,3350.919921875,3357.919921875,3327.5400390625,3335.469970703125,3661590000.0,Tuesday,September,-65.72998046875,3360.6580078125,-0.0048126645432444715,-0.004824282704443997
2020-09-30,3341.2099609375,3393.56005859375,3340.469970703125,3363.0,4738640000.0,Wednesday,September,-22.489990234375,3349.766003417969,0.008253718228220741,0.00821984256837961
2020-10-01,3385.8701171875,3397.179931640625,3361.389892578125,3380.800048828125,4076340000.0,Thursday,October,23.7900390625,3346.0530029296874,0.005292907769290922,0.0052789495642950775
2020-10-02,3338.93994140625,3369.10009765625,3323.68994140625,3348.419921875,3975180000.0,Friday,October,28.949951171875,3342.1260009765624,-0.009577652178616392,-0.009623812866370861
2020-10-05,3367.27001953125,3409.570068359375,3367.27001953125,3408.60009765625,3692720000.0,Monday,October,127.5400390625,3341.2080078125,0.01797270867614209,0.017813109002900934
2020-10-06,3408.739990234375,3431.56005859375,3354.5400390625,3360.969970703125,4453390000.0,Tuesday,October,45.39990234375,3342.664501953125,-0.013973515692226712,-0.014072064387523205
2020-10-07,3384.56005859375,3426.260009765625,3384.56005859375,3419.43994140625,3814750000.0,Wednesday,October,182.52001953125,3343.6885009765624,0.01739675486921799,0.017247163770241564
2020-10-08,3434.280029296875,3447.280029296875,3428.14990234375,3446.830078125,3867640000.0,Thursday,October,200.239990234375,3349.0705078125,0.008010123642494982,0.007978212894869286
2020-10-09,3459.669921875,3482.340087890625,3458.070068359375,3477.139892578125,3944090000.0,Friday,October,178.679931640625,3355.87900390625,0.00879353312061526,0.008755095180752877
2020-10-12,3500.02001953125,3549.85009765625,3499.610107421875,3534.219970703125,3435760000.0,Monday,October,182.619873046875,3363.4130004882813,0.01641581296364758,0.01628253015832422
2020-10-13,3534.010009765625,3534.010009765625,3500.860107421875,3511.929931640625,3611100000.0,Tuesday,October,176.4599609375,3368.949499511719,-0.006306918994084421,-0.006326891629163268
2020-10-14,3515.469970703125,3527.93994140625,3480.550048828125,3488.669921875,3858510000.0,Wednesday,October,125.669921875,3374.10849609375,-0.006623141753502759,-0.0066451720840594065
2020-10-15,3453.719970703125,3489.080078125,3440.889892578125,3483.340087890625,3724550000.0,Thursday,October,102.5400390625,3380.425,-0.0015277553060997207,-0.001528923514213078
2020-10-16,3493.5,3515.760009765625,3480.449951171875,3483.81005859375,4688030000.0,Friday,October,135.39013671875,3388.6420043945313,0.00013491955745537076,0.00013491045663045577
2020-10-19,3493.659912109375,3502.419921875,3419.929931640625,3426.919921875,4091080000.0,Monday,October,18.31982421875,3395.9349975585938,-0.016329861778318078,-0.016464663514942676
2020-10-20,3439.3798828125,3476.929931640625,3435.64990234375,3443.1201171875,3917850000.0,Tuesday,October,82.150146484375,3402.3125,0.004727334073110212,0.0047161953200011274
2020-10-21,3439.909912109375,3464.860107421875,3433.06005859375,3435.56005859375,4103960000.0,Wednesday,October,16.1201171875,3412.2445068359375,-0.0021956999281005363,-0.0021981140115702774
2020-10-22,3438.5,3460.530029296875,3415.340087890625,3453.489990234375,4172060000.0,Thursday,October,6.659912109375,3422.589501953125,0.005218925396392127,0.0052053540034913415
2020-10-23,3464.89990234375,3466.4599609375,3440.449951171875,3465.389892578125,3651600000.0,Friday,October,-11.75,3430.935998535156,0.003445761353703114,0.003439838320389479
2020-10-26,3441.419921875,3441.419921875,3364.860107421875,3400.969970703125,4002210000.0,Monday,October,-133.25,3433.4044921875,-0.018589516294535646,-0.018764472985322012
2020-10-27,3403.14990234375,3409.510009765625,3388.7099609375,3390.679931640625,3962400000.0,Tuesday,October,-121.25,3436.164990234375,-0.0030256189119989285,-0.003030205350445511
2020-10-28,3342.47998046875,3342.47998046875,3268.889892578125,3271.030029296875,5139970000.0,Wednesday,October,-217.639892578125,3431.5664916992187,-0.035287878760604796,-0.03592554210857772
2020-10-29,3277.169921875,3341.050048828125,3259.820068359375,3310.110107421875,4911860000.0,Thursday,October,-173.22998046875,3428.0319946289064,0.011947330894238384,0.01187652493999744
2020-10-30,3293.590087890625,3304.929931640625,3233.93994140625,3269.9599609375,4843930000.0,Friday,October,-213.85009765625,3424.108996582031,-0.012129550130175693,-0.012203713445259962
2020-11-02,3296.199951171875,3330.139892578125,3279.739990234375,3310.239990234375,4314690000.0,Monday,November,-116.679931640625,3419.1909912109377,0.01231820260127181,0.012242950890591667
2020-11-03,3336.25,3389.489990234375,3336.25,3369.159912109375,4241380000.0,Tuesday,November,-73.960205078125,3419.60048828125,0.01779929009643455,0.01764273768407783
2020-11-04,3406.4599609375,3486.25,3405.169921875,3443.43994140625,4790400000.0,Wednesday,November,7.8798828125,3420.80048828125,0.02204704770168342,0.021807525655091704
2020-11-05,3485.739990234375,3529.050048828125,3485.739990234375,3510.449951171875,4858150000.0,Thursday,November,56.9599609375,3423.981481933594,0.01946019413896294,0.01927326577670128
2020-11-06,3508.340087890625,3521.580078125,3484.340087890625,3509.43994140625,4842460000.0,Friday,November,44.050048828125,3425.596484375,-0.00028771518741854685,-0.00028775658537381985
2020-11-09,3583.0400390625,3645.989990234375,3547.47998046875,3550.5,8570510000.0,Monday,November,149.530029296875,3426.4104858398437,0.01169988923568721,0.011631974746344153
2020-11-10,3543.260009765625,3557.219970703125,3511.909912109375,3545.530029296875,6037470000.0,Tuesday,November,154.85009765625,3428.0904907226563,-0.0013997945931910616,-0.001400775220867666
2020-11-11,3563.219970703125,3581.159912109375,3557.0,3572.659912109375,4635560000.0,Wednesday,November,301.6298828125,3432.289990234375,0.007651855318760337,0.007622728362991461
2020-11-12,3562.669921875,3569.02001953125,3518.580078125,3537.010009765625,4909660000.0,Thursday,November,226.89990234375,3434.973486328125,-0.009978532303877019,-0.01002865154706935
2020-11-13,3552.570068359375,3593.659912109375,3552.570068359375,3585.14990234375,4719580000.0,Friday,November,315.18994140625,3440.040478515625,0.013610335409063534,0.013518546706294007
2020-11-16,3600.159912109375,3628.510009765625,3600.159912109375,3626.909912109375,5295510000.0,Monday,November,316.669921875,3450.0399780273438,0.011648051240012336,0.011580734922832603
2020-11-17,3610.31005859375,3623.110107421875,3588.679931640625,3609.530029296875,4812180000.0,Tuesday,November,240.3701171875,3458.3604736328125,-0.004791925698091615,-0.004803443784647531
2020-11-18,3612.090087890625,3619.090087890625,3567.330078125,3567.7900390625,5284810000.0,Wednesday,November,124.35009765625,3464.97197265625,-0.011563829610944043,-0.011631210647481315
2020-11-19,3559.409912109375,3585.219970703125,3543.840087890625,3581.8701171875,4363370000.0,Thursday,November,71.420166015625,3471.390979003906,0.003946442467421596,0.003938675690732779
2020-11-20,3579.31005859375,3581.22998046875,3556.85009765625,3557.5400390625,4236370000.0,Friday,November,48.10009765625,3475.998486328125,-0.006792562915180156,-0.006815737372918576
2020-11-23,3566.820068359375,3589.81005859375,3552.77001953125,3577.590087890625,5057550000.0,Monday,November,27.090087890625,3484.8294921875,0.005635930617216234,0.005620108181849693
2020-11-24,3594.52001953125,3642.31005859375,3594.52001953125,3635.409912109375,6280290000.0,Tuesday,November,89.8798828125,3497.0659912109377,0.016161668273416252,0.016032458814031775
2020-11-25,3635.5,3635.5,3617.760009765625,3629.64990234375,4910440000.0,Wednesday,November,56.989990234375,3514.9969848632813,-0.001584418237524976,-0.0015856747555094064
2020-11-26,3635.5,3635.5,3617.760009765625,3629.64990234375,4910440000.0,Thursday,November,92.639892578125,3530.973974609375,0.0,0.0
2020-11-27,3638.550048828125,3644.31005859375,3629.330078125,3638.35009765625,2778390000.0,Friday,November,53.2001953125,3549.3934814453123,0.002396979198154181,0.0023941110259011363
2020-11-30,3634.179931640625,3634.179931640625,3594.389892578125,3621.6298828125,6308410000.0,Monday,November,-5.280029296875,3564.9629760742187,-0.004595548640170977,-0.004606140636972006
2020-12-01,3645.8701171875,3678.449951171875,3645.8701171875,3662.449951171875,5418480000.0,Tuesday,December,52.919921875,3579.627478027344,0.011271187194776155,0.011208140661592923
2020-12-02,3653.780029296875,3670.9599609375,3644.840087890625,3669.010009765625,5041250000.0,Wednesday,December,101.219970703125,3590.9059814453126,0.0017911667548251575,0.0017895645286042845
2020-12-03,3668.280029296875,3682.72998046875,3657.169921875,3666.719970703125,5065340000.0,Thursday,December,84.849853515625,3598.719482421875,-0.000624157213091503,-0.0006243520802942291
2020-12-04,3670.93994140625,3699.199951171875,3670.93994140625,3699.1201171875,5099620000.0,Friday,December,141.580078125,3608.2034912109375,0.008836275129611826,0.00879746371518688
2020-12-07,3694.72998046875,3697.409912109375,3678.8798828125,3691.9599609375,4804500000.0,Monday,December,114.369873046875,3615.2764892578125,-0.0019356376714373402,-0.001937513438963252
2020-12-08,3683.050048828125,3708.449951171875,3678.830078125,3702.25,4584390000.0,Tuesday,December,66.840087890625,3623.1124877929688,0.002787148065356293,0.002783271170170473
2020-12-09,3705.97998046875,3712.389892578125,3660.5400390625,3672.820068359375,5232800000.0,Wednesday,December,43.170166015625,3628.120495605469,-0.007949201604598555,-0.00798096494847171
2020-12-10,3659.1298828125,3678.489990234375,3645.179931640625,3668.10009765625,4658480000.0,Thursday,December,38.4501953125,3634.675,-0.0012851080682624305,-0.0012859345277717227
2020-12-11,3656.080078125,3665.909912109375,3633.39990234375,3663.4599609375,4375470000.0,Friday,December,25.10986328125,3638.5905029296873,-0.0012649972997506032,-0.0012657980842328352
2020-12-14,3675.27001953125,3697.610107421875,3645.840087890625,3647.489990234375,4623850000.0,Monday,December,25.860107421875,3639.6195068359375,-0.004359258971957769,-0.0043687882451469585
2020-12-15,3666.409912109375,3695.2900390625,3659.6201171875,3694.6201171875,4387080000.0,Tuesday,December,32.170166015625,3643.8740112304686,0.012921249154708825,0.012838482022218645
2020-12-16,3696.25,3711.27001953125,3688.570068359375,3701.169921875,4067040000.0,Wednesday,December,32.159912109375,3650.543005371094,0.0017727951669590514,0.0017712256203230642
2020-12-17,3713.64990234375,3725.1201171875,3710.8701171875,3722.47998046875,4192810000.0,Thursday,December,55.760009765625,3657.5734985351564,0.005757654753379748,0.0057411428089832834
2020-12-18,3722.389892578125,3726.699951171875,3685.840087890625,3709.409912109375,7097100000.0,Friday,December,10.289794921875,3665.1669921875,-0.0035111185091528663,-0.003517296952148704
2020-12-21,3684.280029296875,3702.89990234375,3636.47998046875,3694.919921875,4748580000.0,Monday,December,2.9599609375,3671.033483886719,-0.0039062790518439305,-0.003913928486909485
2020-12-22,3698.080078125,3698.260009765625,3676.159912109375,3687.260009765625,4053310000.0,Tuesday,December,-14.989990234375,3673.6259887695314,-0.002073092860288006,-0.0020752446917703606
2020-12-23,3693.419921875,3711.239990234375,3689.280029296875,3690.010009765625,3779160000.0,Wednesday,December,17.18994140625,3676.643994140625,0.000745811250824957,0.0007455332718186887
2020-12-24,3694.030029296875,3703.820068359375,3689.320068359375,3703.06005859375,1883780000.0,Thursday,December,34.9599609375,3680.314501953125,0.0035365890047962534,0.0035303499794869524
2020-12-25,3694.030029296875,3703.820068359375,3689.320068359375,3703.06005859375,1883780000.0,Friday,December,39.60009765625,3683.55,0.0,0.0
2020-12-28,3723.030029296875,3740.510009765625,3723.030029296875,3735.360107421875,3535460000.0,Monday,December,87.8701171875,3689.2365112304688,0.008722529021144565,0.0086847075384115
2020-12-29,3750.010009765625,3756.1201171875,3723.31005859375,3727.0400390625,3393290000.0,Tuesday,December,32.419921875,3692.466015625,-0.00222738052560012,-0.002229864827278697
2020-12-30,3736.18994140625,3744.6298828125,3730.2099609375,3732.0400390625,3154850000.0,Wednesday,December,30.8701171875,3695.6175170898437,0.0013415471654707467,0.0013406480950792154
2020-12-31,3733.27001953125,3760.199951171875,3726.8798828125,3756.070068359375,3179040000.0,Thursday,December,33.590087890625,3700.0850219726562,0.006438845522919845,0.006418204711703793
2021-01-01,3733.27001953125,3760.199951171875,3726.8798828125,3756.070068359375,3179040000.0,Friday,January,46.66015625,3702.93251953125,0.0,0.0
2021-01-04,3764.610107421875,3769.989990234375,3662.7099609375,3700.64990234375,5015000000.0,Monday,January,5.72998046875,3703.3670166015627,-0.014754827521051062,-0.014864762712025787
2021-01-05,3698.02001953125,3737.830078125,3695.070068359375,3726.860107421875,4591020000.0,Tuesday,January,39.60009765625,3704.597521972656,0.007082595157549276,0.007057631383362026
2021-01-06,3712.199951171875,3783.0400390625,3705.340087890625,3748.139892578125,6064110000.0,Wednesday,January,58.1298828125,3708.3635131835936,0.005709842747752214,0.005693603382474094
2021-01-07,3764.7099609375,3811.550048828125,3764.7099609375,3803.7900390625,5099160000.0,Thursday,January,100.72998046875,3715.1480102539062,0.014847403800101189,0.014738260107752971
2021-01-08,3815.050048828125,3826.68994140625,3783.60009765625,3824.679931640625,4773040000.0,Friday,January,121.619873046875,3723.2090087890624,0.005491862685268911,0.00547683739351537
2021-01-11,3803.139892578125,3817.860107421875,3789.02001953125,3799.610107421875,4465430000.0,Monday,January,64.25,3730.8150146484377,-0.006554750898592476,-0.006576327616621317
2021-01-12,3801.6201171875,3810.780029296875,3776.510009765625,3801.18994140625,4994950000.0,Tuesday,January,74.14990234375,3736.143505859375,0.0004157884466327033,0.000415702030569564
2021-01-13,3802.22998046875,3820.9599609375,3791.5,3809.840087890625,4602510000.0,Wednesday,January,77.800048828125,3741.577014160156,0.0022756417379066196,0.0022730563867261076
2021-01-14,3814.97998046875,3823.60009765625,3792.860107421875,3795.5400390625,5198480000.0,Thursday,January,39.469970703125,3745.230017089844,-0.0037534511943366766,-0.003760513068743101
2021-01-15,3788.72998046875,3788.72998046875,3749.6201171875,3768.25,5369820000.0,Friday,January,12.179931640625,3748.172021484375,-0.007190027975370938,-0.007216000798278504
2021-01-18,3788.72998046875,3788.72998046875,3749.6201171875,3768.25,5369820000.0,Monday,January,67.60009765625,3751.838525390625,0.0,0.0
2021-01-19,3781.8798828125,3804.530029296875,3780.3701171875,3798.909912109375,5014440000.0,Tuesday,January,72.0498046875,3757.4210205078125,0.008136379515524483,0.008103457635761657
2021-01-20,3816.219970703125,3859.75,3816.219970703125,3851.85009765625,4566190000.0,Wednesday,January,103.710205078125,3765.5130249023437,0.013935625421946263,0.013839417376510862
2021-01-21,3857.4599609375,3861.449951171875,3845.050048828125,3853.070068359375,4501760000.0,Thursday,January,49.280029296875,3773.013525390625,0.0003167233075522802,0.00031667316131354906
2021-01-22,3844.239990234375,3852.31005859375,3830.409912109375,3841.469970703125,5110890000.0,Friday,January,16.7900390625,3779.9340209960938,-0.0030106116552376383,-0.0030151526629377105
2021-01-25,3851.679931640625,3859.22998046875,3797.159912109375,3855.360107421875,7000840000.0,Monday,January,55.75,3785.9340209960938,0.0036158389430824833,0.0036093175130174657
2021-01-26,3862.9599609375,3870.89990234375,3847.780029296875,3849.6201171875,6137500000.0,Tuesday,January,48.43017578125,3792.063024902344,-0.0014888337468982327,-0.001489943161153501
2021-01-27,3836.830078125,3836.830078125,3732.47998046875,3750.77001953125,9976520000.0,Wednesday,January,-59.070068359375,3792.9995239257814,-0.025677883699462,-0.02601331512610035
2021-01-28,3755.75,3830.5,3755.75,3787.3798828125,6992770000.0,Thursday,January,-8.16015625,3794.5650146484377,0.009760625975629766,0.009713298778760395
2021-01-29,3778.050048828125,3778.050048828125,3694.1201171875,3714.239990234375,6643370000.0,Friday,January,-54.010009765625,3792.4735107421875,-0.019311475173124593,-0.019500377654792
2021-02-01,3731.169921875,3784.320068359375,3725.6201171875,3773.860107421875,5436230000.0,Monday,February,5.610107421875,3796.1340209960936,0.016051767614439383,0.015924300234678626
2021-02-02,3791.840087890625,3843.090087890625,3791.840087890625,3826.31005859375,5514090000.0,Tuesday,February,27.400146484375,3801.1065185546877,0.013898223484416938,0.013802528814310624
2021-02-03,3840.27001953125,3847.510009765625,3816.679931640625,3830.169921875,4864870000.0,Wednesday,February,-21.68017578125,3805.2080200195314,0.0010087690809532646,0.0010082606153447803
2021-02-04,3836.659912109375,3872.419921875,3836.659912109375,3871.739990234375,4879240000.0,Thursday,February,18.669921875,3808.605517578125,0.010853322230420792,0.010794847643921975
2021-02-05,3878.300048828125,3894.56005859375,3874.929931640625,3886.830078125,4879470000.0,Friday,February,45.360107421875,3811.713024902344,0.003897495164625342,0.003889919607763825
2021-02-08,3892.590087890625,3915.77001953125,3892.590087890625,3915.590087890625,4648360000.0,Monday,February,60.22998046875,3817.5120239257812,0.007399348360373592,0.007372107476289037
2021-02-09,3910.489990234375,3918.35009765625,3902.639892578125,3911.22998046875,4568320000.0,Tuesday,February,61.60986328125,3823.014025878906,-0.0011135249921484514,-0.0011141454217211749
2021-02-10,3920.780029296875,3931.5,3884.93994140625,3909.8798828125,4837070000.0,Wednesday,February,159.10986328125,3828.016015625,-0.00034518493235935477,-0.0003452445223915674
2021-02-11,3916.39990234375,3925.989990234375,3890.389892578125,3916.3798828125,4590960000.0,Thursday,February,129.0,3834.0580078125,0.0016624551635393559,0.0016610748145877074
2021-02-12,3911.64990234375,3937.22998046875,3905.780029296875,3934.830078125,4135060000.0,Friday,February,220.590087890625,3842.38701171875,0.0047110331133788375,0.004699970926162608
2021-02-15,3911.64990234375,3937.22998046875,3905.780029296875,3934.830078125,4135060000.0,Monday,February,160.969970703125,3850.716015625,0.0,0.0
2021-02-16,3939.610107421875,3950.429931640625,3923.85009765625,3932.590087890625,5058990000.0,Tuesday,February,106.280029296875,3857.4000244140625,-0.0005692724183511411,-0.0005694345154154666
2021-02-17,3918.5,3933.610107421875,3900.429931640625,3931.330078125,4730650000.0,Wednesday,February,101.16015625,3861.3740234375,-0.0003204020092266724,-0.0003204533489169501
2021-02-18,3915.860107421875,3921.97998046875,3885.030029296875,3913.969970703125,4793650000.0,Thursday,February,42.22998046875,3864.4190185546877,-0.004415835627354592,-0.004425614227243303
2021-02-19,3921.159912109375,3930.409912109375,3903.070068359375,3906.7099609375,4845320000.0,Friday,February,19.8798828125,3867.681018066406,-0.0018548966445751658,-0.0018566190956649255
2021-02-22,3885.550048828125,3902.919921875,3874.7099609375,3876.5,5917100000.0,Monday,February,-39.090087890625,3868.7380126953126,-0.0077328394581538396,-0.007762892893710863
2021-02-23,3857.070068359375,3895.97998046875,3805.590087890625,3881.3701171875,6296610000.0,Tuesday,February,-29.85986328125,3870.3255126953127,0.0012563181187927874,0.0012555296115265332
2021-02-24,3873.7099609375,3928.64990234375,3859.60009765625,3925.429931640625,6012790000.0,Wednesday,February,15.550048828125,3879.0585083007813,0.01135161376597904,0.011287667670985945
2021-02-25,3915.800048828125,3925.02001953125,3814.0400390625,3829.340087890625,6547470000.0,Thursday,February,-87.039794921875,3881.1565185546874,-0.02447880752512621,-0.02478339442417185
2021-02-26,3839.659912109375,3861.080078125,3789.5400390625,3811.14990234375,6526070000.0,Friday,February,-123.68017578125,3886.0020141601562,-0.004750214169902844,-0.004761532293798778
2021-03-01,3842.510009765625,3914.5,3842.510009765625,3901.820068359375,5114820000.0,Monday,March,-33.010009765625,3892.400012207031,0.023790763506800205,0.02351217322569352
2021-03-02,3903.639892578125,3906.409912109375,3868.570068359375,3870.2900390625,5536010000.0,Tuesday,March,-62.300048828125,3894.599011230469,-0.008080851690870694,-0.008113678739508762
2021-03-03,3863.989990234375,3874.469970703125,3818.860107421875,3819.719970703125,6173660000.0,Wednesday,March,-111.610107421875,3894.076513671875,-0.01306622187199813,-0.01315233589480116
2021-03-04,3818.530029296875,3843.669921875,3723.340087890625,3768.469970703125,7195400000.0,Thursday,March,-145.5,3888.9130126953123,-0.013417213930100202,-0.013508038064390469
2021-03-05,3793.580078125,3851.68994140625,3730.18994140625,3841.93994140625,6851070000.0,Friday,March,-64.77001953125,3886.668505859375,0.01949596819778221,0.019308356338709188
2021-03-08,3844.389892578125,3881.06005859375,3819.25,3821.35009765625,5871710000.0,Monday,March,-55.14990234375,3881.956506347656,-0.005359231030161227,-0.005373643224025429
2021-03-09,3851.929931640625,3903.760009765625,3851.929931640625,3875.43994140625,5513560000.0,Tuesday,March,-5.93017578125,3880.1670043945314,0.01415464230382213,0.014055400743930569
2021-03-10,3891.989990234375,3917.35009765625,3885.72998046875,3898.81005859375,5847380000.0,Wednesday,March,-26.619873046875,3879.6135131835936,0.006030313342701321,0.006012203770988197
2021-03-11,3915.5400390625,3960.27001953125,3915.5400390625,3939.340087890625,5312880000.0,Thursday,March,110.0,3880.7615234375,0.010395487004435822,0.010341825500657608
2021-03-12,3924.52001953125,3944.989990234375,3915.2099609375,3943.340087890625,4476280000.0,Friday,March,132.190185546875,3881.1870239257814,0.0010153984958789497,0.0010148833275308508
2021-03-15,3942.9599609375,3970.080078125,3923.5400390625,3968.93994140625,4900100000.0,Monday,March,67.119873046875,3882.8925170898438,0.006491921301497117,0.006470939539413048
2021-03-16,3973.590087890625,3981.0400390625,3953.43994140625,3962.7099609375,4613080000.0,Tuesday,March,92.419921875,3884.3985107421877,-0.0015696837343783798,-0.0015709169785959108
2021-03-17,3949.570068359375,3983.8701171875,3935.739990234375,3974.1201171875,4561660000.0,Wednesday,March,154.400146484375,3886.5380126953123,0.00287938213053085,0.0028752446501592592
2021-03-18,3953.5,3969.6201171875,3910.860107421875,3915.4599609375,5118590000.0,Thursday,March,146.989990234375,3886.612512207031,-0.014760539319459198,-0.014870560065947797
2021-03-19,3913.139892578125,3930.1201171875,3886.75,3913.10009765625,7757420000.0,Friday,March,71.16015625,3886.932019042969,-0.0006027039747036333,-0.0006028856737550234
2021-03-22,3916.47998046875,3955.31005859375,3914.159912109375,3940.590087890625,4316260000.0,Monday,March,119.239990234375,3890.1365234375,0.007025118077311765,0.007000556898342752
2021-03-23,3937.60009765625,3949.1298828125,3901.570068359375,3910.52001953125,4669010000.0,Tuesday,March,35.080078125,3891.5940185546874,-0.007630854183940605,-0.007660118119334028
2021-03-24,3919.929931640625,3942.080078125,3889.070068359375,3889.139892578125,4783020000.0,Wednesday,March,-9.670166015625,3889.7795166015626,-0.00546733601831495,-0.00548233660034883
2021-03-25,3879.340087890625,3919.5400390625,3853.5,3909.52001953125,4948340000.0,Thursday,March,-29.820068359375,3893.7885131835938,0.005240265846959469,0.005226583432729291
2021-03-26,3917.1201171875,3978.18994140625,3917.1201171875,3974.5400390625,5483160000.0,Friday,March,31.199951171875,3901.9580200195314,0.016631202604519668,0.016494418658716575
2021-03-29,3969.31005859375,3981.830078125,3943.25,3971.090087890625,4628180000.0,Monday,March,2.150146484375,3905.421520996094,-0.0008680126852336212,-0.0008683896263867381
2021-03-30,3963.340087890625,3968.010009765625,3944.35009765625,3958.550048828125,4121510000.0,Tuesday,March,-4.159912109375,3909.834521484375,-0.0031578329337678124,-0.0031628294096500294
2021-03-31,3967.25,3994.409912109375,3966.97998046875,3972.889892578125,4578050000.0,Wednesday,March,-1.230224609375,3917.493017578125,0.0036224990395776757,0.003615953592419885
2021-04-01,3992.780029296875,4020.6298828125,3992.780029296875,4019.8701171875,4162130000.0,Thursday,April,104.41015625,3930.063024902344,0.011825201774944727,0.011755830427674127
2021-04-02,3992.780029296875,4020.6298828125,3992.780029296875,4019.8701171875,4162130000.0,Friday,April,106.77001953125,3938.9595336914062,0.0,0.0
2021-04-05,4034.43994140625,4083.419921875,4034.43994140625,4077.909912109375,4005030000.0,Monday,April,137.31982421875,3951.7875244140623,0.014438226417743616,0.0143349877622439
2021-04-06,4075.570068359375,4086.22998046875,4068.139892578125,4073.93994140625,4081270000.0,Tuesday,April,163.419921875,3961.7125244140625,-0.0009735307519511682,-0.0009740049407969285
2021-04-07,4074.2900390625,4083.1298828125,4068.31005859375,4079.949951171875,4120810000.0,Wednesday,April,190.81005859375,3970.7695190429686,0.001475232784985625,0.0014741456981068137
2021-04-08,4089.949951171875,4098.18994140625,4082.5400390625,4097.169921875,3907100000.0,Thursday,April,187.64990234375,3978.6610107421875,0.0042206328286402695,0.004211750940591775
2021-04-09,4096.10986328125,4129.47998046875,4095.510009765625,4128.7998046875,3640390000.0,Friday,April,154.259765625,3987.9339965820313,0.007719934348738189,0.007690288135687276
2021-04-12,4124.7099609375,4131.759765625,4114.81982421875,4127.990234375,3588900000.0,Monday,April,156.900146484375,3995.886511230469,-0.00019607884876882142,-0.0001960980747395339
2021-04-13,4130.10009765625,4148.0,4124.43017578125,4141.58984375,3734720000.0,Tuesday,April,183.039794921875,4004.8305053710938,0.0032944868090414303,0.0032890718770625686
2021-04-14,4141.580078125,4151.68994140625,4120.8701171875,4124.66015625,3985350000.0,Wednesday,April,151.770263671875,4012.3575073242187,-0.004087726727828533,-0.004096104320730151
2021-04-15,4139.759765625,4173.490234375,4139.759765625,4170.419921875,4033420000.0,Thursday,April,150.5498046875,4025.105505371094,0.01109419052516647,0.011033101401119478
2021-04-16,4174.14013671875,4191.31005859375,4170.75,4185.47021484375,4163820000.0,Friday,April,165.60009765625,4038.724011230469,0.0036088195555097347,0.0036023233905179666
2021-04-19,4179.7998046875,4180.81005859375,4150.47021484375,4163.259765625,3810290000.0,Monday,April,85.349853515625,4049.8574951171877,-0.005306560094486046,-0.005320689893757947
2021-04-20,4159.18017578125,4159.18017578125,4118.3798828125,4134.93994140625,4342650000.0,Tuesday,April,61.0,4061.0784912109375,-0.006802319771775922,-0.006825561005077803
2021-04-21,4128.419921875,4175.02001953125,4126.35009765625,4173.419921875,3887250000.0,Wednesday,April,93.469970703125,4075.2924926757814,0.009306055472153574,0.009263020919853236
2021-04-22,4170.4599609375,4179.56982421875,4123.68994140625,4134.97998046875,4245140000.0,Thursday,April,37.81005859375,4086.5654907226562,-0.009210657476561801,-0.009253337860554323
2021-04-23,4138.77978515625,4194.169921875,4138.77978515625,4180.169921875,3569880000.0,Friday,April,51.3701171875,4096.846984863281,0.010928696540176919,0.01086940989553096
2021-04-26,4185.02978515625,4194.18994140625,4182.35986328125,4187.6201171875,3748320000.0,Monday,April,59.6298828125,4107.673486328125,0.001782270924804541,0.001780684564582624
2021-04-27,4188.25,4193.35009765625,4176.22021484375,4186.72021484375,3710700000.0,Tuesday,April,45.13037109375,4119.081994628907,-0.00021489588801437698,-0.0002149189814442344
2021-04-28,4185.14013671875,4201.52978515625,4181.77978515625,4183.18017578125,3787360000.0,Wednesday,April,58.52001953125,4129.596508789063,-0.0008455399168898481,-0.0008458975873960478
2021-04-29,4206.14013671875,4218.77978515625,4176.81005859375,4211.47021484375,4298680000.0,Thursday,April,41.05029296875,4139.176513671875,0.006762806734045723,0.0067400415367024095
2021-04-30,4198.10009765625,4198.10009765625,4174.85009765625,4181.169921875,4300880000.0,Friday,April,-4.30029296875,4147.24150390625,-0.007194706699326425,-0.0072207134171198275
2021-05-03,4191.97998046875,4209.39013671875,4188.02978515625,4192.66015625,4070220000.0,Monday,May,29.400390625,4152.979016113281,0.002748090747253684,0.002744321649512167
2021-05-04,4179.0400390625,4179.0400390625,4128.58984375,4164.66015625,4452460000.0,Tuesday,May,29.72021484375,4157.515026855469,-0.006678337608227225,-0.0067007374898472305
2021-05-05,4177.06005859375,4187.72021484375,4160.93994140625,4167.58984375,4230920000.0,Wednesday,May,-5.830078125,4161.897021484375,0.0007034637617677753,0.0007032164471135163
2021-05-06,4169.14013671875,4202.7001953125,4147.330078125,4201.6201171875,4511000000.0,Thursday,May,66.64013671875,4167.11953125,0.008165456466051824,0.008132299498632055
2021-05-07,4210.33984375,4238.0400390625,4201.64013671875,4232.60009765625,4016080000.0,Friday,May,52.43017578125,4172.309545898437,0.007373341616968343,0.007346291419186351
2021-05-10,4228.2900390625,4236.39013671875,4188.1298828125,4188.43017578125,4560700000.0,Monday,May,0.81005859375,4175.33154296875,-0.010435647322188157,-0.010490480503138024
2021-05-11,4150.33984375,4162.0400390625,4111.52978515625,4152.10009765625,4870710000.0,Tuesday,May,-34.6201171875,4175.8570556640625,-0.00867391280271812,-0.008711750141781542
2021-05-12,4130.5498046875,4134.72998046875,4056.8798828125,4063.0400390625,4733070000.0,Wednesday,May,-120.14013671875,4172.776049804687,-0.021449400664502738,-0.021682782358302413
2021-05-13,4074.989990234375,4131.580078125,4074.989990234375,4112.5,4779540000.0,Thursday,May,-98.97021484375,4169.880053710937,0.012173141406923493,0.012099644578094055
2021-05-14,4129.580078125,4183.1298828125,4129.580078125,4173.85009765625,4008880000.0,Friday,May,-7.31982421875,4169.299047851562,0.014917956876899785,0.014807778563623631
2021-05-17,4169.919921875,4171.919921875,4142.68994140625,4163.2900390625,4125050000.0,Monday,May,-29.3701171875,4169.300561523438,-0.0025300521932207776,-0.002533258183961915
2021-05-18,4165.93994140625,4169.14990234375,4125.990234375,4127.830078125,4398150000.0,Tuesday,May,-36.830078125,4168.945068359375,-0.008517292959364653,-0.0085537723840327
2021-05-19,4098.4501953125,4116.93017578125,4061.409912109375,4115.68017578125,4247450000.0,Wednesday,May,-51.90966796875,4166.058081054687,-0.002943411456817757,-0.002947751811378411
2021-05-20,4121.97021484375,4172.7998046875,4121.97021484375,4159.1201171875,3978880000.0,Thursday,May,-42.5,4167.265087890625,0.010554741756143349,0.01049942933450842
2021-05-21,4168.60986328125,4188.72021484375,4151.72021484375,4155.85986328125,3995250000.0,Friday,May,-76.740234375,4166.049584960938,-0.0007838806801412357,-0.0007841880752528091
2021-05-24,4170.16015625,4209.52001953125,4170.16015625,4197.0498046875,3684800000.0,Monday,May,8.61962890625,4166.521069335938,0.009911292190138532,0.009862497481216075
2021-05-25,4205.93994140625,4213.419921875,4182.52001953125,4188.1298828125,4182250000.0,Tuesday,May,36.02978515625,4166.591552734375,-0.0021252837802967495,-0.002127545400828599
2021-05-26,4191.58984375,4202.60986328125,4184.10986328125,4195.990234375,4420890000.0,Wednesday,May,132.9501953125,4167.2320556640625,0.0018768165702687245,0.0018750575506104544
2021-05-27,4201.93994140625,4213.3798828125,4197.77978515625,4200.8798828125,6406310000.0,Thursday,May,88.3798828125,4166.7025390625,0.0011653145418315525,0.001164636089862995
2021-05-28,4210.77001953125,4218.35986328125,4203.56982421875,4204.10986328125,4649250000.0,Friday,May,30.259765625,4167.849536132812,0.0007688818911402162,0.000768586452887337
2021-05-31,4210.77001953125,4218.35986328125,4203.56982421875,4204.10986328125,4649250000.0,Monday,May,40.81982421875,4168.422021484375,0.0,0.0
2021-06-01,4216.52001953125,4234.1201171875,4197.58984375,4202.0400390625,5074670000.0,Tuesday,June,74.2099609375,4170.291015625,-0.0004923335226864056,-0.0004924547586291649
2021-06-02,4206.81982421875,4217.3701171875,4198.27001953125,4208.1201171875,5833670000.0,Wednesday,June,92.43994140625,4172.317529296875,0.0014469348384307246,0.0014458890369002922
2021-06-03,4191.43017578125,4204.39013671875,4167.93017578125,4192.85009765625,5587970000.0,Thursday,June,33.72998046875,4171.8790283203125,-0.0036287033416374515,-0.003635303056049319
2021-06-04,4206.0498046875,4233.4501953125,4206.0498046875,4229.89013671875,4139790000.0,Friday,June,74.0302734375,4171.7435302734375,0.008834095710505974,0.008795303383016323
2021-06-07,4229.33984375,4232.33984375,4215.66015625,4226.52001953125,4476920000.0,Monday,June,29.47021484375,4173.648022460938,-0.0007967387044511831,-0.0007970562694215079
2021-06-08,4233.81005859375,4236.740234375,4208.41015625,4227.259765625,4659620000.0,Tuesday,June,39.1298828125,4177.406005859375,0.00017502486450582388,0.00017500954944121158
2021-06-09,4232.990234375,4237.08984375,4218.740234375,4219.5498046875,4713260000.0,Wednesday,June,23.5595703125,4185.231494140625,-0.0018238673194856947,-0.0018255325906156837
2021-06-10,4228.56005859375,4249.740234375,4220.33984375,4239.18017578125,4408210000.0,Thursday,June,38.30029296875,4191.565502929688,0.004652243012262192,0.004641454776462911
2021-06-11,4242.89990234375,4248.3798828125,4232.25,4247.43994140625,3815010000.0,Friday,June,43.330078125,4195.2449951171875,0.0019484346695590737,0.0019465389328083601
2021-06-14,4248.31005859375,4255.58984375,4234.06982421875,4255.14990234375,4151200000.0,Monday,June,51.0400390625,4199.83798828125,0.0018152018730952513,0.0018135563851361702
2021-06-15,4255.27978515625,4257.16015625,4238.35009765625,4246.58984375,4048940000.0,Tuesday,June,44.5498046875,4205.7759765625,-0.0020116937805257917,-0.00201371995427588
2021-06-16,4248.8701171875,4251.89013671875,4202.4501953125,4223.7001953125,4538350000.0,Wednesday,June,15.580078125,4211.176977539062,-0.005390124612855707,-0.005404703747026491
2021-06-17,4220.3701171875,4232.2900390625,4196.0498046875,4221.85986328125,5312680000.0,Thursday,June,29.009765625,4214.31396484375,-0.00043571559205179966,-0.00043581054367264766
2021-06-18,4204.77978515625,4204.77978515625,4164.39990234375,4166.4501953125,6817010000.0,Friday,June,-63.43994140625,4214.843481445312,-0.013124468779900589,-0.013211355687284158
2021-06-21,4173.39990234375,4226.240234375,4173.39990234375,4224.7900390625,4128950000.0,Monday,June,-1.72998046875,4216.230493164063,0.014002289962720793,0.013905163512319857
2021-06-22,4224.60986328125,4255.83984375,4217.27001953125,4246.43994140625,3828390000.0,Tuesday,June,19.18017578125,4219.14599609375,0.005124491902218642,0.005111406378990611
2021-06-23,4249.27001953125,4256.60009765625,4241.43017578125,4241.83984375,3730350000.0,Wednesday,June,22.2900390625,4221.4384765625,-0.0010832833431588806,-0.0010838705186495853
2021-06-24,4256.97021484375,4271.27978515625,4256.97021484375,4266.490234375,3816660000.0,Thursday,June,27.31005859375,4224.718994140625,0.005811249724885448,0.005794429545916893
2021-06-25,4274.4501953125,4286.1201171875,4271.16015625,4280.7001953125,7341450000.0,Friday,June,33.26025390625,4228.548510742187,0.0033305973193167304,0.003325063164687565
2021-06-28,4284.89990234375,4292.14013671875,4274.669921875,4290.60986328125,4147890000.0,Monday,June,35.4599609375,4232.873510742187,0.0023149642620619026,0.0023122888604717494
2021-06-29,4293.2099609375,4300.52001953125,4287.0400390625,4291.7998046875,3707150000.0,Tuesday,June,45.2099609375,4237.361499023437,0.00027733619326086867,0.0002772977426878152
2021-06-30,4290.64990234375,4302.43017578125,4287.9599609375,4297.5,4266040000.0,Wednesday,June,73.7998046875,4241.830493164062,0.0013281596467464851,0.0013272784229071918
2021-07-01,4300.72998046875,4320.66015625,4300.72998046875,4319.93994140625,3788230000.0,Thursday,July,98.080078125,4248.184985351562,0.0052216268542757405,0.005208041432254744
2021-07-02,4326.60009765625,4355.43017578125,4326.60009765625,4352.33984375,3225840000.0,Friday,July,185.8896484375,4254.307470703125,0.007500081663913916,0.007472095894691671
2021-07-05,4326.60009765625,4355.43017578125,4326.60009765625,4352.33984375,3225840000.0,Monday,July,127.5498046875,4260.598461914063,0.0,0.0
2021-07-06,4356.4599609375,4356.4599609375,4314.3701171875,4343.5400390625,4309570000.0,Tuesday,July,97.10009765625,4266.4124755859375,-0.0020218560598241897,-0.0020239027700217787
2021-07-07,4351.009765625,4361.8798828125,4329.7900390625,4358.1298828125,4037380000.0,Wednesday,July,116.2900390625,4273.341479492187,0.003358975310182588,0.0033533465536629346
2021-07-08,4321.06982421875,4330.8798828125,4289.3701171875,4320.81982421875,4347500000.0,Thursday,July,54.32958984375,4277.4234619140625,-0.008561024934316985,-0.008597881009556396
2021-07-09,4329.3798828125,4371.60009765625,4329.3798828125,4369.5498046875,3531120000.0,Friday,July,88.849609375,4283.528955078125,0.011277947808795874,0.011214825902413766
2021-07-12,4372.41015625,4386.68017578125,4364.02978515625,4384.6298828125,3384460000.0,Monday,July,94.02001953125,4290.002954101563,0.0034511743312370946,0.0034452326955940497
2021-07-13,4381.06982421875,4392.3701171875,4366.919921875,4369.2099609375,3695430000.0,Tuesday,July,77.41015625,4296.133959960937,-0.0035168126585656267,-0.0035230111811655838
2021-07-14,4380.10986328125,4393.68017578125,4362.35986328125,4374.2998046875,4006370000.0,Wednesday,July,76.7998046875,4303.6639404296875,0.0011649345752446916,0.0011642565654693257
2021-07-15,4369.02001953125,4369.02001953125,4340.7001953125,4360.02978515625,3905230000.0,Thursday,July,40.08984375,4310.572436523437,-0.0032622408541723713,-0.0032675735627459117
2021-07-16,4367.43017578125,4375.08984375,4322.52978515625,4327.16015625,3985700000.0,Friday,July,-25.1796875,4318.607934570313,-0.007538854211077806,-0.007567415006813217
2021-07-19,4296.39990234375,4296.39990234375,4233.1298828125,4258.490234375,5157660000.0,Monday,July,-93.849609375,4320.292944335937,-0.015869512427409305,-0.015996781399983978
2021-07-20,4265.10986328125,4336.83984375,4262.0498046875,4323.06005859375,4438270000.0,Tuesday,July,-20.47998046875,4324.123950195312,0.015162609437855634,0.0150488060047999
2021-07-21,4331.1298828125,4359.7001953125,4331.1298828125,4358.68994140625,3810280000.0,Wednesday,July,0.56005859375,4329.966455078125,0.008241819990835397,0.008208041662144044
2021-07-22,4361.27001953125,4369.8701171875,4350.06005859375,4367.47998046875,3358300000.0,Thursday,July,46.66015625,4335.015942382813,0.0020166699583279435,0.0020146392092429753
2021-07-23,4381.2001953125,4415.18017578125,4381.2001953125,4411.7900390625,4540070000.0,Friday,July,42.240234375,4341.5704345703125,0.010145452020822843,0.010094332386254415
2021-07-26,4409.580078125,4422.72998046875,4405.4501953125,4422.2998046875,4275630000.0,Monday,July,37.669921875,4348.154931640625,0.0023821998626283314,0.0023793669227295928
2021-07-27,4416.3798828125,4416.3798828125,4372.509765625,4401.4599609375,4241950000.0,Tuesday,July,32.25,4353.637939453125,-0.0047124448070912095,-0.004723583382178003
2021-07-28,4402.9501953125,4415.47021484375,4387.009765625,4400.64013671875,4215290000.0,Wednesday,July,26.34033203125,4358.794946289063,-0.0001862618826539153,-0.000186279231552706
2021-07-29,4403.58984375,4429.97021484375,4403.58984375,4419.14990234375,4044600000.0,Thursday,July,59.1201171875,4363.755444335938,0.004206152980007483,0.004197331845272641
2021-07-30,4395.1201171875,4412.25,4389.64990234375,4395.259765625,3956740000.0,Friday,July,68.099609375,4365.901440429688,-0.0054060480514769305,-0.005420713608261166
2021-08-02,4406.85986328125,4422.18017578125,4384.81005859375,4387.16015625,3724090000.0,Monday,August,128.669921875,4367.6424560546875,-0.001842805614891363,-0.001844505670060361
2021-08-03,4392.740234375,4423.7900390625,4373.0,4423.14990234375,3965190000.0,Tuesday,August,100.08984375,4371.62294921875,0.0082034265474622,0.008169961338918062
2021-08-04,4415.9501953125,4416.169921875,4400.22998046875,4402.66015625,4260760000.0,Wednesday,August,43.97021484375,4373.849462890625,-0.004632387901412294,-0.004643150661295458
2021-08-05,4408.85986328125,4429.759765625,4408.85986328125,4429.10009765625,3769410000.0,Thursday,August,61.6201171875,4379.2634765625,0.006005446813494242,0.005987485990419113
2021-08-06,4429.06982421875,4440.81982421875,4429.06982421875,4436.52001953125,3451870000.0,Friday,August,24.72998046875,4382.611987304687,0.001675266241764728,0.0016738645485288822
2021-08-09,4437.77001953125,4439.39013671875,4424.740234375,4432.35009765625,3449280000.0,Monday,August,10.05029296875,4384.997998046875,-0.0009399082741974318,-0.0009403502649549345
2021-08-10,4435.7900390625,4445.2099609375,4430.02978515625,4436.75,3886610000.0,Tuesday,August,35.2900390625,4388.375,0.0009926793341701323,0.0009921869538634502
2021-08-11,4442.18017578125,4449.43994140625,4436.419921875,4442.41015625,3532560000.0,Wednesday,August,41.77001953125,4391.780517578125,0.0012757437876824707,0.0012749307180154837
2021-08-12,4446.080078125,4461.77001953125,4435.9599609375,4460.830078125,3375310000.0,Thursday,August,41.68017578125,4396.820532226562,0.004146380281677686,0.00413780773547866
2021-08-13,4464.83984375,4468.3701171875,4460.81982421875,4468.0,3016470000.0,Friday,August,72.740234375,4403.862524414062,0.001607306655808216,0.0016060163209228441
2021-08-16,4461.64990234375,4480.259765625,4437.66015625,4479.7099609375,3370640000.0,Monday,August,92.5498046875,4414.923510742187,0.002620850702215849,0.0026174222619943593
2021-08-17,4462.1201171875,4462.1201171875,4417.830078125,4448.080078125,3836960000.0,Tuesday,August,24.93017578125,4421.17451171875,-0.00706069881494753,-0.007085743507137991
2021-08-18,4440.93994140625,4454.31982421875,4397.58984375,4400.27001953125,3755590000.0,Wednesday,August,-2.39013671875,4423.253515625,-0.010748470745585936,-0.01080665284525433
2021-08-19,4382.43994140625,4418.60986328125,4367.72998046875,4405.7998046875,4398410000.0,Thursday,August,-23.30029296875,4425.169506835938,0.0012566922329095842,0.001255903256156918
2021-08-20,4410.56005859375,4444.35009765625,4406.7998046875,4441.669921875,3652610000.0,Friday,August,5.14990234375,4426.663500976562,0.008141567655737925,0.00810860389074176
2021-08-23,4450.2900390625,4489.8798828125,4450.2900390625,4479.52978515625,3576530000.0,Monday,August,47.1796875,4429.525,0.00852379036424833,0.008487667984412181
2021-08-24,4484.39990234375,4492.81005859375,4482.27978515625,4486.22998046875,3979220000.0,Tuesday,August,49.47998046875,4433.763500976563,0.0014957363013194946,0.0014946188019620721
2021-08-25,4490.4501953125,4501.7099609375,4485.66015625,4496.18994140625,3444700000.0,Wednesday,August,53.77978515625,4438.540991210937,0.002220118224179668,0.00221765740325088
2021-08-26,4493.75,4495.89990234375,4468.990234375,4470.0,3263980000.0,Thursday,August,9.169921875,4441.08349609375,-0.005824918819612557,-0.0058419498276026565
2021-08-27,4474.10009765625,4513.330078125,4474.10009765625,4509.3701171875,3331200000.0,Friday,August,41.3701171875,4446.789013671875,0.008807632480425154,0.008769071540452218
2021-08-30,4513.759765625,4537.35986328125,4513.759765625,4528.7900390625,3168660000.0,Monday,August,49.080078125,4453.8705078125,0.004306570844779589,0.0042973241068746
2021-08-31,4529.75,4531.39013671875,4515.7998046875,4522.68017578125,4290710000.0,Tuesday,August,74.60009765625,4458.847021484375,-0.0013491160395050494,-0.0013500269158932096
2021-09-01,4528.7998046875,4537.10986328125,4522.02001953125,4524.08984375,4057340000.0,Wednesday,September,123.81982421875,4464.918505859375,0.0003116886257619189,0.00031164006095334113
2021-09-02,4534.47998046875,4545.85009765625,4524.66015625,4536.9501953125,3735990000.0,Thursday,September,131.150390625,4470.311010742187,0.002842638410522902,0.002838605754404257
2021-09-03,4532.419921875,4541.4501953125,4521.2998046875,4535.43017578125,3217530000.0,Friday,September,93.76025390625,4475.256518554687,-0.0003350311257153127,-0.0003350872611813474
2021-09-06,4532.419921875,4541.4501953125,4521.2998046875,4535.43017578125,3217530000.0,Monday,September,55.900390625,4480.4105224609375,0.0,0.0
2021-09-07,4535.3798828125,4535.3798828125,4513.0,4520.02978515625,3822960000.0,Tuesday,September,33.7998046875,4484.57451171875,-0.003395574405981705,-0.0034013524523203464
2021-09-08,4518.08984375,4521.7900390625,4493.9501953125,4514.06982421875,3750880000.0,Wednesday,September,17.8798828125,4488.157495117188,-0.001318566739775151,-0.001319436813816666
2021-09-09,4513.02001953125,4529.89990234375,4492.06982421875,4493.27978515625,3735390000.0,Thursday,September,23.27978515625,4489.77998046875,-0.004605608657393345,-0.004616247150002522
2021-09-10,4506.919921875,4520.47021484375,4457.66015625,4458.580078125,3623180000.0,Friday,September,-50.7900390625,4489.308984375,-0.007722578759925436,-0.0077525522862761
2021-09-13,4474.81005859375,4492.990234375,4445.7001953125,4468.72998046875,3914220000.0,Monday,September,-60.06005859375,4488.759985351562,0.0022764876184568905,0.002273900346369644
2021-09-14,4479.330078125,4485.68017578125,4435.4599609375,4443.0498046875,3670460000.0,Tuesday,September,-79.63037109375,4488.508471679687,-0.00574663850657553,-0.005763213966258604
2021-09-15,4447.490234375,4486.8701171875,4438.3701171875,4480.7001953125,4032020000.0,Wednesday,September,-43.3896484375,4492.52998046875,0.008473996979569742,0.008438294222079725
2021-09-16,4477.08984375,4485.8701171875,4443.7998046875,4473.75,3984560000.0,Thursday,September,-63.2001953125,4495.927490234375,-0.0015511404489350067,-0.0015523447127638308
2021-09-17,4469.740234375,4471.52001953125,4427.759765625,4432.990234375,7289530000.0,Friday,September,-102.43994140625,4495.493505859375,-0.009110872450405094,-0.0091526302757993
2021-09-20,4402.9501953125,4402.9501953125,4305.91015625,4357.72998046875,4898070000.0,Monday,September,-177.7001953125,4489.403515625,-0.01697731100841482,-0.017123077726381844
2021-09-21,4374.4501953125,4394.8701171875,4347.9599609375,4354.18994140625,3920920000.0,Tuesday,September,-165.83984375,4482.801513671875,-0.0008123585165593639,-0.0008126886585469564
2021-09-22,4367.43017578125,4416.75,4367.43017578125,4395.64013671875,3939170000.0,Wednesday,September,-118.4296875,4477.7740234375,0.009519611195260236,0.009474585224220084
2021-09-23,4406.75,4465.39990234375,4406.75,4448.97998046875,3916350000.0,Thursday,September,-44.2998046875,4476.7230224609375,0.012134715784494876,0.012061680369935969
2021-09-24,4438.0400390625,4463.1201171875,4430.27001953125,4455.47998046875,3384290000.0,Friday,September,-3.10009765625,4474.028515625,0.001461009046688222,0.0014599428113642636
2021-09-27,4442.1201171875,4457.2998046875,4436.18994140625,4443.10986328125,4058650000.0,Monday,September,-25.6201171875,4469.7445068359375,-0.0027763826213396126,-0.002780243920187674
2021-09-28,4419.5400390625,4419.5400390625,4346.330078125,4352.6298828125,4416550000.0,Tuesday,September,-90.419921875,4461.2419921875,-0.020364110556098214,-0.020574317739894057
2021-09-29,4362.41015625,4385.56982421875,4355.080078125,4359.4599609375,3712660000.0,Wednesday,September,-121.240234375,4453.010498046875,0.0015691842194003325,0.0015679543362838073
2021-09-30,4370.669921875,4382.5498046875,4306.240234375,4307.5400390625,4448140000.0,Thursday,September,-166.2099609375,4441.539990234375,-0.011909714125195148,-0.011981202945014901
2021-10-01,4317.16015625,4375.18994140625,4288.52001953125,4357.0400390625,4010370000.0,Friday,October,-75.9501953125,4432.6204833984375,0.01149147763018199,0.011425952113334161
2021-10-04,4348.83984375,4355.509765625,4278.93994140625,4300.4599609375,4307870000.0,Monday,October,-57.27001953125,4420.87197265625,-0.012985898136748442,-0.013070952048643704
2021-10-05,4309.8701171875,4369.22998046875,4309.8701171875,4345.72021484375,3902890000.0,Tuesday,October,-8.4697265625,4412.156494140625,0.010524514660609219,0.010469517498601526
2021-10-06,4319.56982421875,4365.56982421875,4290.490234375,4363.5498046875,4009630000.0,Wednesday,October,-32.09033203125,4404.6304931640625,0.004102792854185466,0.004094399349624824
2021-10-07,4383.72998046875,4429.97021484375,4383.72998046875,4399.759765625,3843740000.0,Thursday,October,-49.22021484375,4399.9544921875,0.008298280656405366,0.008264039225065405
2021-10-08,4406.509765625,4412.02001953125,4386.22021484375,4391.33984375,3280160000.0,Friday,October,-64.14013671875,4396.59248046875,-0.0019137230947889883,-0.0019155566024214522
2021-10-11,4385.43994140625,4415.8798828125,4360.58984375,4361.18994140625,3281970000.0,Monday,October,-81.919921875,4391.215478515625,-0.006865763848056816,-0.006889441644339833
2021-10-12,4368.31005859375,4374.89013671875,4342.08984375,4350.64990234375,3558450000.0,Tuesday,October,-1.97998046875,4386.595483398438,-0.0024167805585421087,-0.0024197056865549256
2021-10-13,4358.009765625,4372.8701171875,4329.919921875,4363.7998046875,3620070000.0,Wednesday,October,4.33984375,4380.750463867187,0.00302251448379387,0.0030179558702319183
2021-10-14,4386.75,4439.72998046875,4386.75,4438.259765625,3598280000.0,Thursday,October,130.7197265625,4378.9759521484375,0.01706310194558336,0.016919162285711567
2021-10-15,4447.68994140625,4475.81982421875,4447.68994140625,4471.3701171875,3819380000.0,Friday,October,114.330078125,4380.894946289062,0.007460210377712606,0.007432520637190081
2021-10-18,4463.72021484375,4488.75,4447.47021484375,4486.4599609375,3662010000.0,Monday,October,186.0,4387.3314453125,0.00337476955709759,0.0033690878018038262
2021-10-19,4497.33984375,4520.39990234375,4496.41015625,4519.6298828125,3459130000.0,Tuesday,October,173.90966796875,4395.603442382812,0.007393339551406308,0.007366142784235753
2021-10-20,4524.419921875,4540.8701171875,4524.39990234375,4536.18994140625,3670760000.0,Wednesday,October,172.64013671875,4402.630932617188,0.0036640298040166996,0.003657333598560689
2021-10-21,4532.240234375,4551.43994140625,4526.89013671875,4549.77978515625,3822330000.0,Thursday,October,150.02001953125,4407.670922851563,0.002995871849622578,0.002991393168360022
2021-10-22,4546.1201171875,4559.669921875,4524.0,4544.89990234375,3758220000.0,Friday,October,153.56005859375,4412.141918945313,-0.0010725536274130976,-0.0010731292246643565
2021-10-25,4553.68994140625,4572.6201171875,4537.35986328125,4566.47998046875,3899400000.0,Monday,October,205.2900390625,4418.3104248046875,0.004748196569493546,0.004736959440853509
2021-10-26,4578.68994140625,4598.52978515625,4569.169921875,4574.7900390625,3879740000.0,Tuesday,October,224.14013671875,4429.418432617187,0.0018197952535197182,0.0018181414322441137
2021-10-27,4580.22021484375,4584.56982421875,4551.66015625,4551.68017578125,4226050000.0,Wednesday,October,187.88037109375,4439.029443359375,-0.005051568068462853,-0.0050643703711055294
2021-10-28,4562.83984375,4597.5498046875,4562.83984375,4596.419921875,4132950000.0,Thursday,October,158.16015625,4453.4734375,0.009829281576461124,0.009781288424184026
2021-10-29,4572.8701171875,4608.080078125,4567.58984375,4605.3798828125,4510200000.0,Friday,October,134.009765625,4465.8904296875,0.001949334719149265,0.0019474372317175562
2021-11-01,4610.6201171875,4620.33984375,4595.06005859375,4613.669921875,3971540000.0,Monday,November,127.2099609375,4481.550927734375,0.0018000771431341267,0.0017984589459023885
2021-11-02,4613.33984375,4635.14990234375,4613.33984375,4630.64990234375,3975250000.0,Tuesday,November,111.02001953125,4495.797412109375,0.0036803630854131963,0.003673607120388547
2021-11-03,4630.64990234375,4663.4599609375,4621.18994140625,4660.56982421875,4319660000.0,Wednesday,November,124.3798828125,4510.648413085937,0.006461279195357994,0.00644049461289024
2021-11-04,4662.93017578125,4683.0,4662.58984375,4680.06005859375,4462300000.0,Thursday,November,130.2802734375,4524.663427734375,0.004181942361150437,0.004173222342817036
2021-11-05,4699.259765625,4718.5,4681.31982421875,4697.52978515625,4467180000.0,Friday,November,152.6298828125,4539.972924804688,0.003732799652949259,0.003725850045284445
2021-11-08,4701.47998046875,4714.919921875,4694.39013671875,4701.7001953125,4269710000.0,Monday,November,135.22021484375,4556.9984375,0.0008877879113036169,0.0008873940607025194
2021-11-09,4707.25,4708.52978515625,4670.8701171875,4685.25,4117080000.0,Tuesday,November,110.4599609375,4573.728442382812,-0.003498775895770745,-0.0035049109264001276
2021-11-10,4670.259765625,4684.85009765625,4630.85986328125,4646.7099609375,4503720000.0,Wednesday,November,95.02978515625,4587.873950195312,-0.008225823395229703,-0.008259842163861058
2021-11-11,4659.39013671875,4664.5498046875,4648.31005859375,4649.27001953125,3926870000.0,Thursday,November,52.85009765625,4598.424462890625,0.0005509400447352153,0.0005507883329889288
2021-11-12,4655.240234375,4688.47021484375,4650.77001953125,4682.85009765625,3728600000.0,Friday,November,77.47021484375,4608.998461914062,0.007222656026415475,0.007196697564130407
2021-11-15,4689.2998046875,4697.419921875,4672.85986328125,4682.7998046875,3488410000.0,Monday,November,69.1298828125,4618.815454101563,-1.0739820344718431e-05,-1.0739878017001878e-05
2021-11-16,4679.419921875,4714.9501953125,4679.419921875,4700.89990234375,3972640000.0,Tuesday,November,70.25,4627.878955078125,0.003865229864862485,0.0038577790571266367
2021-11-17,4701.5,4701.5,4684.41015625,4688.669921875,3969070000.0,Wednesday,November,28.10009765625,4635.502954101563,-0.002601625374463401,-0.0026050154828958787
2021-11-18,4700.72021484375,4708.7998046875,4672.77978515625,4704.5400390625,4226410000.0,Thursday,November,24.47998046875,4643.240966796875,0.0033847802152713324,0.0033790647401719144
2021-11-19,4708.43994140625,4717.75,4694.22021484375,4697.9599609375,4253180000.0,Friday,November,0.43017578125,4650.893969726562,-0.001398665559303236,-0.001399644604988097
2021-11-22,4712.0,4743.830078125,4682.169921875,4682.93994140625,4441100000.0,Monday,November,-18.76025390625,4656.716967773437,-0.0031971365563219223,-0.003202258316960725
2021-11-23,4678.47998046875,4699.39013671875,4652.66015625,4690.7001953125,4277590000.0,Tuesday,November,5.4501953125,4662.512475585938,0.001657132912945114,0.001655761383195201
2021-11-24,4675.77978515625,4702.8701171875,4659.89013671875,4701.4599609375,3418430000.0,Wednesday,November,54.75,4670.00146484375,0.0022938506357221833,0.0022912237766672798
2021-11-25,4675.77978515625,4702.8701171875,4659.89013671875,4701.4599609375,3418430000.0,Thursday,November,52.18994140625,4675.253466796875,0.0,0.0
2021-11-26,4664.6298828125,4664.6298828125,4585.43017578125,4594.6201171875,3517700000.0,Friday,November,-88.22998046875,4674.715478515625,-0.022724822637582465,-0.022987011159321162
2021-11-29,4628.75,4672.9501953125,4625.259765625,4655.27001953125,4336410000.0,Monday,November,-27.52978515625,4676.795483398438,0.013200199537034996,0.013113836082824229
2021-11-30,4640.25,4646.02001953125,4560.0,4567.0,6625990000.0,Tuesday,November,-133.89990234375,4673.61298828125,-0.01896131033450521,-0.019143381187850562
2021-12-01,4602.81982421875,4652.93994140625,4510.27001953125,4513.0400390625,5366730000.0,Wednesday,December,-175.6298828125,4666.236499023437,-0.011815187417889228,-0.011885541457955926
2021-12-02,4504.72998046875,4595.4599609375,4504.72998046875,4577.10009765625,5077180000.0,Thursday,December,-127.43994140625,4661.0885009765625,0.01419443613158311,0.014094638396057768
2021-12-03,4589.490234375,4608.02978515625,4495.1201171875,4538.43017578125,5240070000.0,Friday,December,-159.52978515625,4653.133520507812,-0.008448563730297565,-0.00848445514173865
2021-12-06,4548.3701171875,4612.60009765625,4540.509765625,4591.669921875,4770800000.0,Monday,December,-91.27001953125,4647.632006835937,0.011730872577451423,0.011662599309686139
2021-12-07,4631.97021484375,4694.0400390625,4631.97021484375,4686.75,4492400000.0,Tuesday,December,-3.9501953125,4647.707006835937,0.020707080374404274,0.020495603186252546
2021-12-08,4690.85986328125,4705.06005859375,4674.52001953125,4701.2099609375,4234600000.0,Wednesday,December,-0.25,4650.4320068359375,0.0030852853123166657,0.003080535586585806
2021-12-09,4691.0,4695.259765625,4665.97998046875,4667.4501953125,3903840000.0,Thursday,December,-34.009765625,4651.341015625,-0.007181080169894716,-0.007206988232523656
2021-12-10,4687.64013671875,4713.56982421875,4670.240234375,4712.02001953125,3870110000.0,Friday,December,117.39990234375,4652.79951171875,0.009549073338481762,0.009503769118209724
2021-12-13,4710.2998046875,4710.2998046875,4667.60009765625,4668.97021484375,4397230000.0,Monday,December,13.7001953125,4652.1080322265625,-0.009136167611567658,-0.009178158342793815
2021-12-14,4642.990234375,4660.47021484375,4606.52001953125,4634.08984375,4485430000.0,Tuesday,December,67.08984375,4648.767529296875,-0.0074706775774360246,-0.0074987228546236715
2021-12-15,4636.4599609375,4712.60009765625,4611.22021484375,4709.85009765625,4910130000.0,Wednesday,December,196.81005859375,4649.8265380859375,0.016348464630746795,0.016216267351890877
2021-12-16,4719.1298828125,4731.990234375,4651.89013671875,4668.669921875,4829500000.0,Thursday,December,91.56982421875,4648.033032226563,-0.008743415379980468,-0.008781863311112446
2021-12-17,4652.5,4666.7001953125,4600.22021484375,4620.64013671875,7987090000.0,Friday,December,82.2099609375,4644.167041015625,-0.010287680637092622,-0.01034096458405368
2021-12-20,4587.89990234375,4587.89990234375,4531.10009765625,4568.02001953125,4635700000.0,Monday,December,-23.64990234375,4638.421044921875,-0.01138805785140995,-0.01145339832325659
2021-12-21,4594.9599609375,4651.14013671875,4583.16015625,4649.22998046875,4072430000.0,Tuesday,December,-37.52001953125,4636.3475341796875,0.017777934551572505,0.017621755385195486
2021-12-22,4650.35986328125,4697.669921875,4645.52978515625,4696.56005859375,3319610000.0,Wednesday,December,-4.64990234375,4636.1025390625,0.010180197220578835,0.010128728029127596
2021-12-23,4703.9599609375,4740.740234375,4703.9599609375,4725.7900390625,2913040000.0,Thursday,December,58.33984375,4637.31904296875,0.006223699921661829,0.006204412685251626
2021-12-24,4703.9599609375,4740.740234375,4703.9599609375,4725.7900390625,2913040000.0,Friday,December,13.77001953125,4643.8775390625,0.0,0.0
2021-12-27,4733.990234375,4791.490234375,4733.990234375,4791.18994140625,2770290000.0,Monday,December,122.2197265625,4650.67353515625,0.01383893524747526,0.013744051573605864
2021-12-28,4795.490234375,4807.02001953125,4780.0400390625,4786.35009765625,2707920000.0,Tuesday,December,152.26025390625,4661.641040039062,-0.0010101548486260992,-0.0010106653988873737
2021-12-29,4788.64013671875,4804.06005859375,4778.080078125,4793.06005859375,2963310000.0,Wednesday,December,83.2099609375,4675.642041015625,0.0014018951394270118,0.0014009134018576786
2021-12-30,4794.22998046875,4808.93017578125,4775.330078125,4778.72998046875,3124950000.0,Thursday,December,110.06005859375,4685.72353515625,-0.0029897555945093135,-0.002994233841904309
2021-12-31,4775.2099609375,4786.830078125,4765.75,4766.18017578125,2677820000.0,Friday,December,145.5400390625,4697.11103515625,-0.0026261799136575448,-0.0026296343734744394
2022-01-03,4778.14013671875,4796.64013671875,4758.169921875,4796.56005859375,3831020000.0,Monday,January,228.5400390625,4707.355541992188,0.006374052530970564,0.006353824170388397
2022-01-04,4804.509765625,4818.6201171875,4774.27001953125,4793.5400390625,4683170000.0,Tuesday,January,144.31005859375,4712.695043945312,-0.000629621957060511,-0.0006298202522032699
2022-01-05,4787.990234375,4797.7001953125,4699.43994140625,4700.580078125,4887960000.0,Wednesday,January,4.02001953125,4712.663549804687,-0.019392757790687165,-0.019583264304501073
2022-01-06,4693.39013671875,4725.009765625,4671.259765625,4696.0498046875,4295280000.0,Thursday,January,-29.740234375,4714.093530273438,-0.0009637690162076495,-0.0009642337401809882
2022-01-07,4697.66015625,4707.9501953125,4662.740234375,4677.02978515625,4181510000.0,Friday,January,-48.76025390625,4712.344018554688,-0.004050216740091761,-0.004058441082336512
2022-01-10,4655.33984375,4673.02001953125,4582.240234375,4670.2900390625,4511810000.0,Monday,January,-120.89990234375,4712.410009765625,-0.0014410312534549607,-0.0014420705375388979
2022-01-11,4669.14013671875,4714.1298828125,4638.27001953125,4713.06982421875,4101590000.0,Tuesday,January,-73.2802734375,4716.3590087890625,0.009159984668711818,0.009118286452399373
2022-01-12,4728.58984375,4748.830078125,4706.7099609375,4726.35009765625,4048220000.0,Wednesday,January,-66.7099609375,4717.184008789062,0.002817754443029452,0.0028137920146670695
2022-01-13,4733.56005859375,4744.1298828125,4650.2900390625,4659.02978515625,4251730000.0,Thursday,January,-119.7001953125,4716.702001953125,-0.0142436152864307,-0.014346029234400533
2022-01-14,4637.990234375,4665.1298828125,4614.75,4662.85009765625,4338490000.0,Friday,January,-103.330078125,4718.8125,0.0008199802697488323,0.0008196442695905652
2022-01-17,4637.990234375,4665.1298828125,4614.75,4662.85009765625,4338490000.0,Monday,January,-133.7099609375,4723.55400390625,0.0,0.0
2022-01-18,4632.240234375,4632.240234375,4568.7001953125,4577.10986328125,4748700000.0,Tuesday,January,-216.43017578125,4719.947998046875,-0.018387945694007368,-0.0185591053980085
2022-01-19,4588.02978515625,4611.5498046875,4530.2001953125,4532.759765625,4465740000.0,Wednesday,January,-167.8203125,4711.757983398437,-0.009689541868338813,-0.009736790941460195
2022-01-20,4547.35009765625,4602.10986328125,4477.9501953125,4482.72998046875,4640870000.0,Thursday,January,-213.31982421875,4699.60498046875,-0.01103737849414832,-0.011098742304330734
2022-01-21,4471.3798828125,4494.52001953125,4395.33984375,4397.93994140625,5589100000.0,Friday,January,-279.08984375,4683.212475585938,-0.018914821867908604,-0.019095995324635427
2022-01-24,4356.31982421875,4417.35009765625,4222.6201171875,4410.1298828125,6928110000.0,Monday,January,-260.16015625,4664.15947265625,0.002771738943381896,0.0027679047582695165
2022-01-25,4366.64013671875,4411.009765625,4287.10986328125,4356.4501953125,5145050000.0,Tuesday,January,-356.61962890625,4642.664477539062,-0.012171906253646725,-0.012246590556866267
2022-01-26,4408.43017578125,4453.22998046875,4304.7998046875,4349.93017578125,5570640000.0,Wednesday,January,-376.419921875,4620.507983398437,-0.0014966358477518371,-0.0014977569258856588
2022-01-27,4380.580078125,4428.740234375,4309.5,4326.509765625,5214200000.0,Thursday,January,-332.52001953125,4597.89697265625,-0.00538408875771057,-0.005398635199970923
2022-01-28,4336.18994140625,4432.72021484375,4292.4599609375,4431.85009765625,5031090000.0,Friday,January,-231.0,4581.18046875,0.024347646888076113,0.024055967914736694
2022-01-31,4431.7900390625,4516.89013671875,4414.02001953125,4515.5498046875,5098610000.0,Monday,January,-147.30029296875,4567.129956054688,0.018885951732779516,0.018709826222984446
2022-02-01,4519.56982421875,4550.490234375,4483.52978515625,4546.5400390625,4816830000.0,Tuesday,February,-30.56982421875,4554.779956054687,0.00686300355780145,0.006839560348317067
2022-02-02,4566.39013671875,4595.31005859375,4544.31982421875,4589.3798828125,4481580000.0,Wednesday,February,56.6201171875,4549.219946289062,0.00942251544733641,0.009378400448324454
2022-02-03,4535.41015625,4542.8798828125,4470.39013671875,4477.43994140625,4401970000.0,Thursday,February,-5.2900390625,4538.289453125,-0.024391082077444004,-0.024693471720120656
2022-02-04,4482.7900390625,4539.66015625,4451.5,4500.52978515625,4706290000.0,Friday,February,102.58984375,4529.464453125,0.0051569298644233985,0.005143678439863626
2022-02-07,4505.75,4521.85986328125,4471.47021484375,4483.8701171875,4228480000.0,Monday,February,73.740234375,4520.14345703125,-0.0037017126347429485,-0.003708580927828488
2022-02-08,4480.02001953125,4531.31982421875,4465.39990234375,4521.5400390625,4459620000.0,Tuesday,February,165.08984375,4510.566967773438,0.008401207191663262,0.00836611346663433
2022-02-09,4547.0,4590.02978515625,4547.0,4587.18017578125,4524350000.0,Wednesday,February,237.25,4503.608471679688,0.014517207887505545,0.014412842079264784
2022-02-10,4553.240234375,4588.919921875,4484.31005859375,4504.080078125,5314860000.0,Thursday,February,177.5703125,4495.860986328125,-0.01811572566845976,-0.01828182448505601
2022-02-11,4506.27001953125,4526.330078125,4401.41015625,4418.64013671875,5251500000.0,Friday,February,-13.2099609375,4483.65048828125,-0.01896945434456343,-0.019151682638086528
2022-02-14,4412.60986328125,4426.22021484375,4364.83984375,4401.669921875,4600390000.0,Monday,February,-113.8798828125,4470.591479492187,-0.0038405967262932217,-0.0038479907556283146
2022-02-15,4429.27978515625,4472.77001953125,4429.27978515625,4471.06982421875,4430830000.0,Tuesday,February,-75.47021484375,4465.289477539062,0.01576672117072042,0.015643717646064172
2022-02-16,4455.75,4489.5498046875,4429.68017578125,4475.009765625,4283640000.0,Wednesday,February,-114.3701171875,4462.4019775390625,0.0008812077558950637,0.0008808197202838003
2022-02-17,4456.06005859375,4456.06005859375,4373.81005859375,4380.259765625,4539420000.0,Thursday,February,-97.18017578125,4457.278466796875,-0.021173138152195015,-0.021400504136936647
2022-02-18,4384.56982421875,4394.60009765625,4327.22021484375,4348.8701171875,4708060000.0,Friday,February,-151.65966796875,4454.824975585938,-0.0071661613961429005,-0.007191961663866342
2022-02-21,4384.56982421875,4394.60009765625,4327.22021484375,4348.8701171875,4708060000.0,Monday,February,-135.0,4451.761987304688,0.0,0.0
2022-02-22,4332.740234375,4362.1201171875,4267.10986328125,4304.759765625,5121900000.0,Tuesday,February,-216.7802734375,4449.177465820312,-0.010142945264832837,-0.010194735435016016
2022-02-23,4324.93017578125,4341.509765625,4221.509765625,4225.5,4797430000.0,Wednesday,February,-361.68017578125,4442.95595703125,-0.018412122845487655,-0.018583735748788438
2022-02-24,4155.77001953125,4294.72998046875,4114.64990234375,4288.7001953125,6752130000.0,Thursday,February,-215.3798828125,4441.065478515625,0.014956856067329216,0.014846105252724002
2022-02-25,4298.3798828125,4385.33984375,4286.830078125,4384.64990234375,5177060000.0,Friday,February,-33.990234375,4438.70546875,0.022372677655603468,0.022126080551265786
2022-02-28,4354.169921875,4388.83984375,4315.1201171875,4373.93994140625,6071370000.0,Monday,February,-27.72998046875,4431.624975585937,-0.002442603440647617,-0.0024455914631261143
2022-03-01,4363.14013671875,4378.4501953125,4279.5400390625,4306.259765625,5846230000.0,Tuesday,March,-164.81005859375,4419.6109619140625,-0.015473503680411893,-0.015594467786613053
2022-03-02,4322.56005859375,4401.47998046875,4322.56005859375,4386.5400390625,5337870000.0,Wednesday,March,-88.4697265625,4409.468969726562,0.018642691757321028,0.018471046780652183
2022-03-03,4401.31005859375,4416.77978515625,4345.56005859375,4363.490234375,5039890000.0,Thursday,March,-16.76953125,4403.771484375,-0.005254666430088317,-0.005268520744245652
2022-03-04,4342.1201171875,4342.1201171875,4284.97998046875,4328.8701171875,5797380000.0,Friday,March,-20.0,4395.188500976563,-0.007934042550334475,-0.007965684543001903
2022-03-07,4327.009765625,4327.009765625,4199.85009765625,4201.08984375,6940470000.0,Monday,March,-147.7802734375,4381.049487304687,-0.029518158313449172,-0.029962586814416495
2022-03-08,4202.66015625,4276.93994140625,4157.8701171875,4170.7001953125,7243120000.0,Tuesday,March,-134.0595703125,4363.507495117187,-0.00723375351819977,-0.007260043975698096
2022-03-09,4223.10009765625,4299.39990234375,4223.10009765625,4277.8798828125,5662670000.0,Wednesday,March,52.3798828125,4348.04248046875,0.02569824789143582,0.025373598122141117
2022-03-10,4252.5498046875,4268.27978515625,4209.7998046875,4259.52001953125,4980830000.0,Thursday,March,-29.18017578125,4335.814477539063,-0.004291813651667864,-0.004301049920247209
2022-03-11,4279.5,4291.009765625,4200.490234375,4204.31005859375,4938640000.0,Friday,March,-180.33984375,4325.097973632813,-0.012961545123475138,-0.013046278933238144
2022-03-14,4202.75,4247.56982421875,4161.72021484375,4173.10986328125,5574920000.0,Monday,March,-200.830078125,4313.669970703125,-0.007421002465963666,-0.007448675095533314
2022-03-15,4188.81982421875,4271.0498046875,4187.89990234375,4262.4501953125,5392470000.0,Tuesday,March,-43.8095703125,4303.238989257812,0.021408574170870942,0.021182629724144964
2022-03-16,4288.14013671875,4358.89990234375,4251.990234375,4357.85986328125,6309750000.0,Wednesday,March,-28.68017578125,4297.381494140625,0.02238376135718223,0.022136921648393443
2022-03-17,4345.10986328125,4412.669921875,4335.64990234375,4411.669921875,4985090000.0,Thursday,March,48.1796875,4298.952001953125,0.01234781757145198,0.012272205068700267
2022-03-18,4407.33984375,4465.39990234375,4390.56982421875,4463.1201171875,8278430000.0,Friday,March,134.25,4304.664501953125,0.011662294827948783,0.011594814411888112
2022-03-21,4462.39990234375,4481.75,4424.2998046875,4461.18017578125,4869820000.0,Monday,March,260.09033203125,4310.280004882812,-0.00043466036210393355,-0.0004347548543014596
2022-03-22,4469.10009765625,4522.0,4469.10009765625,4511.60986328125,4754840000.0,Tuesday,March,340.90966796875,4320.622509765625,0.0113041136006502,0.011240699554074212
2022-03-23,4493.10009765625,4501.06982421875,4455.81005859375,4456.240234375,4550670000.0,Wednesday,March,178.3603515625,4332.159521484375,-0.012272698789159042,-0.012348630252495208
2022-03-24,4469.97998046875,4520.580078125,4465.169921875,4520.16015625,4131390000.0,Thursday,March,260.64013671875,4343.73251953125,0.01434391292056647,0.014242012281618024
2022-03-25,4522.91015625,4546.02978515625,4501.06982421875,4543.06005859375,4305020000.0,Friday,March,338.75,4351.65302734375,0.005066170567449069,0.005053380704237665
2022-03-28,4541.08984375,4575.64990234375,4517.68994140625,4575.52001953125,4312260000.0,Monday,March,402.41015625,4361.73203125,0.007144955276586762,0.007119551020042568
2022-03-29,4602.85986328125,4637.2998046875,4589.66015625,4631.60009765625,5085910000.0,Tuesday,March,369.14990234375,4377.999047851563,0.012256547427530462,0.01218204410139109
2022-03-30,4624.2001953125,4627.77001953125,4581.31982421875,4602.4501953125,4385570000.0,Wednesday,March,244.59033203125,4388.7945556640625,-0.0062937001746978805,-0.006313588999088777
2022-03-31,4599.02001953125,4603.06982421875,4530.41015625,4530.41015625,4823020000.0,Thursday,March,118.740234375,4397.140551757812,-0.015652540713177343,-0.015776335226881762
2022-04-01,4540.31982421875,4548.7001953125,4507.56982421875,4545.85986328125,4562940000.0,Friday,April,82.73974609375,4407.9900390625,0.0034102225843584133,0.0034044209614630277
2022-04-04,4547.97021484375,4583.5,4539.2099609375,4582.64013671875,4547350000.0,Monday,April,121.4599609375,4427.067553710937,0.008090938687879357,0.008058382532133647
2022-04-05,4572.4501953125,4593.4501953125,4514.169921875,4525.1201171875,4800620000.0,Tuesday,April,13.51025390625,4444.788549804687,-0.012551720801807331,-0.01263115907400537
2022-04-06,4494.169921875,4503.93994140625,4450.0400390625,4481.14990234375,4986830000.0,Wednesday,April,24.90966796875,4454.95205078125,-0.009716916613271898,-0.009764433912479721
2022-04-07,4474.64990234375,4521.16015625,4450.2998046875,4500.2099609375,4821490000.0,Thursday,April,-19.9501953125,4466.986547851562,0.004253385628492534,0.004244365552037262
2022-04-08,4494.14990234375,4520.41015625,4474.60009765625,4488.27978515625,4083200000.0,Friday,April,-54.7802734375,4481.185034179687,-0.002651026482054286,-0.0026545466755523947
2022-04-11,4462.64013671875,4464.35009765625,4408.3798828125,4412.52978515625,4266290000.0,Monday,April,-162.990234375,4493.156030273438,-0.01687729010355421,-0.017021334584696127
2022-04-12,4437.58984375,4471.0,4381.33984375,4397.4501953125,4152090000.0,Tuesday,April,-234.14990234375,4499.906030273438,-0.003417447717741773,-0.0034233005304522353
2022-04-13,4394.2998046875,4453.919921875,4392.7001953125,4446.58984375,3828150000.0,Wednesday,April,-155.8603515625,4504.342529296875,0.011174577597236057,0.011112603268901934
2022-04-14,4449.1201171875,4460.4599609375,4390.77001953125,4392.58984375,4083090000.0,Thursday,April,-137.8203125,4503.388525390625,-0.01214413784439794,-0.012218480383508163
2022-04-15,4449.1201171875,4460.4599609375,4390.77001953125,4392.58984375,4083090000.0,Friday,April,-153.27001953125,4499.86201171875,0.0,0.0
2022-04-18,4385.6298828125,4410.31005859375,4370.2998046875,4391.68994140625,3910490000.0,Monday,April,-190.9501953125,4496.3875,-0.0002048682840329885,-0.0002048892724065068
2022-04-19,4390.6298828125,4471.02978515625,4390.6298828125,4462.2099609375,4108120000.0,Tuesday,April,-62.91015625,4493.917504882813,0.016057604355527166,0.01593004474938665
2022-04-20,4472.259765625,4488.2900390625,4448.759765625,4459.4501953125,4290450000.0,Wednesday,April,-21.69970703125,4494.0780029296875,-0.0006184750715809706,-0.0006186664061825758
2022-04-21,4489.169921875,4512.93994140625,4384.47021484375,4393.66015625,4636890000.0,Thursday,April,-106.5498046875,4487.753002929688,-0.014752948498371943,-0.014862855551311067
2022-04-22,4385.830078125,4385.830078125,4267.6201171875,4271.77978515625,4651940000.0,Friday,April,-216.5,4474.188989257813,-0.027740054250753654,-0.028132076377366966
2022-04-25,4255.33984375,4299.02001953125,4200.81982421875,4296.1201171875,5240040000.0,Monday,April,-116.40966796875,4460.218994140625,0.005697936985382235,0.0056817651441118085
2022-04-26,4278.14013671875,4278.14013671875,4175.0400390625,4175.2001953125,4689970000.0,Tuesday,April,-222.25,4437.398999023438,-0.028146308431003852,-0.028550008928597752
2022-04-27,4186.52001953125,4240.7099609375,4162.89990234375,4183.9599609375,4769680000.0,Wednesday,April,-262.6298828125,4416.4744873046875,0.0020980468517017847,0.0020958490249645954
2022-04-28,4222.580078125,4308.4501953125,4188.6298828125,4287.5,4854180000.0,Thursday,April,-105.08984375,4404.3289794921875,0.02474690007293945,0.024445655340832175
2022-04-29,4253.75,4269.68017578125,4124.27978515625,4131.93017578125,5084030000.0,Friday,April,-260.65966796875,4383.632495117187,-0.036284507106413955,-0.03695915978469415
2022-05-02,4130.60986328125,4169.81005859375,4062.510009765625,4155.3798828125,5163790000.0,Monday,May,-236.31005859375,4362.269482421875,0.005675242812353654,0.005659199293818601
2022-05-03,4159.77978515625,4200.10009765625,4147.080078125,4175.47998046875,4582050000.0,Tuesday,May,-286.72998046875,4344.7874755859375,0.004837126381486367,0.004825465075359521
2022-05-04,4181.18017578125,4307.66015625,4148.91015625,4300.169921875,5136360000.0,Wednesday,May,-159.2802734375,4335.7384765625,0.02986242108440229,0.029425221557325833
2022-05-05,4270.43017578125,4270.43017578125,4106.009765625,4146.8701171875,5077030000.0,Thursday,May,-246.7900390625,4318.071484375,-0.035649708609806985,-0.03630067756409906
2022-05-06,4128.169921875,4157.68994140625,4067.909912109375,4123.33984375,5116940000.0,Friday,May,-148.43994140625,4299.824487304688,-0.0056742248424840325,-0.00569038441395277
2022-05-09,4081.27001953125,4081.27001953125,3975.47998046875,3991.239990234375,5954520000.0,Monday,May,-304.880126953125,4278.759997558594,-0.03203710063235676,-0.03256151953960419
2022-05-10,4035.179931640625,4068.820068359375,3958.169921875,4001.050048828125,5885820000.0,Tuesday,May,-174.150146484375,4258.939990234375,0.0024578974498534745,0.002454881760409255
2022-05-11,3990.080078125,4049.090087890625,3928.820068359375,3935.179931640625,5816140000.0,Wednesday,May,-248.780029296875,4233.369494628906,-0.01646320750393837,-0.016600232095697796
2022-05-12,3903.949951171875,3964.800048828125,3858.8701171875,3930.080078125,6286450000.0,Thursday,May,-357.419921875,4210.244006347656,-0.0012959645058717717,-0.0012968049941124407
2022-05-13,3963.89990234375,4038.8798828125,3963.89990234375,4023.889892578125,5183340000.0,Friday,May,-108.040283203125,4191.809008789062,0.02386969542307149,0.023589267956869442
2022-05-16,4013.02001953125,4046.4599609375,3983.989990234375,4008.010009765625,4415030000.0,Monday,May,-147.369873046875,4172.625012207031,-0.003946400929555671,-0.003954208517722458
2022-05-17,4052.0,4090.719970703125,4033.929931640625,4088.85009765625,4841410000.0,Tuesday,May,-86.6298828125,4153.957019042969,0.020169632234863677,0.01996891958146264
2022-05-18,4051.97998046875,4051.97998046875,3911.909912109375,3923.679931640625,5103220000.0,Wednesday,May,-376.489990234375,4127.168505859375,-0.04039526078745259,-0.041233809291248875
2022-05-19,3899.0,3945.9599609375,3876.580078125,3900.7900390625,5113550000.0,Thursday,May,-246.080078125,4102.525,-0.005833781800992588,-0.005850864777347809
2022-05-20,3927.760009765625,3943.419921875,3810.320068359375,3901.360107421875,5130730000.0,Friday,May,-221.979736328125,4084.004016113281,0.00014614176965843662,0.0001461310919903067
2022-05-23,3919.419921875,3981.8798828125,3909.0400390625,3973.75,4420030000.0,Monday,May,-17.489990234375,4067.8855102539064,0.018555039930923556,0.018384995412060758
2022-05-24,3942.93994140625,3955.679931640625,3875.1298828125,3941.47998046875,4923190000.0,Tuesday,May,-59.570068359375,4056.199499511719,-0.008120797617175213,-0.008153950903558081
2022-05-25,3929.590087890625,3999.330078125,3925.030029296875,3978.72998046875,4802560000.0,Wednesday,May,43.550048828125,4045.9380004882814,0.009450764734207695,0.009406385648931585
2022-05-26,3984.60009765625,4075.139892578125,3984.60009765625,4057.840087890625,4709970000.0,Thursday,May,127.760009765625,4034.4550048828123,0.019883256167224195,0.019688166007720866
2022-05-27,4077.429931640625,4158.490234375,4077.429931640625,4158.240234375,4375620000.0,Friday,May,134.350341796875,4035.7705078125,0.02474226295510973,0.024441130195822013
2022-05-30,4077.429931640625,4158.490234375,4077.429931640625,4158.240234375,4375620000.0,Monday,May,150.230224609375,4035.913525390625,0.0,0.0
2022-05-31,4151.08984375,4168.33984375,4104.8798828125,4132.14990234375,6822640000.0,Tuesday,May,43.2998046875,4033.747021484375,-0.006274368617659065,-0.006294135193666945
2022-06-01,4149.77978515625,4166.5400390625,4073.85009765625,4101.22998046875,4531800000.0,Wednesday,June,177.550048828125,4023.8000244140626,-0.007482768681131846,-0.007510905041155451
2022-06-02,4095.409912109375,4177.509765625,4074.3701171875,4176.81982421875,4405790000.0,Thursday,June,276.02978515625,4025.297509765625,0.018431018038486124,0.018263225415545106
2022-06-03,4137.56982421875,4142.669921875,4098.669921875,4108.5400390625,3711110000.0,Friday,June,207.179931640625,4024.55751953125,-0.016347313992415624,-0.016482405609817057
2022-06-06,4134.72021484375,4168.77978515625,4109.18017578125,4121.43017578125,4332700000.0,Monday,June,147.68017578125,4031.067028808594,0.003137400778913113,0.003132489407036025
2022-06-07,4096.47021484375,4164.85986328125,4080.18994140625,4160.68017578125,4248210000.0,Tuesday,June,219.2001953125,4039.04853515625,0.009523393173235029,0.00947833153171984
2022-06-08,4147.1201171875,4160.14013671875,4107.2001953125,4115.77001953125,4159470000.0,Wednesday,June,137.0400390625,4048.0780395507813,-0.010793945785935621,-0.010852623040155319
2022-06-09,4101.64990234375,4119.10009765625,4017.169921875,4017.820068359375,4134170000.0,Thursday,June,-40.02001953125,4052.4650390625,-0.02379869397635359,-0.02408645766515553
2022-06-10,3974.389892578125,3974.389892578125,3900.159912109375,3900.860107421875,4889640000.0,Friday,June,-257.380126953125,4046.3135498046877,-0.029110303335524668,-0.029542414811409477
2022-06-13,3838.14990234375,3838.14990234375,3734.300048828125,3749.6298828125,5636890000.0,Monday,June,-408.6103515625,4033.3945434570314,-0.038768430665237275,-0.03953993199003993
2022-06-14,3763.52001953125,3778.179931640625,3705.679931640625,3735.47998046875,5153890000.0,Tuesday,June,-396.669921875,4015.726037597656,-0.0037736797459957394,-0.003780818039489633
2022-06-15,3764.050048828125,3837.56005859375,3722.300048828125,3789.989990234375,5530480000.0,Wednesday,June,-311.239990234375,4009.041540527344,0.014592504858983224,0.014487058836534478
2022-06-16,3728.179931640625,3728.179931640625,3639.77001953125,3666.77001953125,5644930000.0,Thursday,June,-510.0498046875,3997.340539550781,-0.03251195148816344,-0.033052207113840666
2022-06-17,3665.89990234375,3707.7099609375,3636.8701171875,3674.840087890625,8520740000.0,Friday,June,-433.699951171875,3986.014538574219,0.002200865698254617,0.0021984473410133873
2022-06-20,3665.89990234375,3707.7099609375,3636.8701171875,3674.840087890625,8520740000.0,Monday,June,-446.590087890625,3971.06904296875,0.0,0.0
2022-06-21,3715.31005859375,3779.64990234375,3715.31005859375,3764.7900390625,5292260000.0,Tuesday,June,-395.89013671875,3962.2345458984373,0.024477242280086964,0.024182474960671992
2022-06-22,3733.889892578125,3801.7900390625,3717.68994140625,3759.889892578125,5058990000.0,Wednesday,June,-355.880126953125,3951.2925415039062,-0.0013015723144006452,-0.0013024200953574458
2022-06-23,3774.7099609375,3802.580078125,3743.52001953125,3795.72998046875,5098640000.0,Thursday,June,-222.090087890625,3938.1870361328124,0.009532217409177868,0.00948707248555652
2022-06-24,3821.75,3913.64990234375,3821.75,3911.739990234375,8120260000.0,Friday,June,10.8798828125,3925.862023925781,0.03056329358583576,0.030105539729901033
2022-06-27,3920.760009765625,3927.719970703125,3889.659912109375,3900.110107421875,4325310000.0,Monday,June,150.480224609375,3912.955517578125,-0.0029730715337762392,-0.0029774998903406716
2022-06-28,3913.0,3945.860107421875,3820.139892578125,3821.550048828125,4270120000.0,Tuesday,June,86.070068359375,3897.4255249023436,-0.020143036075892073,-0.0203486731494949
2022-06-29,3825.090087890625,3836.5,3799.02001953125,3818.830078125,4211240000.0,Wednesday,June,28.840087890625,3883.305529785156,-0.0007117454091590814,-0.0007119988201726959
2022-06-30,3785.989990234375,3818.989990234375,3738.669921875,3785.3798828125,4840070000.0,Thursday,June,118.60986328125,3863.733532714844,-0.008759278267998716,-0.008797866246367652
2022-07-01,3781.0,3829.820068359375,3752.10009765625,3825.330078125,4046950000.0,Friday,July,150.489990234375,3849.573034667969,0.010553814029047315,0.010498511296639174
2022-07-04,3781.0,3829.820068359375,3752.10009765625,3825.330078125,4046950000.0,Monday,July,150.489990234375,3834.768029785156,0.0,0.0
2022-07-05,3792.610107421875,3832.18994140625,3742.06005859375,3831.389892578125,5076590000.0,Tuesday,July,66.599853515625,3818.303515625,0.0015841285142366157,0.0015828751061934918
2022-07-06,3831.97998046875,3870.909912109375,3809.3701171875,3845.080078125,4417720000.0,Wednesday,July,85.190185546875,3804.7690185546876,0.0035731642904301975,0.003566795705066178
2022-07-07,3858.85009765625,3910.6298828125,3858.85009765625,3902.6201171875,4057770000.0,Thursday,July,106.89013671875,3799.0090209960936,0.014964587965241805,0.014853723180930391
2022-07-08,3888.260009765625,3918.5,3869.340087890625,3899.3798828125,3521620000.0,Friday,July,-12.360107421875,3798.935009765625,-0.000830271529819071,-0.00083061639612735
2022-07-11,3880.93994140625,3880.93994140625,3847.219970703125,3854.429931640625,3423480000.0,Monday,July,-45.68017578125,3804.175012207031,-0.011527461422777274,-0.011594417660525545
2022-07-12,3851.949951171875,3873.409912109375,3802.360107421875,3818.800048828125,3817210000.0,Tuesday,July,-2.75,3808.341015625,-0.009243878717321574,-0.00928686849749371
2022-07-13,3779.669921875,3829.43994140625,3759.070068359375,3801.780029296875,4109390000.0,Wednesday,July,-17.050048828125,3808.930517578125,-0.0044569025122100925,-0.00446686411181668
2022-07-14,3763.989990234375,3796.409912109375,3721.56005859375,3790.3798828125,4199690000.0,Thursday,July,5.0,3815.1110107421873,-0.00299863390215227,-0.003003138812764307
2022-07-15,3818.0,3863.6201171875,3817.179931640625,3863.159912109375,4143800000.0,Friday,July,37.829833984375,3824.527001953125,0.01920124935943668,0.01901923165863364
2022-07-18,3883.7900390625,3902.43994140625,3818.6298828125,3830.85009765625,4046870000.0,Monday,July,5.52001953125,3832.327502441406,-0.008363571580831342,-0.008398742485835936
2022-07-19,3860.72998046875,3939.81005859375,3860.72998046875,3936.68994140625,4041070000.0,Tuesday,July,105.300048828125,3840.922497558594,0.02762829164595959,0.02725351764373082
2022-07-20,3935.320068359375,3974.1298828125,3922.030029296875,3959.89990234375,4185300000.0,Wednesday,July,114.81982421875,3850.922998046875,0.005895806193263242,0.0058784939410571665
2022-07-21,3955.469970703125,3999.2900390625,3927.639892578125,3998.949951171875,4132790000.0,Thursday,July,96.329833984375,3861.0839965820314,0.00986137270919718,0.00981306668950467
2022-07-22,3998.429931640625,4012.43994140625,3938.860107421875,3961.6298828125,3979240000.0,Friday,July,62.25,3863.5784912109375,-0.00933246697634671,-0.009376287293813849
2022-07-25,3965.719970703125,3975.300048828125,3943.4599609375,3966.840087890625,3568340000.0,Monday,July,112.41015625,3866.914990234375,0.0013151670479691902,0.001314302973305868
2022-07-26,3953.219970703125,3953.219970703125,3910.739990234375,3921.050048828125,3778950000.0,Tuesday,July,102.25,3871.889990234375,-0.01154320266205866,-0.011610342599263359
2022-07-27,3951.429931640625,4039.56005859375,3951.429931640625,4023.610107421875,4112180000.0,Wednesday,July,221.830078125,3882.1289916992187,0.026156273782937722,0.025820048778629066
2022-07-28,4026.1298828125,4078.949951171875,3992.969970703125,4072.429931640625,4413000000.0,Thursday,July,282.050048828125,3896.481494140625,0.012133338697180918,0.012060319791912806
2022-07-29,4087.330078125,4140.14990234375,4079.219970703125,4130.2900390625,4616360000.0,Friday,July,267.130126953125,3911.7294921875,0.014207760082581844,0.014107775781753557
2022-08-01,4112.3798828125,4144.9501953125,4096.02001953125,4118.6298828125,4202810000.0,Monday,August,287.77978515625,3926.394482421875,-0.0028230841271976725,-0.002827076544916728
2022-08-02,4104.2099609375,4140.47021484375,4079.81005859375,4091.18994140625,4727710000.0,Tuesday,August,154.5,3939.384484863281,-0.006662395550704803,-0.00668468837887098
2022-08-03,4107.9599609375,4167.66015625,4107.9599609375,4155.169921875,4351760000.0,Wednesday,August,195.27001953125,3954.8889770507812,0.015638477163140152,0.015517456270090707
2022-08-04,4154.85009765625,4161.2900390625,4135.419921875,4151.93994140625,4283320000.0,Thursday,August,152.989990234375,3967.3549682617186,-0.0007773401640558397,-0.0007776424495837734
2022-08-05,4115.8701171875,4151.580078125,4107.31005859375,4145.18994140625,4085940000.0,Friday,August,183.56005859375,3979.645471191406,-0.0016257460597355333,-0.0016270690189191196
2022-08-08,4155.93017578125,4186.6201171875,4128.97021484375,4140.06005859375,4221090000.0,Monday,August,173.219970703125,3993.9269775390626,-0.0012375507238541195,-0.0012383171221209141
2022-08-09,4133.10986328125,4137.2998046875,4112.08984375,4122.47021484375,3913090000.0,Tuesday,August,201.420166015625,4009.110485839844,-0.004248692893594086,-0.004257744235926498
2022-08-10,4181.02001953125,4211.02978515625,4177.259765625,4210.240234375,4546010000.0,Wednesday,August,186.630126953125,4029.53349609375,0.021290637641290244,0.021067158460407496
2022-08-11,4227.39990234375,4257.91015625,4201.41015625,4207.27001953125,4630200000.0,Thursday,August,134.840087890625,4050.3780029296877,-0.0007054739583503,-0.0007057229222018175
2022-08-12,4225.02001953125,4280.47021484375,4219.77978515625,4280.14990234375,3788010000.0,Friday,August,149.85986328125,4071.227502441406,0.017322368774566943,0.017174046951492668
2022-08-15,4269.3701171875,4301.7900390625,4256.89990234375,4297.14013671875,3696830000.0,Monday,August,178.51025390625,4094.5420043945314,0.0039695418998517695,0.003961684056233163
2022-08-16,4290.4599609375,4325.27978515625,4277.77001953125,4305.2001953125,4329820000.0,Tuesday,August,214.01025390625,4112.967517089844,0.0018756797165810912,0.0018739228259478625
2022-08-17,4280.39990234375,4302.18017578125,4253.080078125,4274.0400390625,3885030000.0,Wednesday,August,118.8701171875,4128.674523925782,-0.007237794954094601,-0.007264114867648021
2022-08-18,4273.1298828125,4292.52978515625,4261.97998046875,4283.740234375,3340330000.0,Thursday,August,131.80029296875,4142.914038085937,0.002269561170191503,0.0022669896063847975
2022-08-19,4266.31005859375,4266.31005859375,4218.7001953125,4228.47998046875,3761340000.0,Friday,August,83.2900390625,4156.25654296875,-0.012900001139847905,-0.012983928713038868
2022-08-22,4195.080078125,4195.080078125,4129.85986328125,4137.990234375,3907430000.0,Monday,August,-2.06982421875,4164.814050292969,-0.0214000649197158,-0.021632366466494565
2022-08-23,4133.08984375,4159.77001953125,4124.02978515625,4128.72998046875,3823520000.0,Tuesday,August,6.259765625,4175.198046875,-0.0022378626777133093,-0.002240370434437464
2022-08-24,4126.5498046875,4156.56005859375,4119.97021484375,4140.77001953125,3583630000.0,Wednesday,August,-69.47021484375,4181.056042480469,0.0029161604463010526,0.002911916698724165
2022-08-25,4153.259765625,4200.5400390625,4147.58984375,4199.1201171875,3566870000.0,Thursday,August,-8.14990234375,4187.390551757812,0.014091605518061545,0.013993241836107048
2022-08-26,4198.740234375,4203.0400390625,4057.659912109375,4057.659912109375,3832750000.0,Friday,August,-222.489990234375,4183.759045410156,-0.03368805871951874,-0.03426857631703952
2022-08-29,4034.580078125,4062.989990234375,4017.419921875,4030.610107421875,3396510000.0,Monday,August,-266.530029296875,4179.358056640625,-0.006666355799502699,-0.0066886751973248065
2022-08-30,4041.25,4044.97998046875,3965.2099609375,3986.159912109375,3835860000.0,Tuesday,August,-319.040283203125,4174.106555175781,-0.011028155571448206,-0.011089416492117008
2022-08-31,4000.669921875,4015.3701171875,3954.530029296875,3955.0,4542490000.0,Wednesday,August,-319.0400390625,4164.098059082031,-0.007817025105971265,-0.007847738208153028
2022-09-01,3936.72998046875,3970.22998046875,3903.64990234375,3966.85009765625,4152250000.0,Thursday,September,-316.89013671875,4154.843566894531,0.0029962320243361873,0.0029917522671948716
2022-09-02,3994.659912109375,4018.429931640625,3906.2099609375,3924.260009765625,3665850000.0,Friday,September,-304.219970703125,4143.7970703125,-0.010736500458081055,-0.010794552570724387
2022-09-05,3994.659912109375,4018.429931640625,3906.2099609375,3924.260009765625,3665850000.0,Monday,September,-213.730224609375,4133.007067871094,0.0,0.0
2022-09-06,3930.889892578125,3942.550048828125,3886.75,3908.18994140625,4127340000.0,Tuesday,September,-220.5400390625,4122.293054199219,-0.004095056983834944,-0.004103464690895143
2022-09-07,3909.429931640625,3987.889892578125,3906.030029296875,3979.8701171875,3890320000.0,Wednesday,September,-160.89990234375,4110.774548339844,0.018341016392734,0.018174848666169877
2022-09-08,3959.93994140625,4010.5,3944.81005859375,4006.179931640625,3966850000.0,Thursday,September,-192.940185546875,4100.720043945313,0.006610721877456038,0.006588966880442448
2022-09-09,4022.93994140625,4076.81005859375,4022.93994140625,4067.360107421875,3901940000.0,Friday,September,9.7001953125,4090.0805541992186,0.015271449816332883,0.01515601498121106
2022-09-12,4083.669921875,4119.27978515625,4083.669921875,4110.41015625,3814200000.0,Monday,September,79.800048828125,4080.7440551757813,0.0105842727693497,0.010528651483995635
2022-09-13,4037.1201171875,4037.1201171875,3921.280029296875,3932.68994140625,4224550000.0,Tuesday,September,-53.469970703125,4062.118542480469,-0.0432366134006168,-0.04419916303197406
2022-09-14,3940.72998046875,3961.93994140625,3912.179931640625,3946.010009765625,4293240000.0,Wednesday,September,-8.989990234375,4045.717041015625,0.0033870120853238816,0.003381289078844715
2022-09-15,3932.409912109375,3959.139892578125,3888.280029296875,3901.35009765625,4441830000.0,Thursday,September,-65.5,4026.5975341796875,-0.011317739184353415,-0.011382272168149512
2022-09-16,3880.949951171875,3880.949951171875,3837.080078125,3873.330078125,7954650000.0,Friday,September,-50.929931640625,4008.8400390625,-0.007182134089448455,-0.007208049775663175
2022-09-19,3849.909912109375,3900.449951171875,3838.5,3899.889892578125,3766850000.0,Monday,September,-24.3701171875,3996.935021972656,0.006857100716286535,0.006833697724705768
2022-09-20,3875.22998046875,3876.010009765625,3827.5400390625,3855.929931640625,4058050000.0,Tuesday,September,-52.260009765625,3983.29501953125,-0.011272103097361819,-0.011336114736600402
2022-09-21,3871.39990234375,3907.070068359375,3789.489990234375,3789.929931640625,4078330000.0,Wednesday,September,-189.940185546875,3965.7530151367187,-0.017116493600784488,-0.01726467409850635
2022-09-22,3782.360107421875,3790.89990234375,3749.449951171875,3757.989990234375,4284600000.0,Thursday,September,-248.18994140625,3943.6965087890626,-0.00842758097968943,-0.008463293830453985
2022-09-23,3727.139892578125,3727.139892578125,3647.469970703125,3693.22998046875,5144270000.0,Friday,September,-374.130126953125,3925.4750122070313,-0.017232619015461026,-0.017382828767330778
2022-09-26,3682.719970703125,3715.669921875,3644.760009765625,3655.0400390625,4886140000.0,Monday,September,-455.3701171875,3906.6965087890626,-0.010340526208282075,-0.010394360890280502
2022-09-27,3686.43994140625,3717.530029296875,3623.2900390625,3647.2900390625,4577740000.0,Tuesday,September,-285.39990234375,3889.7530151367187,-0.0021203598092424114,-0.0021226109548247284
2022-09-28,3651.93994140625,3736.739990234375,3640.610107421875,3719.0400390625,4684850000.0,Wednesday,September,-226.969970703125,3877.9550170898438,0.019672139926234733,0.019481144181152356
2022-09-29,3687.010009765625,3687.010009765625,3610.39990234375,3640.469970703125,4681810000.0,Thursday,September,-260.880126953125,3861.6360107421874,-0.021126437880238824,-0.0213527948230975
2022-09-30,3633.47998046875,3671.43994140625,3584.1298828125,3585.6201171875,5645360000.0,Friday,September,-287.7099609375,3844.7040161132813,-0.015066695771983274,-0.0151813515462093
2022-10-03,3609.780029296875,3698.35009765625,3604.929931640625,3678.429931640625,4806680000.0,Monday,October,-221.4599609375,3832.4125122070313,0.025883894952576147,0.02555457753093017
2022-10-04,3726.4599609375,3791.919921875,3726.4599609375,3790.929931640625,5146580000.0,Tuesday,October,-65.0,3826.54951171875,0.030583700679551518,0.030125341416799834
2022-10-05,3753.25,3806.909912109375,3722.659912109375,3783.280029296875,4293180000.0,Wednesday,October,-6.64990234375,3816.720007324219,-0.002017948757084831,-0.0020199875589381176
2022-10-06,3771.969970703125,3797.929931640625,3739.219970703125,3744.52001953125,4252100000.0,Thursday,October,-13.469970703125,3803.63701171875,-0.010245080846639998,-0.010297922911395202
2022-10-07,3706.739990234375,3706.739990234375,3620.72998046875,3639.659912109375,4449660000.0,Friday,October,-53.570068359375,3782.252001953125,-0.028003617786773516,-0.028403196531478058
2022-10-10,3647.510009765625,3652.169921875,3588.10009765625,3612.389892578125,3834320000.0,Monday,October,-42.650146484375,3757.3509887695313,-0.00749246363390188,-0.007520673133652772
2022-10-11,3595.860107421875,3640.659912109375,3568.449951171875,3588.840087890625,4759030000.0,Tuesday,October,-58.449951171875,3740.15849609375,-0.006519175777754405,-0.006540518412323781
2022-10-12,3590.830078125,3608.340087890625,3573.860107421875,3577.030029296875,4006830000.0,Wednesday,October,-142.010009765625,3721.7094970703124,-0.0032907731480149582,-0.0032961996501662937
2022-10-13,3520.3701171875,3685.409912109375,3491.580078125,3669.909912109375,5021680000.0,Thursday,October,29.43994140625,3710.137487792969,0.02596564246086497,0.025634259307631132
2022-10-14,3690.409912109375,3712.0,3579.679931640625,3583.070068359375,4243030000.0,Friday,October,-2.550048828125,3695.6244873046876,-0.02366266361565439,-0.023947120744528417
2022-10-17,3638.64990234375,3689.72998046875,3638.64990234375,3677.949951171875,4352780000.0,Monday,October,-0.47998046875,3684.527490234375,0.026480052302171098,0.026135524557561848
2022-10-18,3746.260009765625,3762.7900390625,3686.530029296875,3719.97998046875,4483740000.0,Tuesday,October,-70.949951171875,3677.7299926757814,0.011427569666488724,0.011362768207087462
2022-10-19,3703.110107421875,3728.580078125,3666.510009765625,3695.159912109375,4223800000.0,Wednesday,October,-88.1201171875,3672.991491699219,-0.0066720972934503076,-0.006694455239684375
2022-10-20,3689.050048828125,3736.0,3656.43994140625,3665.780029296875,4496620000.0,Thursday,October,-78.739990234375,3668.380993652344,-0.007950909706564868,-0.007982686738766696
2022-10-21,3657.10009765625,3757.889892578125,3647.419921875,3752.75,5078020000.0,Friday,October,113.090087890625,3671.3569946289062,0.02372481982226482,0.023447759860447268
2022-10-24,3762.010009765625,3810.739990234375,3741.64990234375,3797.340087890625,4747930000.0,Monday,October,184.9501953125,3678.4719970703127,0.011881976654619875,0.011811940205111494
2022-10-25,3799.43994140625,3862.85009765625,3799.43994140625,3859.110107421875,4843120000.0,Tuesday,October,270.27001953125,3689.0630004882814,0.016266654579669915,0.01613577001587496
2022-10-26,3825.969970703125,3886.14990234375,3824.070068359375,3830.60009765625,4817310000.0,Wednesday,October,253.570068359375,3694.641003417969,-0.007387716072364547,-0.007415140398989885
2022-10-27,3834.68994140625,3859.949951171875,3803.7900390625,3807.300048828125,4687320000.0,Thursday,October,137.39013671875,3702.9825073242187,-0.006082610618211248,-0.006101185053184453
2022-10-28,3808.260009765625,3905.419921875,3808.260009765625,3901.06005859375,4459410000.0,Friday,October,317.989990234375,3718.754504394531,0.024626377895927698,0.024328036770856338
2022-10-31,3881.85009765625,3893.72998046875,3863.179931640625,3871.97998046875,4820620000.0,Monday,October,194.030029296875,3728.4320068359375,-0.00745440410765752,-0.007482327030336412
2022-11-01,3901.7900390625,3911.7900390625,3843.800048828125,3856.10009765625,4481210000.0,Tuesday,November,136.1201171875,3731.6905151367187,-0.004101230608784645,-0.0041096637203590055
2022-11-02,3852.89990234375,3894.43994140625,3758.679931640625,3759.68994140625,4899000000.0,Wednesday,November,64.530029296875,3730.5110107421874,-0.02500198485734284,-0.025319843737482882
2022-11-03,3733.25,3750.590087890625,3698.14990234375,3719.889892578125,4625290000.0,Thursday,November,54.10986328125,3729.279504394531,-0.010585992315429671,-0.010642422531956597
2022-11-04,3766.97998046875,3796.340087890625,3708.840087890625,3770.550048828125,5400180000.0,Friday,November,17.800048828125,3735.824011230469,0.013618724670070526,0.013526823285563951
2022-11-07,3780.7099609375,3813.949951171875,3764.699951171875,3806.800048828125,4341620000.0,Monday,November,9.4599609375,3745.5445190429687,0.009613981920559844,0.00956806167935914
2022-11-08,3817.02001953125,3859.39990234375,3786.280029296875,3828.110107421875,4607640000.0,Tuesday,November,-31.0,3757.508020019531,0.005597892802462701,0.005582282828760321
2022-11-09,3810.93994140625,3818.199951171875,3744.219970703125,3748.570068359375,4645010000.0,Wednesday,November,-82.030029296875,3766.0850219726562,-0.02077788695478977,-0.020996784712303443
2022-11-10,3859.889892578125,3958.330078125,3859.889892578125,3956.3701171875,5781260000.0,Thursday,November,149.070068359375,3780.4080322265627,0.05543448436034493,0.05395251566479769
2022-11-11,3963.719970703125,4001.47998046875,3944.820068359375,3992.929931640625,5593310000.0,Friday,November,91.869873046875,3800.901025390625,0.009240746788147902,0.009198312304769028
2022-11-14,3977.969970703125,4008.969970703125,3956.39990234375,3957.25,4561930000.0,Monday,November,85.27001953125,3814.8660278320312,-0.008935777048800997,-0.008975940544918012
2022-11-15,4006.409912109375,4028.840087890625,3953.169921875,3991.72998046875,5015310000.0,Tuesday,November,135.6298828125,3828.4535278320313,0.008713116550319144,0.008675376414669186
2022-11-16,3976.820068359375,3983.090087890625,3954.340087890625,3958.7900390625,4165320000.0,Wednesday,November,199.10009765625,3841.6350341796874,-0.008252046497990273,-0.008286283111873759
2022-11-17,3919.260009765625,3954.330078125,3906.5400390625,3946.56005859375,4051780000.0,Thursday,November,226.670166015625,3855.674035644531,-0.0030893228355314273,-0.0030941046442292835
2022-11-18,3966.389892578125,3979.889892578125,3935.97998046875,3965.340087890625,4037360000.0,Friday,November,194.7900390625,3866.3035400390627,0.00475858190881473,0.00474729564815821
2022-11-21,3956.22998046875,3962.0,3933.340087890625,3949.93994140625,3850690000.0,Monday,November,143.139892578125,3873.9335327148438,-0.003883688698329779,-0.003891249800275618
2022-11-22,3965.510009765625,4005.8798828125,3956.8798828125,4003.580078125,3887990000.0,Tuesday,November,175.469970703125,3881.15703125,0.013579987927526016,0.01348860626982839
2022-11-23,4000.300048828125,4033.780029296875,3998.659912109375,4027.260009765625,3279720000.0,Wednesday,November,278.68994140625,3890.990026855469,0.0059146891478476515,0.0058972660417383116
2022-11-24,4000.300048828125,4033.780029296875,3998.659912109375,4027.260009765625,3279720000.0,Thursday,November,70.889892578125,3901.9880249023436,0.0,0.0
2022-11-25,4023.340087890625,4034.02001953125,4020.760009765625,4026.1201171875,1706460000.0,Friday,November,33.190185546875,3908.2410278320312,-0.0002830441976333642,-0.0002830842622024787
2022-11-28,4005.360107421875,4012.27001953125,3955.77001953125,3963.93994140625,3615430000.0,Monday,November,6.68994140625,3912.8390258789063,-0.015444192913123267,-0.015564696794064813
2022-11-29,3964.18994140625,3976.77001953125,3937.64990234375,3957.6298828125,3546040000.0,Tuesday,November,-34.10009765625,3917.9155151367186,-0.0015918653377758885,-0.0015931337016243704
2022-11-30,3957.179931640625,4080.110107421875,3938.580078125,4080.110107421875,6579360000.0,Wednesday,November,121.320068359375,3933.9365234375,0.030947872397389053,0.030478643521294944
2022-12-01,4087.139892578125,4100.509765625,4050.8701171875,4076.570068359375,4527130000.0,Thursday,December,130.010009765625,3951.7705322265624,-0.0008676332180498347,-0.0008680098296065889
2022-12-02,4040.169921875,4080.47998046875,4026.6298828125,4071.699951171875,4012620000.0,Friday,December,106.35986328125,3966.82802734375,-0.001194660488065602,-0.001195374663761461
2022-12-05,4052.02001953125,4052.449951171875,3984.489990234375,3998.840087890625,4280820000.0,Monday,December,48.900146484375,3976.430029296875,-0.017894212283564803,-0.01805624963097222
2022-12-06,3996.6298828125,4001.510009765625,3918.389892578125,3941.260009765625,4368380000.0,Tuesday,December,-62.320068359375,3982.0875244140625,-0.014399194981406072,-0.014503869422986057
2022-12-07,3933.280029296875,3957.570068359375,3922.679931640625,3933.919921875,4118050000.0,Wednesday,December,-93.340087890625,3991.355017089844,-0.0018623708845491027,-0.001864107253381664
2022-12-08,3947.7900390625,3974.18994140625,3935.830078125,3963.510009765625,4006900000.0,Thursday,December,-63.75,3991.71201171875,0.00752178195750397,0.007493634413933237
2022-12-09,3954.169921875,3977.02001953125,3933.0400390625,3934.3798828125,3888260000.0,Friday,December,-91.740234375,3988.7845092773437,-0.007349578247904498,-0.0073767194642132125
2022-12-12,3939.2900390625,3990.7099609375,3935.300048828125,3990.56005859375,3904130000.0,Monday,December,26.6201171875,3990.4500122070312,0.014279296218109305,0.01417830729965003
2022-12-13,4069.3798828125,4100.9599609375,3993.030029296875,4019.64990234375,5079360000.0,Tuesday,December,62.02001953125,3991.8460083007812,0.0072896644387934195,0.007263223255457212
2022-12-14,4015.5400390625,4053.760009765625,3965.64990234375,3995.320068359375,4472340000.0,Wednesday,December,-84.7900390625,3993.672509765625,-0.006052724634100337,-0.006071116623835963
2022-12-15,3958.3701171875,3958.3701171875,3879.449951171875,3895.75,4493900000.0,Thursday,December,-180.820068359375,3991.1320068359373,-0.024921675023714007,-0.02523747790182607
2022-12-16,3890.909912109375,3890.909912109375,3827.909912109375,3852.360107421875,7493660000.0,Friday,December,-219.33984375,3985.4830078125,-0.011137750774080746,-0.011200239946011676
2022-12-19,3853.7900390625,3854.860107421875,3800.0400390625,3817.659912109375,3969610000.0,Monday,December,-181.18017578125,3978.869006347656,-0.009007516001852345,-0.0090483289411038
2022-12-20,3810.469970703125,3838.239990234375,3795.6201171875,3821.6201171875,3985370000.0,Tuesday,December,-119.639892578125,3969.7710083007814,0.0010373383615349674,0.001036800697890769
2022-12-21,3839.489990234375,3889.820068359375,3839.489990234375,3878.43994140625,3775200000.0,Wednesday,December,-55.47998046875,3962.3300048828123,0.014867993802734736,0.014758548669054294
2022-12-22,3853.260009765625,3853.260009765625,3764.489990234375,3822.389892578125,3956950000.0,Thursday,December,-141.1201171875,3952.0864990234377,-0.01445169956861636,-0.014557142498145655
2022-12-23,3815.110107421875,3845.800048828125,3797.010009765625,3844.820068359375,2819280000.0,Friday,December,-89.559814453125,3943.0214965820314,0.005868102525282026,0.005850952271915072
2022-12-26,3815.110107421875,3845.800048828125,3797.010009765625,3844.820068359375,2819280000.0,Monday,December,-145.739990234375,3937.0655029296877,0.0,0.0
2022-12-27,3843.340087890625,3846.64990234375,3813.219970703125,3829.25,3030300000.0,Tuesday,December,-190.39990234375,3930.6465087890624,-0.004049622110409712,-0.004057844034659477
2022-12-28,3829.56005859375,3848.320068359375,3780.780029296875,3783.219970703125,3083520000.0,Wednesday,December,-212.10009765625,3915.802001953125,-0.012020638322615351,-0.012093470442948605
2022-12-29,3805.449951171875,3858.18994140625,3805.449951171875,3849.280029296875,3003680000.0,Thursday,December,-46.469970703125,3904.4375,0.01746133164481911,0.01731063431499432
2022-12-30,3829.06005859375,3839.85009765625,3800.340087890625,3839.5,2979870000.0,Friday,December,-12.860107421875,3892.827502441406,-0.0025407424823445934,-0.002543975646110833
2023-01-02,3829.06005859375,3839.85009765625,3800.340087890625,3839.5,2979870000.0,Monday,January,21.840087890625,3884.860498046875,0.0,0.0
2023-01-03,3853.2900390625,3878.4599609375,3794.330078125,3824.139892578125,3959140000.0,Tuesday,January,2.519775390625,3879.0044921875,-0.004000548879248611,-0.004008572481273608
2023-01-04,3840.360107421875,3873.159912109375,3815.77001953125,3852.969970703125,4414080000.0,Wednesday,January,-25.469970703125,3874.956994628906,0.007538970575044379,0.007510694562138916
2023-01-05,3839.739990234375,3839.739990234375,3802.419921875,3808.10009765625,3893450000.0,Thursday,January,-14.289794921875,3867.1864990234376,-0.011645528874622113,-0.011713869136457158
2023-01-06,3823.3701171875,3906.18994140625,3809.56005859375,3895.080078125,3923560000.0,Friday,January,50.260009765625,3865.2215087890627,0.02284078102943865,0.02258383558903089
2023-01-09,3910.820068359375,3950.570068359375,3890.419921875,3892.090087890625,4311770000.0,Monday,January,47.27001953125,3860.2980102539063,-0.0007676325452631305,-0.0007679273259905782
2023-01-10,3888.570068359375,3919.830078125,3877.2900390625,3919.25,3851030000.0,Tuesday,January,90.0,3855.2780151367188,0.006978233159061986,0.006953997970593733
2023-01-11,3932.35009765625,3970.070068359375,3928.5400390625,3969.610107421875,4303360000.0,Wednesday,January,186.39013671875,3853.9925170898437,0.012849424614881588,0.012767571192293676
2023-01-12,3977.570068359375,3997.760009765625,3937.56005859375,3983.169921875,4440260000.0,Thursday,January,133.889892578125,3858.3635131835936,0.0034159058663651987,0.0034100849120427303
2023-01-13,3960.60009765625,4003.949951171875,3947.669921875,3999.090087890625,3939700000.0,Friday,January,159.590087890625,3865.7000122070312,0.003996858363534361,0.003988892144656051
2023-01-16,3960.60009765625,4003.949951171875,3947.669921875,3999.090087890625,3939700000.0,Monday,January,159.590087890625,3874.771520996094,0.0,0.0
2023-01-17,3999.280029296875,4015.389892578125,3984.570068359375,3990.969970703125,4235560000.0,Tuesday,January,166.830078125,3883.239013671875,-0.0020304911890052235,-0.002032555430996314
2023-01-18,4002.25,4014.159912109375,3926.590087890625,3928.860107421875,4298710000.0,Wednesday,January,75.89013671875,3885.7600219726564,-0.015562598500411085,-0.01568496697774467
2023-01-19,3911.840087890625,3922.93994140625,3885.5400390625,3898.85009765625,3991500000.0,Thursday,January,90.75,3889.5830322265624,-0.007638350296294338,-0.007667671901812428
2023-01-20,3909.0400390625,3972.9599609375,3897.860107421875,3972.610107421875,4013360000.0,Friday,January,77.530029296875,3895.9725341796875,0.018918401045981525,0.01874167355235196
2023-01-23,3978.139892578125,4039.31005859375,3971.639892578125,4019.81005859375,3945210000.0,Monday,January,127.719970703125,3904.722033691406,0.01188134498366522,0.011811315951328555
2023-01-24,4001.739990234375,4023.919921875,3989.7900390625,4016.949951171875,3320430000.0,Tuesday,January,97.699951171875,3914.10703125,-0.0007115031258156934,-0.0007117563642918193
2023-01-25,3982.7099609375,4019.550048828125,3949.06005859375,4016.219970703125,3724020000.0,Wednesday,January,46.60986328125,3925.75703125,-0.0001817250594663422,-0.00018174157346566321
2023-01-26,4036.080078125,4061.570068359375,4013.2900390625,4060.429931640625,3809590000.0,Thursday,January,77.260009765625,3936.3145263671877,0.011007853469181317,0.010947708029114303
2023-01-27,4053.719970703125,4094.2099609375,4048.699951171875,4070.56005859375,3907760000.0,Friday,January,71.469970703125,3947.867529296875,0.002494840970949097,0.002491734021703855
2023-01-30,4049.27001953125,4063.85009765625,4015.550048828125,4017.77001953125,3802000000.0,Monday,January,18.679931640625,3956.7810302734374,-0.012968740984683369,-0.013053569315292663
2023-01-31,4020.85009765625,4077.159912109375,4020.43994140625,4076.60009765625,4679320000.0,Tuesday,January,85.630126953125,3969.4040405273436,0.014642470285510134,0.014536304416419527
2023-02-01,4070.070068359375,4148.9501953125,4037.199951171875,4119.2099609375,4856930000.0,Wednesday,February,190.349853515625,3982.7160400390626,0.010452303944590291,0.01039805629688473
2023-02-02,4158.68017578125,4195.43994140625,4141.8798828125,4179.759765625,5624360000.0,Thursday,February,280.90966796875,4001.2990234375,0.014699373244309921,0.014592384626854379
2023-02-03,4136.68994140625,4182.35986328125,4123.35986328125,4136.47998046875,4694510000.0,Friday,February,163.869873046875,4013.3690185546875,-0.010354610691310495,-0.010408592637285455
2023-02-06,4119.56982421875,4124.6298828125,4093.3798828125,4111.080078125,4114240000.0,Monday,February,91.27001953125,4024.3185180664063,-0.006140463017754394,-0.006159393193939262
2023-02-07,4105.35009765625,4176.5400390625,4088.389892578125,4164.0,4355860000.0,Tuesday,February,147.050048828125,4036.556018066406,0.01287251059802652,0.012790364037397075
2023-02-08,4153.47021484375,4156.85009765625,4111.669921875,4117.85986328125,4029820000.0,Wednesday,February,101.639892578125,4043.968505859375,-0.011080724476164705,-0.011142573012411353
2023-02-09,4144.25,4156.22998046875,4069.669921875,4081.5,4270200000.0,Thursday,February,21.070068359375,4048.885009765625,-0.00882979617773516,-0.008869009831037385
2023-02-10,4068.919921875,4094.360107421875,4060.7900390625,4090.4599609375,3891520000.0,Friday,February,19.89990234375,4053.453503417969,0.0021952617756952897,0.0021928557092171274
2023-02-13,4096.6201171875,4138.89990234375,4092.669921875,4137.2900390625,3448620000.0,Monday,February,119.52001953125,4060.3635009765626,0.011448609342766147,0.011383569951155146
2023-02-14,4126.7001953125,4159.77001953125,4095.010009765625,4136.1298828125,3929200000.0,Tuesday,February,59.52978515625,4067.6214965820313,-0.0002804145319874607,-0.0002804538554937624
2023-02-15,4119.5,4148.10986328125,4103.97998046875,4147.60009765625,4075980000.0,Wednesday,February,28.39013671875,4078.55849609375,0.002773175690496066,0.002769337533076689
2023-02-16,4114.75,4136.5400390625,4089.489990234375,4090.409912109375,4143660000.0,Thursday,February,-89.349853515625,4088.1364868164064,-0.013788741489130674,-0.013884689204881605
2023-02-17,4077.389892578125,4081.510009765625,4047.949951171875,4079.090087890625,4045480000.0,Friday,February,-57.389892578125,4093.460485839844,-0.002767405825327751,-0.0027712421722827342
2023-02-20,4077.389892578125,4081.510009765625,4047.949951171875,4079.090087890625,4045480000.0,Monday,February,-31.989990234375,4096.424487304687,0.0,0.0
2023-02-21,4052.35009765625,4052.35009765625,3995.18994140625,3997.340087890625,4121590000.0,Tuesday,February,-166.659912109375,4095.443994140625,-0.020041234255327334,-0.020244783973471698
2023-02-22,4001.830078125,4017.3701171875,3976.89990234375,3991.050048828125,4079320000.0,Wednesday,February,-126.809814453125,4094.185498046875,-0.0015735561458868341,-0.0015747954856433837
2023-02-23,4018.60009765625,4028.300048828125,3969.18994140625,4012.320068359375,3952940000.0,Thursday,February,-69.179931640625,4091.7800048828126,0.005329429416074394,0.005315278263237728
2023-02-24,3973.239990234375,3978.25,3943.080078125,3970.0400390625,3877700000.0,Friday,February,-120.419921875,4086.75400390625,-0.010537551485558128,-0.010593464619774184
2023-02-27,3992.360107421875,4018.050048828125,3973.550048828125,3982.239990234375,3836950000.0,Monday,February,-155.050048828125,4084.977502441406,0.0030730045671669703,0.0030682925395522777
2023-02-28,3977.18994140625,3997.5,3968.97998046875,3970.14990234375,5043400000.0,Tuesday,February,-165.97998046875,4079.654992675781,-0.0030360018281855305,-0.0030406198309477117
2023-03-01,3963.340087890625,3971.72998046875,3939.050048828125,3951.389892578125,4249480000.0,Wednesday,March,-196.210205078125,4071.2639892578127,-0.004725264845680033,-0.004736464203492832
2023-03-02,3938.679931640625,3990.840087890625,3928.159912109375,3981.35009765625,4244900000.0,Thursday,March,-109.059814453125,4061.343505859375,0.0075821940867943916,0.0075535937311959735
2023-03-03,3998.02001953125,4048.2900390625,3995.169921875,4045.639892578125,4084730000.0,Friday,March,-33.4501953125,4056.8015014648436,0.0161477371607488,0.01601874917648306
2023-03-06,4055.14990234375,4078.489990234375,4044.610107421875,4048.419921875,4000870000.0,Monday,March,-30.670166015625,4053.668493652344,0.0006871667698291617,0.0006869307788483012
2023-03-07,4048.260009765625,4050.0,3980.31005859375,3986.3701171875,3922500000.0,Tuesday,March,-10.969970703125,4044.786999511719,-0.015326919115337678,-0.015445590479262547
2023-03-08,3987.550048828125,4000.409912109375,3969.760009765625,3992.010009765625,3535570000.0,Wednesday,March,0.9599609375,4038.4945068359375,0.0014147940136839399,0.0014137941356032722
2023-03-09,3998.659912109375,4017.81005859375,3908.699951171875,3918.320068359375,4445260000.0,Thursday,March,-94.0,4030.3355102539062,-0.01845935787384867,-0.018631857945482354
2023-03-10,3912.77001953125,3934.050048828125,3846.320068359375,3861.590087890625,5518190000.0,Friday,March,-108.449951171875,4018.8920166015623,-0.01447813845705137,-0.01458396943606664
2023-03-13,3835.1201171875,3905.050048828125,3808.860107421875,3855.760009765625,6558020000.0,Monday,March,-126.47998046875,4004.8155151367187,-0.001509761003189447,-0.001510901840738768
2023-03-14,3894.010009765625,3937.2900390625,3873.6298828125,3919.2900390625,5665870000.0,Tuesday,March,-50.85986328125,3993.973522949219,0.016476655480623936,0.016342388235363665
2023-03-15,3876.739990234375,3894.260009765625,3838.239990234375,3891.929931640625,6594010000.0,Wednesday,March,-59.4599609375,3981.1900146484377,-0.00698088356543769,-0.007005363929353597
2023-03-16,3878.929931640625,3964.4599609375,3864.110107421875,3960.280029296875,5695790000.0,Thursday,March,-21.070068359375,3974.6835205078123,0.017562006217166637,0.017409576249031722
2023-03-17,3958.68994140625,3958.909912109375,3901.27001953125,3916.639892578125,9354280000.0,Friday,March,-129.0,3966.5610107421876,-0.011019457310067593,-0.011080621273953702
2023-03-20,3917.469970703125,3956.6201171875,3916.889892578125,3951.570068359375,5347140000.0,Monday,March,-96.849853515625,3960.185009765625,0.008918403718310097,0.008878869635940853
2023-03-21,3975.889892578125,4009.080078125,3971.18994140625,4002.8701171875,4920240000.0,Tuesday,March,16.5,3960.4615112304687,0.012982193897784988,0.012898647518559103
2023-03-22,4002.0400390625,4039.489990234375,3936.169921875,3936.969970703125,4533010000.0,Wednesday,March,-55.0400390625,3957.7575073242188,-0.01646322377571363,-0.016600248639842885
2023-03-23,3959.2099609375,4007.659912109375,3919.050048828125,3948.719970703125,4991600000.0,Thursday,March,30.39990234375,3954.577502441406,0.0029845287333754023,0.0029800838691824228
2023-03-24,3939.2099609375,3972.739990234375,3909.159912109375,3970.989990234375,4583970000.0,Friday,March,109.39990234375,3954.625,0.005639807253104534,0.005623963084303207
2023-03-27,3982.929931640625,4003.830078125,3970.489990234375,3977.530029296875,4233540000.0,Monday,March,121.77001953125,3954.389501953125,0.0016469543057482383,0.0016455995637670831
2023-03-28,3974.1298828125,3979.199951171875,3951.530029296875,3971.27001953125,4014600000.0,Tuesday,March,51.97998046875,3954.4455078125,-0.0015738434957162095,-0.0015750832883878866
2023-03-29,3999.530029296875,4030.590087890625,3999.530029296875,4027.81005859375,4145250000.0,Wednesday,March,135.880126953125,3958.2665161132813,0.014237268879836451,0.014136870775046802
2023-03-30,4046.739990234375,4057.85009765625,4032.10009765625,4050.830078125,3930860000.0,Thursday,March,90.550048828125,3961.740515136719,0.005715269388667954,0.005698999199482652
2023-03-31,4056.179931640625,4110.75,4056.179931640625,4109.31005859375,4525120000.0,Friday,March,192.670166015625,3964.9240234375,0.014436542471763847,0.014333327782036555
2023-04-03,4102.2001953125,4127.66015625,4098.7900390625,4124.509765625,4234700000.0,Monday,April,172.939697265625,3968.728515625,0.0036988464765423945,0.003692022565802823
2023-04-04,4128.02978515625,4133.1298828125,4086.8701171875,4100.60009765625,4227800000.0,Tuesday,April,97.72998046875,3974.4400146484377,-0.005796972083329965,-0.005813839745162529
2023-04-05,4094.5,4099.68994140625,4072.56005859375,4090.3798828125,3968020000.0,Wednesday,April,153.409912109375,3979.358508300781,-0.002492370531228194,-0.002495481657121423
2023-04-06,4081.14990234375,4107.31982421875,4069.840087890625,4105.02001953125,3486690000.0,Thursday,April,156.300048828125,3988.693505859375,0.0035791630944272956,0.0035727731328032467
2023-04-07,4081.14990234375,4107.31982421875,4069.840087890625,4105.02001953125,3486690000.0,Friday,April,134.030029296875,4000.8650024414064,0.0,0.0
2023-04-10,4085.199951171875,4109.5,4072.550048828125,4109.10986328125,3423650000.0,Monday,April,131.579833984375,4013.5324951171874,0.0009963029974375814,0.0009958070170100843
2023-04-11,4110.2900390625,4124.259765625,4102.60986328125,4108.93994140625,3665830000.0,Tuesday,April,137.669921875,4023.014990234375,-4.1352477946232646e-05,-4.135333298352082e-05
2023-04-12,4121.72021484375,4134.3701171875,4086.93994140625,4091.949951171875,3633120000.0,Wednesday,April,64.139892578125,4033.0159912109375,-0.004134884052006904,-0.0041434563234613855
2023-04-13,4100.0400390625,4150.259765625,4099.39990234375,4146.22021484375,3596590000.0,Thursday,April,95.39013671875,4042.3130004882814,0.01326268999363811,0.013175510497831548
2023-04-14,4140.10986328125,4163.18994140625,4113.2001953125,4137.64013671875,3575690000.0,Friday,April,28.330078125,4053.3630126953126,-0.0020693734728036706,-0.0020715175845779886
2023-04-17,4137.169921875,4151.72021484375,4123.18017578125,4151.31982421875,3611180000.0,Monday,April,26.81005859375,4063.3505004882813,0.00330615690296554,0.0033007035826147536
2023-04-18,4164.259765625,4169.47998046875,4140.35986328125,4154.8701171875,3536640000.0,Tuesday,April,54.27001953125,4070.9505004882812,0.0008552202959737354,0.0008548548034659753
2023-04-19,4139.330078125,4162.56982421875,4134.490234375,4154.52001953125,3572560000.0,Wednesday,April,64.14013671875,4081.8280029296875,-8.42619976980652e-05,-8.426554793962826e-05
2023-04-20,4130.47998046875,4148.56982421875,4114.56982421875,4129.7900390625,3772080000.0,Thursday,April,24.77001953125,4090.8815063476563,-0.00595254815297297,-0.005970335188311131
2023-04-21,4132.14013671875,4138.02001953125,4113.85986328125,4133.52001953125,3611750000.0,Friday,April,28.5,4099.0080078125,0.0009031888869577287,0.0009027812573008861
2023-04-24,4132.06982421875,4142.41015625,4117.77001953125,4137.0400390625,3290940000.0,Monday,April,27.93017578125,4106.983508300781,0.0008515791660903549,0.0008512167782723126
2023-04-25,4126.43017578125,4126.43017578125,4071.3798828125,4071.6298828125,3978640000.0,Tuesday,April,-37.31005859375,4112.001501464843,-0.015810858882773227,-0.01593718381857645
2023-04-26,4087.780029296875,4089.669921875,4049.35009765625,4055.989990234375,3837030000.0,Wednesday,April,-35.9599609375,4113.410498046875,-0.003841187197329843,-0.0038485835033448754
2023-04-27,4075.2900390625,4138.240234375,4075.2900390625,4135.35009765625,3750550000.0,Thursday,April,-10.8701171875,4117.636499023438,0.01956614972249704,0.019377193402696356
2023-04-28,4129.6298828125,4170.06005859375,4127.18017578125,4169.47998046875,4087800000.0,Friday,April,31.83984375,4120.644995117187,0.008253202753460531,0.008219331313243467
2023-05-01,4166.7900390625,4186.919921875,4164.1201171875,4167.8701171875,3321370000.0,Monday,May,16.55029296875,4122.813012695313,-0.0003861064902076494,-0.0003861810485107871
2023-05-02,4164.10009765625,4164.10009765625,4089.719970703125,4119.580078125,4486130000.0,Tuesday,May,-35.2900390625,4123.76201171875,-0.011586262936400304,-0.011653906680571788
2023-05-03,4122.25,4148.2998046875,4088.860107421875,4090.75,4246510000.0,Wednesday,May,-63.77001953125,4123.780517578125,-0.006998305064656485,-0.007022908054892971
2023-05-04,4082.550048828125,4082.610107421875,4048.280029296875,4061.219970703125,4920090000.0,Thursday,May,-68.570068359375,4121.590515136719,-0.007218732334382416,-0.007244913455062742
2023-05-05,4084.72998046875,4147.02001953125,4084.72998046875,4136.25,4186270000.0,Friday,May,2.72998046875,4123.152014160156,0.018474751389515376,0.018306166381879797
2023-05-08,4136.97998046875,4142.2998046875,4123.81005859375,4138.1201171875,3641640000.0,Monday,May,1.080078125,4124.602526855469,0.0004521286642489297,0.0004520264848820656
2023-05-09,4124.25,4130.35009765625,4116.64990234375,4119.169921875,3810140000.0,Tuesday,May,47.5400390625,4125.114025878906,-0.004579421277258522,-0.004589938949059595
2023-05-10,4143.740234375,4154.27978515625,4098.919921875,4137.64013671875,4057160000.0,Wednesday,May,81.650146484375,4127.39853515625,0.004483965263404999,0.004473942241914432
2023-05-11,4132.240234375,4132.7998046875,4109.2900390625,4130.6201171875,3752900000.0,Thursday,May,-4.72998046875,4126.6185302734375,-0.0016966239932159066,-0.0016980648897067581
2023-05-12,4138.5400390625,4143.740234375,4099.1201171875,4124.080078125,3533740000.0,Friday,May,-45.39990234375,4125.94052734375,-0.0015833068345566526,-0.0015845615894390477
2023-05-15,4126.64990234375,4141.25,4110.27001953125,4136.27978515625,3562170000.0,Monday,May,-31.59033203125,4125.188525390625,0.0029581644391338813,0.002953797680316935
2023-05-16,4127.9501953125,4135.5400390625,4109.85986328125,4109.89990234375,3654200000.0,Tuesday,May,-9.68017578125,4122.940014648438,-0.006377683373153031,-0.006398107681917463
2023-05-17,4122.85009765625,4164.669921875,4113.6201171875,4158.77001953125,4039080000.0,Wednesday,May,68.02001953125,4123.152514648437,0.011890829058788244,0.011820688622071574
2023-05-18,4157.68017578125,4202.2001953125,4153.5,4198.0498046875,3980500000.0,Thursday,May,136.829833984375,4126.565502929688,0.009445048649426635,0.009400723063727155
2023-05-19,4204.14990234375,4212.91015625,4180.2001953125,4191.97998046875,4041900000.0,Friday,May,55.72998046875,4129.488500976562,-0.0014458676054706077,-0.0014469138806754414
2023-05-22,4190.77978515625,4209.22021484375,4179.68017578125,4192.6298828125,3728520000.0,Monday,May,54.509765625,4132.267993164062,0.0001550346964389604,0.00015502267980239146
2023-05-23,4176.7998046875,4185.68017578125,4142.5400390625,4145.580078125,4155320000.0,Tuesday,May,26.41015625,4135.965502929687,-0.011222026747550129,-0.011285468768284297
2023-05-24,4132.9599609375,4132.9599609375,4103.97998046875,4115.240234375,0.0,Wednesday,May,-22.39990234375,4138.928015136718,-0.007318600335353365,-0.007345512678305211
2023-05-25,4155.7099609375,4165.740234375,4129.72998046875,4151.27978515625,4147760000.0,Thursday,May,20.65966796875,4139.724499511719,0.008757581265902425,0.008719456079011883
2023-05-26,4156.16015625,4212.8701171875,4156.16015625,4205.4501953125,3715460000.0,Friday,May,81.3701171875,4141.523010253906,0.01304908677799732,0.012964680931640788
2023-05-29,4156.16015625,4212.8701171875,4156.16015625,4205.4501953125,3715460000.0,Monday,May,69.17041015625,4143.402014160156,0.0,0.0
2023-05-30,4226.7099609375,4231.10009765625,4192.18017578125,4205.52001953125,4228510000.0,Tuesday,May,95.6201171875,4147.699011230468,1.660326849850513e-05,1.660313066576836e-05
2023-05-31,4190.740234375,4195.43994140625,4166.14990234375,4179.830078125,5980670000.0,Wednesday,May,21.06005859375,4152.153015136719,-0.006108624209833935,-0.006127358186214099
2023-06-01,4183.02978515625,4232.43017578125,4171.64013671875,4221.02001953125,4391860000.0,Thursday,June,22.97021484375,4160.143017578125,0.009854453563032717,0.009806215085853812
2023-06-02,4241.009765625,4290.669921875,4241.009765625,4282.3701171875,4454200000.0,Friday,June,90.39013671875,4167.4490234375,0.014534424705965554,0.014429812390107408
2023-06-05,4282.990234375,4299.27978515625,4266.81982421875,4273.7900390625,3813290000.0,Monday,June,81.16015625,4174.23251953125,-0.0020035816359177394,-0.002005591490657713
2023-06-06,4271.33984375,4288.330078125,4263.08984375,4283.85009765625,3996560000.0,Tuesday,June,138.27001953125,4182.466528320312,0.0023538963079141606,0.002351130233850576
2023-06-07,4285.47021484375,4299.18994140625,4263.9599609375,4267.52001953125,4537800000.0,Wednesday,June,152.27978515625,4188.960522460938,-0.0038120096998572883,-0.003819293926420617
2023-06-08,4268.68994140625,4298.009765625,4261.06982421875,4293.93017578125,3826740000.0,Thursday,June,142.650390625,4197.126025390625,0.0061886426142414575,0.00616957160752325
2023-06-09,4304.8798828125,4322.6201171875,4291.7001953125,4298.85986328125,3786510000.0,Friday,June,93.40966796875,4205.865014648438,0.001148059539441082,0.0011474010230505239
2023-06-12,4308.31982421875,4340.1298828125,4304.3701171875,4338.93017578125,3945670000.0,Monday,June,133.47998046875,4215.997534179687,0.009321148810237156,0.00927797498175416
2023-06-13,4352.60986328125,4375.3701171875,4349.31005859375,4369.009765625,4275400000.0,Tuesday,June,163.48974609375,4228.95302734375,0.006932489951473775,0.006908570725908898
2023-06-14,4366.2900390625,4391.81982421875,4337.85009765625,4372.58984375,4252110000.0,Wednesday,June,192.759765625,4239.644018554687,0.0008194255259321714,0.0008190899801265841
2023-06-15,4365.330078125,4439.2001953125,4362.60009765625,4425.83984375,4176690000.0,Thursday,June,204.81982421875,4251.033520507813,0.01217813742034668,0.012104580493589997
2023-06-16,4440.9501953125,4448.47021484375,4407.43994140625,4409.58984375,6848600000.0,Friday,June,127.2197265625,4261.914013671875,-0.0036716195284263176,-0.0036783764677510893
2023-06-19,4440.9501953125,4448.47021484375,4407.43994140625,4409.58984375,6848600000.0,Monday,June,135.7998046875,4272.76201171875,0.0,0.0
2023-06-20,4396.10986328125,4400.14990234375,4367.18994140625,4388.7099609375,4055790000.0,Tuesday,June,104.85986328125,4284.918505859375,-0.0047351076976228645,-0.004746353835236048
2023-06-21,4380.009765625,4386.22021484375,4360.14013671875,4365.68994140625,3709330000.0,Wednesday,June,98.169921875,4297.440991210938,-0.005245281583003636,-0.005259086366925201
2023-06-22,4355.39990234375,4382.25,4351.81982421875,4381.89013671875,3511000000.0,Thursday,June,87.9599609375,4308.971508789063,0.003710798414438443,0.0037039303873345254
2023-06-23,4354.169921875,4366.5498046875,4341.33984375,4348.330078125,6053620000.0,Friday,June,49.47021484375,4316.115502929688,-0.007658808766684566,-0.007688288056502158
2023-06-26,4344.83984375,4362.06005859375,4328.080078125,4328.81982421875,3415030000.0,Monday,June,-10.1103515625,4322.283984375,-0.004486838293256468,-0.004496934363132171
2023-06-27,4337.35986328125,4384.419921875,4335.0,4378.41015625,3573500000.0,Tuesday,June,9.400390625,4330.928491210938,0.011455854954693034,0.01139073352418076
2023-06-28,4367.47998046875,4390.35009765625,4360.22021484375,4376.85986328125,3739330000.0,Wednesday,June,4.27001953125,4340.77998046875,-0.00035407668843834283,-0.0003541393883898215
2023-06-29,4374.93994140625,4398.39013671875,4371.97021484375,4396.43994140625,3696660000.0,Thursday,June,-29.39990234375,4349.5509765625,0.004473544672805918,0.00446356811449
2023-06-30,4422.43994140625,4458.47998046875,4422.43994140625,4450.3798828125,3923450000.0,Friday,June,40.7900390625,4357.95146484375,0.012269004495714109,0.0121943502618858
2023-07-03,4450.47998046875,4456.4599609375,4442.2900390625,4455.58984375,2034280000.0,Monday,July,46.0,4367.041455078125,0.0011706778016009611,0.0011699930926736418
2023-07-04,4450.47998046875,4456.4599609375,4442.2900390625,4455.58984375,2034280000.0,Tuesday,July,66.8798828125,4375.628442382813,0.0,0.0
2023-07-05,4442.0400390625,4454.06005859375,4436.60986328125,4446.81982421875,3482620000.0,Wednesday,July,81.1298828125,4384.593432617187,-0.0019683184132291975,-0.0019702580976127164
2023-07-06,4422.6201171875,4422.6201171875,4385.0498046875,4411.58984375,3682020000.0,Thursday,July,29.69970703125,4390.476416015625,-0.007922511336500904,-0.007954061175894762
2023-07-07,4404.5400390625,4440.39013671875,4397.39990234375,4398.9501953125,3630480000.0,Friday,July,50.6201171875,4395.480932617187,-0.0028651005386203243,-0.002869212795733482
2023-07-10,4394.22998046875,4412.60009765625,4389.919921875,4409.52978515625,3429600000.0,Monday,July,80.7099609375,4399.010913085937,0.002405026057131332,0.002402138610626312
2023-07-11,4415.5498046875,4443.64013671875,4408.4599609375,4439.259765625,3624220000.0,Tuesday,July,60.849609375,4402.523413085937,0.0067422110558885695,0.006719583998254874
2023-07-12,4467.68994140625,4488.33984375,4463.22998046875,4472.16015625,3920290000.0,Wednesday,July,95.30029296875,4407.501928710937,0.007411233485312474,0.007383905235389679
2023-07-13,4491.5,4517.3798828125,4489.35986328125,4510.0400390625,3839530000.0,Thursday,July,113.60009765625,4411.711938476563,0.008470153458069118,0.008434482989627111
2023-07-14,4514.60986328125,4527.759765625,4499.56005859375,4505.419921875,3647450000.0,Friday,July,55.0400390625,4416.503442382813,-0.0010244071333035398,-0.001024932196907484
2023-07-17,4508.85986328125,4532.85009765625,4504.89990234375,4522.7900390625,3538240000.0,Monday,July,67.2001953125,4422.1634521484375,0.0038553825145495324,0.0038479695744204137
2023-07-18,4521.77978515625,4562.2998046875,4514.58984375,4554.97998046875,4090010000.0,Tuesday,July,99.39013671875,4430.476953125,0.007117275205842377,0.007092066941428338
2023-07-19,4563.8701171875,4578.43017578125,4557.47998046875,4565.72021484375,4115670000.0,Wednesday,July,118.900390625,4440.478466796875,0.002357910335732072,0.002355134827233639
2023-07-20,4554.3798828125,4564.740234375,4527.56005859375,4534.8701171875,3761770000.0,Thursday,July,123.2802734375,4448.127465820313,-0.006756896218903741,-0.006779827396257691
2023-07-21,4550.16015625,4555.0,4535.7900390625,4536.33984375,3570190000.0,Friday,July,137.3896484375,4457.5279541015625,0.0003240945218980773,0.0003240420146130911
2023-07-24,4543.39013671875,4563.41015625,4541.2900390625,4554.64013671875,3856250000.0,Monday,July,145.1103515625,4468.8189697265625,0.004034153877153557,0.004026038496874852
2023-07-25,4555.18994140625,4580.6201171875,4552.419921875,4567.4599609375,3812470000.0,Tuesday,July,128.2001953125,4478.271459960937,0.002814673351556163,0.0028107195758387046
2023-07-26,4558.9599609375,4582.47021484375,4547.580078125,4566.75,3990290000.0,Wednesday,July,94.58984375,4487.765966796875,-0.00015543889679858758,-0.00015545097867591856
2023-07-27,4598.259765625,4607.06982421875,4528.56005859375,4537.41015625,4553210000.0,Thursday,July,27.3701171875,4494.814477539063,-0.006424666064487883,-0.006445393055197076
2023-07-28,4565.75,4590.16015625,4564.009765625,4582.22998046875,3981010000.0,Friday,July,76.81005859375,4501.406982421875,0.009877842794752345,0.009829375810433848
2023-07-31,4584.81982421875,4594.22021484375,4573.14013671875,4588.9599609375,4503600000.0,Monday,July,66.169921875,4508.07548828125,0.0014687129405193122,0.0014676354365687912
2023-08-01,4578.830078125,4584.6201171875,4567.52978515625,4576.72998046875,4042370000.0,Tuesday,August,21.75,4514.132495117187,-0.002665087639215691,-0.0026686453076827116
2023-08-02,4550.93017578125,4550.93017578125,4505.75,4513.39013671875,4270710000.0,Wednesday,August,-52.330078125,4517.461010742188,-0.013839541336347905,-0.013936200638336184
2023-08-03,4494.27001953125,4519.490234375,4485.5400390625,4501.89013671875,4149120000.0,Thursday,August,-32.97998046875,4521.976025390625,-0.0025479738404268204,-0.0025512254502915274
2023-08-04,4513.9599609375,4540.33984375,4474.5498046875,4478.02978515625,4143310000.0,Friday,August,-58.31005859375,4525.930004882813,-0.005300074155050516,-0.0053141693739379705
2023-08-07,4491.580078125,4519.83984375,4491.14990234375,4518.43994140625,3493920000.0,Monday,August,-36.2001953125,4531.375512695313,0.00902409277936278,0.008983618964856572
2023-08-08,4498.02978515625,4503.31005859375,4464.39013671875,4499.3798828125,3884910000.0,Tuesday,August,-68.080078125,4534.381518554687,-0.004218283044793103,-0.004227205100058866
2023-08-09,4501.56982421875,4502.43994140625,4461.330078125,4467.7099609375,3803100000.0,Wednesday,August,-99.0400390625,4534.159008789063,-0.007038730380597102,-0.007063619102045116
2023-08-10,4487.16015625,4527.3701171875,4457.919921875,4468.830078125,4504370000.0,Thursday,August,-68.580078125,4532.0985107421875,0.00025071394456976925,0.00025068252108086326
2023-08-11,4450.68994140625,4476.22998046875,4443.97998046875,4464.0498046875,3753290000.0,Friday,August,-118.18017578125,4530.030004882812,-0.0010696923700230787,-0.0010702648992294865
2023-08-14,4458.1298828125,4490.330078125,4453.43994140625,4489.72021484375,3896410000.0,Monday,August,-99.23974609375,4528.376513671875,0.005750475751703066,0.005734004879419051
2023-08-15,4478.8701171875,4478.8701171875,4432.18994140625,4437.85986328125,3832250000.0,Tuesday,August,-138.8701171875,4522.5205078125,-0.011550909428841738,-0.011618139396096483
2023-08-16,4433.7900390625,4449.9501953125,4403.5498046875,4404.330078125,3753910000.0,Wednesday,August,-109.06005859375,4514.451000976563,-0.007555395210577687,-0.007584081792624527
2023-08-17,4416.31982421875,4421.169921875,4364.830078125,4370.35986328125,3943700000.0,Thursday,August,-131.5302734375,4506.22548828125,-0.007712913029036983,-0.0077428113775290805
2023-08-18,4344.8798828125,4381.81982421875,4335.31005859375,4369.7099609375,3940400000.0,Friday,August,-108.31982421875,4497.893994140625,-0.00014870682600087726,-0.00014871788395720285
2023-08-21,4380.27978515625,4407.5498046875,4360.2998046875,4399.77001953125,3726850000.0,Monday,August,-118.669921875,4490.15048828125,0.006879188518795987,0.006855634859799785
2023-08-22,4415.330078125,4418.58984375,4382.77001953125,4387.5498046875,3522760000.0,Tuesday,August,-111.830078125,4481.15498046875,-0.002777466728829614,-0.0027813310465456837
2023-08-23,4396.43994140625,4443.18017578125,4396.43994140625,4436.009765625,3837270000.0,Wednesday,August,-31.7001953125,4474.61796875,0.011044879965972587,0.010984330710791359
2023-08-24,4455.16015625,4458.2998046875,4375.5498046875,4376.31005859375,3723470000.0,Thursday,August,-92.52001953125,4466.562963867187,-0.013457974663146133,-0.01354935398400801
2023-08-25,4389.3798828125,4418.4599609375,4356.2900390625,4405.7099609375,3296180000.0,Friday,August,-58.33984375,4457.736962890625,0.006717966037625089,0.006695501060295156
2023-08-28,4426.02978515625,4439.56005859375,4414.97998046875,4433.31005859375,2957230000.0,Monday,August,-56.41015625,4449.9544677734375,0.006264619755036449,0.006245078594196461
2023-08-29,4432.75,4500.14013671875,4431.68017578125,4497.6298828125,3354820000.0,Tuesday,August,59.77001953125,4445.999462890625,0.01450830719454621,0.014404068712056505
2023-08-30,4500.33984375,4521.64990234375,4493.58984375,4514.8701171875,3064110000.0,Wednesday,August,110.5400390625,4446.073461914062,0.003833182103508026,0.003825854181192944
2023-08-31,4517.009765625,4532.259765625,4507.39013671875,4507.66015625,3946360000.0,Thursday,August,137.30029296875,4446.361962890625,-0.0015969365120942491,-0.0015982129743398576
2023-09-01,4530.60009765625,4541.25,4501.35009765625,4515.77001953125,3246260000.0,Friday,September,146.06005859375,4448.248974609375,0.0017991292600010311,0.001797512765518541
2023-09-04,4530.60009765625,4541.25,4501.35009765625,4515.77001953125,3246260000.0,Monday,September,116.0,4448.115478515625,0.0,0.0
2023-09-05,4510.06005859375,4514.2900390625,4496.009765625,4496.830078125,3526250000.0,Tuesday,September,109.2802734375,4447.98798828125,-0.004194177587506065,-0.004202997821381205
2023-09-06,4490.35009765625,4490.35009765625,4442.3798828125,4465.47998046875,3418850000.0,Wednesday,September,29.47021484375,4447.876489257813,-0.006971599351452862,-0.006996014491432261
2023-09-07,4434.5498046875,4457.81005859375,4430.4599609375,4451.14013671875,3763760000.0,Thursday,September,74.830078125,4446.9919921875,-0.0032112659361860363,-0.003216433115732967
2023-09-08,4451.2998046875,4473.52978515625,4448.3798828125,4457.490234375,3259290000.0,Friday,September,51.7802734375,4446.664013671875,0.0014266227216406246,0.0014256060622570594
2023-09-11,4480.97998046875,4490.77001953125,4467.89013671875,4487.4599609375,3369920000.0,Monday,September,54.14990234375,4446.551000976562,0.006723453106275201,0.006700951498135517
2023-09-12,4473.27001953125,4487.10986328125,4456.830078125,4461.89990234375,3435740000.0,Tuesday,September,-35.72998046875,4447.753002929688,-0.005695885604828921,-0.005712169023003997
2023-09-13,4462.64990234375,4479.39013671875,4453.52001953125,4467.43994140625,3529430000.0,Wednesday,September,-47.43017578125,4450.90849609375,0.0012416323054647016,0.0012408621175346041
2023-09-14,4487.77978515625,4511.990234375,4478.68994140625,4505.10009765625,3648720000.0,Thursday,September,-2.56005859375,4457.6455078125,0.00842991886716793,0.00839458553366625
2023-09-15,4497.97998046875,4497.97998046875,4447.2099609375,4450.31982421875,6932230000.0,Friday,September,-65.4501953125,4461.676000976562,-0.012159612938677844,-0.012234145842493929
2023-09-18,4445.1298828125,4466.35986328125,4442.10986328125,4453.52978515625,3161230000.0,Monday,September,-62.240234375,4464.363989257812,0.0007212876971294246,0.0007210276941755188
2023-09-19,4445.41015625,4449.85009765625,4416.60986328125,4443.9501953125,3614880000.0,Tuesday,September,-52.8798828125,4467.184008789062,-0.002151010615372817,-0.0021533273615331264
2023-09-20,4452.81005859375,4461.02978515625,4401.3798828125,4402.2001953125,3308450000.0,Wednesday,September,-63.27978515625,4465.4935302734375,-0.0093947947580596,-0.009439204206291041
2023-09-21,4374.35986328125,4375.7001953125,4329.169921875,4330.0,3662340000.0,Thursday,September,-121.14013671875,4463.17802734375,-0.01640093410321941,-0.016536918318488084
2023-09-22,4341.740234375,4357.39990234375,4316.490234375,4320.06005859375,3349570000.0,Friday,September,-137.43017578125,4458.895532226563,-0.002295598477193961,-0.0022982374027607495
2023-09-25,4310.6201171875,4338.509765625,4302.7001953125,4337.43994140625,3195650000.0,Monday,September,-150.02001953125,4454.102026367187,0.0040230650909416354,0.0040149942038066174
2023-09-26,4312.8798828125,4313.009765625,4265.97998046875,4273.52978515625,3472340000.0,Tuesday,September,-188.3701171875,4442.897021484375,-0.014734533990868215,-0.014844165482264943
2023-09-27,4282.6298828125,4292.06982421875,4238.6298828125,4274.509765625,3875880000.0,Wednesday,September,-192.93017578125,4430.87900390625,0.00022931406074522265,0.00022928777229479233
2023-09-28,4269.64990234375,4317.27001953125,4264.3798828125,4299.7001953125,3846230000.0,Thursday,September,-205.39990234375,4420.481005859375,0.005893173970516585,0.005875877143000698
2023-09-29,4328.18017578125,4333.14990234375,4274.85986328125,4288.0498046875,3865960000.0,Friday,September,-162.27001953125,4409.094995117188,-0.002709582086142026,-0.002713259648289315
2023-10-02,4284.52001953125,4300.580078125,4260.2099609375,4288.39013671875,3938660000.0,Monday,October,-165.1396484375,4397.726000976562,7.936755559079245e-05,7.936440615299324e-05
2023-10-03,4269.75,4281.14990234375,4216.4501953125,4229.4501953125,3953830000.0,Tuesday,October,-214.5,4384.357006835938,-0.013744071674259506,-0.013839395863449198
2023-10-04,4233.830078125,4268.5,4220.47998046875,4263.75,3777600000.0,Wednesday,October,-138.4501953125,4374.2705078125,0.008109754957160709,0.008077047607828946
2023-10-05,4259.31005859375,4267.1298828125,4225.91015625,4258.18994140625,3581470000.0,Thursday,October,-71.81005859375,4364.622998046875,-0.001304030159777203,-0.0013048811469951228
2023-10-06,4234.7900390625,4324.10009765625,4219.5498046875,4308.5,3902030000.0,Friday,October,-11.56005859375,4357.173486328125,0.011814893014644445,0.011745642093961117
2023-10-09,4289.02001953125,4341.72998046875,4283.7900390625,4335.66015625,3174630000.0,Monday,October,-1.77978515625,4349.58349609375,0.00630385429964031,0.006284068119387409
2023-10-10,4339.75,4385.4599609375,4339.64013671875,4358.240234375,3520240000.0,Tuesday,October,84.71044921875,4344.4005126953125,0.005207990781392224,0.005194476099985354
2023-10-11,4366.58984375,4378.64013671875,4345.33984375,4376.9501953125,3601660000.0,Wednesday,October,102.4404296875,4339.876025390625,0.00429300817103373,0.004283819500095073
2023-10-12,4380.93994140625,4385.85009765625,4325.43017578125,4349.60986328125,3713140000.0,Thursday,October,49.90966796875,4332.101513671875,-0.00624643434611849,-0.006266024940654918
2023-10-13,4360.490234375,4377.10009765625,4311.97021484375,4327.77978515625,3566560000.0,Friday,October,39.72998046875,4325.97451171875,-0.005018858888767519,-0.005031495660219892
2023-10-16,4342.3701171875,4383.330078125,4342.3701171875,4373.6298828125,3409960000.0,Monday,October,85.23974609375,4321.979516601563,0.01059436938392988,0.010538642302589985
2023-10-17,4345.22998046875,4393.56982421875,4337.5400390625,4373.2001953125,3794850000.0,Tuesday,October,143.75,4318.4420166015625,-9.824505308242415e-05,-9.824987944376507e-05
2023-10-18,4357.35009765625,4364.2001953125,4303.83984375,4314.60009765625,3686030000.0,Wednesday,October,50.85009765625,4314.06201171875,-0.013399820506516447,-0.013490408251151898
2023-10-19,4321.35986328125,4339.5400390625,4269.68994140625,4278.0,3969730000.0,Thursday,October,19.81005859375,4311.46201171875,-0.008482848196321058,-0.008519032328057976
2023-10-20,4273.85009765625,4276.56005859375,4223.02978515625,4224.16015625,4004030000.0,Friday,October,-84.33984375,4306.667016601563,-0.012585283719027562,-0.012665149196155915
2023-10-23,4210.39990234375,4255.83984375,4189.22021484375,4217.0400390625,3776100000.0,Monday,October,-118.6201171875,4300.647021484375,-0.0016855698941634634,-0.0016869920654349177
2023-10-24,4235.7900390625,4259.3798828125,4219.43017578125,4247.68017578125,3821820000.0,Tuesday,October,-110.56005859375,4299.354541015625,0.007265792222727274,0.0072395235196288195
2023-10-25,4232.419921875,4232.419921875,4181.419921875,4186.77001953125,3869370000.0,Wednesday,October,-190.18017578125,4294.967553710938,-0.014339628627712542,-0.014443434657238052
2023-10-26,4175.990234375,4183.60009765625,4127.89990234375,4137.22998046875,4277640000.0,Thursday,October,-212.3798828125,4286.84404296875,-0.011832519778109618,-0.011903081205584871
2023-10-27,4152.93017578125,4156.7001953125,4103.77978515625,4117.3701171875,4019500000.0,Friday,October,-210.40966796875,4278.31005859375,-0.004800280229768528,-0.00481183857862075
2023-10-30,4139.39013671875,4177.47021484375,4132.93994140625,4166.81982421875,3911140000.0,Monday,October,-206.81005859375,4272.23154296875,0.012010022325859904,0.011938474300285915
2023-10-31,4171.330078125,4195.5498046875,4153.1201171875,4193.7998046875,4249470000.0,Tuesday,October,-179.400390625,4270.4490234375,0.006474957307233353,0.006454084821688244
2023-11-01,4201.27001953125,4245.64013671875,4197.740234375,4237.85986328125,4224900000.0,Wednesday,November,-76.740234375,4269.154516601562,0.010505999486313922,0.010451194990191868
2023-11-02,4268.259765625,4319.72021484375,4268.259765625,4317.77978515625,4669780000.0,Thursday,November,39.77978515625,4272.134008789062,0.01885855702012762,0.018682938934086474
2023-11-03,4334.22998046875,4373.6201171875,4334.22998046875,4358.33984375,4570960000.0,Friday,November,134.1796875,4274.626000976563,0.009393730253031363,0.00934988354455146
2023-11-06,4364.27001953125,4372.2099609375,4347.52978515625,4365.97998046875,3656340000.0,Monday,November,148.93994140625,4276.1419921875,0.0017529924220356374,0.0017514577241005862
2023-11-07,4366.2099609375,4386.259765625,4355.41015625,4378.3798828125,3791230000.0,Tuesday,November,130.69970703125,4277.148974609375,0.0028401189192852616,0.0028360934017119537
2023-11-08,4384.3701171875,4391.2001953125,4359.759765625,4382.77978515625,3729510000.0,Wednesday,November,196.009765625,4277.440454101563,0.0010049156221052513,0.0010044110324198868
2023-11-09,4391.41015625,4393.39990234375,4343.93994140625,4347.35009765625,3900780000.0,Thursday,November,210.1201171875,4277.327465820313,-0.008083839306732843,-0.008116690699068705
2023-11-10,4364.14990234375,4418.02978515625,4353.33984375,4415.240234375,3665080000.0,Friday,November,297.8701171875,4281.70048828125,0.015616441094852496,0.015495759270772258
2023-11-13,4406.66015625,4421.759765625,4393.81982421875,4411.5498046875,3326240000.0,Monday,November,244.72998046875,4283.596484375,-0.0008358389332403515,-0.0008361884413700847
2023-11-14,4458.97021484375,4508.669921875,4458.97021484375,4495.7001953125,4700350000.0,Tuesday,November,301.900390625,4289.721484375,0.019075017703661823,0.01889537047457725
2023-11-15,4505.2998046875,4521.169921875,4495.31005859375,4502.8798828125,4347170000.0,Wednesday,November,265.02001953125,4299.135473632812,0.0015970120755575135,0.0015957382078471765
2023-11-16,4497.080078125,4511.990234375,4487.830078125,4508.240234375,3964520000.0,Thursday,November,190.46044921875,4310.647485351563,0.0011904273935798848,0.0011897193967137305
2023-11-17,4509.5498046875,4520.1201171875,4499.66015625,4514.02001953125,3777240000.0,Friday,November,155.68017578125,4325.140478515625,0.0012820490603360213,0.0012812279371779871
2023-11-20,4511.7001953125,4557.10986328125,4510.35986328125,4547.3798828125,3644790000.0,Monday,November,181.39990234375,4341.657470703125,0.007390278097329839,0.007363103793795633
2023-11-21,4538.77001953125,4542.14013671875,4525.509765625,4538.18994140625,3511080000.0,Tuesday,November,159.81005859375,4356.182958984375,-0.0020209310950652926,-0.002022975931757968
2023-11-22,4553.0400390625,4568.43017578125,4545.0498046875,4556.6201171875,3042810000.0,Wednesday,November,173.84033203125,4374.675463867187,0.00406112922094648,0.004052905094313324
2023-11-23,4553.0400390625,4568.43017578125,4545.0498046875,4556.6201171875,3042810000.0,Thursday,November,209.27001953125,4395.644970703125,0.0,0.0
2023-11-24,4555.83984375,4560.31005859375,4552.7998046875,4559.33984375,1639500000.0,Friday,November,144.099609375,4417.74345703125,0.0005968736678840791,0.0005966956096450322
2023-11-27,4554.85986328125,4560.52001953125,4546.31982421875,4550.43017578125,3403990000.0,Monday,November,138.88037109375,4436.923974609375,-0.001954157460090089,-0.0019560693168983586
2023-11-28,4545.5498046875,4568.14013671875,4540.509765625,4554.89013671875,3586240000.0,Tuesday,November,59.18994140625,4454.978491210937,0.0009801185306033133,0.0009796385280502918
2023-11-29,4571.83984375,4587.64013671875,4547.14990234375,4550.580078125,4418760000.0,Wednesday,November,47.7001953125,4470.614501953125,-0.0009462486392383118,-0.0009466966151019382
2023-11-30,4554.8701171875,4569.89013671875,4537.240234375,4567.7998046875,5399300000.0,Thursday,November,59.5595703125,4483.115502929688,0.0037840728581564065,0.003776931264994605
2023-12-01,4559.43017578125,4599.39013671875,4554.7099609375,4594.6298828125,4397120000.0,Friday,December,80.60986328125,4494.930004882813,0.005873742123607695,0.005856558953846637
2023-12-04,4564.3701171875,4572.3701171875,4546.72021484375,4569.77978515625,4369910000.0,Monday,December,22.39990234375,4505.1199951171875,-0.005408509126972105,-0.005423188063826943
2023-12-05,4557.25,4578.56005859375,4551.68017578125,4567.18017578125,3909950000.0,Tuesday,December,28.990234375,4514.560009765625,-0.0005688697261614362,-0.0005690315939348026
2023-12-06,4586.22998046875,4590.740234375,4546.5,4549.33984375,4245680000.0,Wednesday,December,-7.2802734375,4522.888012695313,-0.003906202808869552,-0.003913851944943747
2023-12-07,4568.83984375,4590.919921875,4565.22021484375,4585.58984375,3818880000.0,Thursday,December,28.9697265625,4534.8,0.007968189065892917,0.007936610684821922
2023-12-08,4576.2001953125,4609.22998046875,4574.06005859375,4604.3701171875,3707010000.0,Friday,December,45.0302734375,4544.256494140625,0.00409549786994079,0.0040871341465037936
2023-12-11,4593.39013671875,4623.7099609375,4593.39013671875,4622.43994140625,3823210000.0,Monday,December,72.009765625,4554.801000976562,0.003924494286698943,0.003916813547781492
2023-12-12,4618.2998046875,4643.93017578125,4608.08984375,4643.7001953125,3808380000.0,Tuesday,December,88.81005859375,4562.201000976563,0.00459935752021523,0.0045888127956924
2023-12-13,4646.2001953125,4709.68994140625,4643.22998046875,4707.08984375,5063650000.0,Wednesday,December,156.509765625,4572.4114990234375,0.013650676351045998,0.01355834517501981
2023-12-14,4721.0400390625,4738.56982421875,4694.33984375,4719.5498046875,6314040000.0,Thursday,December,151.75,4582.976977539062,0.0026470624846992585,0.002643565185154432
2023-12-15,4714.22998046875,4725.52978515625,4704.68994140625,4719.18994140625,8218980000.0,Friday,December,124.56005859375,4593.2354736328125,-7.62494933082003e-05,-7.625240044859478e-05
2023-12-18,4725.580078125,4749.52001953125,4725.580078125,4740.56005859375,4060340000.0,Monday,December,170.7802734375,4602.894482421875,0.004528344366900416,0.004518122263400515
2023-12-19,4743.72021484375,4768.68994140625,4743.72021484375,4768.3701171875,4026970000.0,Tuesday,December,201.18994140625,4614.403491210937,0.005866407818910568,0.005849267450818904
2023-12-20,4764.72998046875,4778.009765625,4697.81982421875,4698.35009765625,4201320000.0,Wednesday,December,149.01025390625,4621.489990234375,-0.014684266911006771,-0.014793147965305628
2023-12-21,4724.2900390625,4748.7099609375,4708.35009765625,4746.75,3431180000.0,Thursday,December,161.16015625,4630.996484375,0.010301467821202559,0.010248769307271876
2023-12-22,4753.919921875,4772.93994140625,4736.77001953125,4754.6298828125,3046770000.0,Friday,December,150.259765625,4640.760986328125,0.0016600585268868873,0.0016586821527610754
2023-12-25,4753.919921875,4772.93994140625,4736.77001953125,4754.6298828125,3046770000.0,Monday,December,132.18994140625,4650.970971679688,0.0,0.0
2023-12-26,4758.85986328125,4784.72021484375,4758.4501953125,4774.75,2513910000.0,Tuesday,December,131.0498046875,4661.96396484375,0.0042316894655107795,0.004222761046978559
2023-12-27,4773.4501953125,4785.39013671875,4768.89990234375,4781.580078125,2748450000.0,Wednesday,December,74.490234375,4673.51396484375,0.0014304577464787638,0.0014294356164229985
2023-12-28,4786.43994140625,4793.2998046875,4780.97998046875,4783.35009765625,2698860000.0,Thursday,December,63.80029296875,4684.291479492187,0.0003701746080437829,0.0003701061103271183
2023-12-29,4782.8798828125,4788.43017578125,4751.990234375,4769.830078125,3126060000.0,Friday,December,50.64013671875,4693.051489257812,-0.0028264750133749628,-0.0028304770367338357
2024-01-01,4782.8798828125,4788.43017578125,4751.990234375,4769.830078125,3126060000.0,Monday,January,29.27001953125,4703.05400390625,0.0,0.0
2024-01-02,4745.2001953125,4754.330078125,4722.669921875,4742.830078125,3743050000.0,Tuesday,January,-25.5400390625,4711.836499023438,-0.005660579005492328,-0.005676660799723162
2024-01-03,4725.06982421875,4729.2900390625,4699.7099609375,4704.81005859375,3950760000.0,Wednesday,January,6.4599609375,4719.610009765625,-0.008016314922730805,-0.008048618327197648
2024-01-04,4697.419921875,4726.77978515625,4687.52978515625,4688.68017578125,3715480000.0,Thursday,January,-58.06982421875,4724.7645263671875,-0.0034283812973570083,-0.003434271663317429
2024-01-05,4690.56982421875,4721.490234375,4682.10986328125,4697.240234375,3844370000.0,Friday,January,-57.3896484375,4729.408032226563,0.0018256861788026324,0.0018240216394339805
2024-01-08,4703.7001953125,4764.5400390625,4699.81982421875,4763.5400390625,3742320000.0,Monday,January,8.91015625,4736.463037109375,0.014114629309846638,0.014015945436353141
2024-01-09,4741.93017578125,4765.47021484375,4730.35009765625,4756.5,3529960000.0,Tuesday,January,-18.25,4742.10302734375,-0.0014779006799081618,-0.0014789938523175842
2024-01-10,4759.93994140625,4790.7998046875,4756.2001953125,4783.4501953125,3498680000.0,Wednesday,January,1.8701171875,4745.921044921875,0.00566597189372442,0.005649980650495912
2024-01-11,4792.1298828125,4798.5,4739.580078125,4780.240234375,3759890000.0,Thursday,January,-3.10986328125,4748.95556640625,-0.0006710555783868699,-0.0006712808369611647
2024-01-12,4791.18017578125,4802.39990234375,4768.97998046875,4783.830078125,3486340000.0,Friday,January,14.0,4752.187573242188,0.0007509755941104146,0.0007506937530339595
2024-01-15,4791.18017578125,4802.39990234375,4768.97998046875,4783.830078125,3486340000.0,Monday,January,14.0,4754.35107421875,0.0,0.0
2024-01-16,4772.35009765625,4782.33984375,4747.1201171875,4765.97998046875,4260550000.0,Tuesday,January,23.14990234375,4754.2315673828125,-0.0037313402367431525,-0.0037383190523568345
2024-01-17,4739.1298828125,4744.22998046875,4714.81982421875,4739.2099609375,3928600000.0,Wednesday,January,34.39990234375,4756.274560546875,-0.005616897183990499,-0.005632731271107821
2024-01-18,4760.10009765625,4785.7900390625,4740.56982421875,4780.93994140625,4019000000.0,Thursday,January,92.259765625,4757.984057617187,0.008805260963896,0.008766720726243148
2024-01-19,4796.27978515625,4842.06982421875,4785.8701171875,4839.81005859375,4287200000.0,Friday,January,142.56982421875,4762.24306640625,0.012313502764936146,0.012238308232548512
2024-01-22,4853.419921875,4868.41015625,4844.0498046875,4850.43017578125,4297610000.0,Monday,January,86.89013671875,4767.0330810546875,0.0021943252026270788,0.0021919211872316853
2024-01-23,4856.7998046875,4866.47998046875,4844.3701171875,4864.60009765625,3912800000.0,Tuesday,January,108.10009765625,4771.5255859375,0.002921374261968035,0.002917115340764486
2024-01-24,4888.56005859375,4903.68017578125,4865.93994140625,4868.5498046875,4330030000.0,Wednesday,January,85.099609375,4775.874072265625,0.0008119284117831249,0.0008115989762168653
2024-01-25,4886.66015625,4898.14990234375,4869.33984375,4894.16015625,4020430000.0,Thursday,January,113.919921875,4781.414575195313,0.005260365527706368,0.00524657813497798
2024-01-26,4888.91015625,4906.68994140625,4881.47021484375,4890.97021484375,3353400000.0,Friday,January,107.14013671875,4787.47158203125,-0.0006517852510764532,-0.0006519977554263648
2024-01-29,4892.9501953125,4929.31005859375,4887.39990234375,4927.93017578125,3525160000.0,Monday,January,144.10009765625,4795.3765869140625,0.007556774896180896,0.007528365505246204
2024-01-30,4925.89013671875,4931.08984375,4916.27001953125,4924.97021484375,3836130000.0,Tuesday,January,158.990234375,4804.48359375,-0.0006006499345398986,-0.0006008303969786162
2024-01-31,4899.18994140625,4906.75,4845.14990234375,4845.64990234375,4696120000.0,Wednesday,January,106.43994140625,4811.5255859375,-0.016105744611597972,-0.016236851740733683
2024-02-01,4861.10986328125,4906.97021484375,4853.52001953125,4906.18994140625,4386090000.0,Thursday,February,125.25,4822.40107421875,0.012493688211609788,0.012416286114049784
2024-02-02,4916.06005859375,4975.2900390625,4907.990234375,4958.60986328125,3974350000.0,Friday,February,118.7998046875,4835.469555664063,0.01068444607751462,0.01062777072263312
2024-02-05,4957.18994140625,4957.18994140625,4918.08984375,4942.81005859375,4023640000.0,Monday,February,92.3798828125,4844.433056640625,-0.0031863375266721894,-0.0031914247092839714
2024-02-06,4950.16015625,4957.77001953125,4934.8798828125,4954.22998046875,4440880000.0,Tuesday,February,89.6298828125,4854.319555664062,0.0023104108269635937,0.0023077459317481074
2024-02-07,4973.0498046875,4999.89013671875,4969.0498046875,4995.06005859375,4895590000.0,Wednesday,February,126.51025390625,4864.900048828125,0.008241457963390042,0.008207682594008628
2024-02-08,4995.16015625,5000.39990234375,4987.08984375,4997.91015625,4341860000.0,Thursday,February,103.75,4875.783544921875,0.0005705832608251526,0.000570420540090595
2024-02-09,5004.169921875,5030.06005859375,5000.33984375,5026.60986328125,3912990000.0,Friday,February,135.6396484375,4887.922534179687,0.0057423415255595245,0.0057259171287955156
2024-02-12,5026.830078125,5048.39013671875,5016.830078125,5021.83984375,3805740000.0,Monday,February,93.90966796875,4899.823022460938,-0.0009489536011326738,-0.0009494041426524416
2024-02-13,4967.93994140625,4971.2998046875,4920.31005859375,4953.169921875,4302190000.0,Tuesday,February,28.19970703125,4909.18251953125,-0.013674255653625456,-0.013768609419845444
2024-02-14,4976.43994140625,5002.52001953125,4956.4501953125,5000.6201171875,3845600000.0,Wednesday,February,154.97021484375,4922.25302734375,0.009579763275017639,0.009534168304216807
2024-02-15,5003.14013671875,5032.72021484375,4999.43994140625,5029.72998046875,4137970000.0,Thursday,February,123.5400390625,4934.692529296875,0.005821250684729495,0.00580437267404004
2024-02-16,5031.1298828125,5038.7001953125,4999.52001953125,5005.56982421875,3833270000.0,Friday,February,46.9599609375,4942.980517578125,-0.0048034698371121065,-0.0048150435759610425
2024-02-19,5031.1298828125,5038.7001953125,4999.52001953125,5005.56982421875,3833270000.0,Monday,February,62.759765625,4950.7375,0.0,0.0
2024-02-20,4989.31982421875,4993.7099609375,4955.02001953125,4975.509765625,4034880000.0,Tuesday,February,21.27978515625,4956.282983398438,-0.006005322001165325,-0.0060234264658172495
2024-02-21,4963.02978515625,4983.2099609375,4946.0,4981.7998046875,3788390000.0,Wednesday,February,-13.26025390625,4961.945483398437,0.001264199922982101,0.0012634014951035982
2024-02-22,5038.830078125,5094.39013671875,5038.830078125,5087.02978515625,4051710000.0,Thursday,February,89.11962890625,4971.58896484375,0.02112288421741404,0.02090288866640342
2024-02-23,5100.919921875,5111.06005859375,5081.4599609375,5088.7998046875,3672790000.0,Friday,February,62.18994140625,4981.480444335937,0.0003479475462115911,0.000347887026502183
2024-02-26,5093.0,5097.66015625,5068.91015625,5069.52978515625,3683930000.0,Monday,February,47.68994140625,4988.5604248046875,-0.003786751350190576,-0.003793939244668484
2024-02-27,5074.60009765625,5080.68994140625,5057.2900390625,5078.18017578125,3925950000.0,Tuesday,February,125.01025390625,4996.220922851562,0.0017063496993998672,0.001704895538720964
2024-02-28,5067.2001953125,5077.3701171875,5058.35009765625,5069.759765625,3789370000.0,Wednesday,February,69.1396484375,5007.426416015625,-0.001658155060430544,-0.001659531321112244
2024-02-29,5085.35986328125,5104.990234375,5061.89013671875,5096.27001953125,5219740000.0,Thursday,February,66.5400390625,5016.930419921875,0.005229094697149161,0.0052154704557999644
2024-03-01,5098.509765625,5140.330078125,5094.16015625,5137.080078125,4748110000.0,Friday,March,131.51025390625,5025.853930664062,0.00800782894888763,0.007975936433387976
2024-03-04,5130.990234375,5149.669921875,5127.18017578125,5130.9501953125,4758440000.0,Monday,March,125.38037109375,5035.2609375,-0.0011932620709189656,-0.0011939745749630112
2024-03-05,5110.52001953125,5114.5400390625,5056.81982421875,5078.64990234375,4418410000.0,Tuesday,March,103.14013671875,5041.48193359375,-0.010193100883444606,-0.010245406275917994
2024-03-06,5108.02978515625,5127.97021484375,5092.22021484375,5104.759765625,4559050000.0,Wednesday,March,122.9599609375,5046.9669189453125,0.005141103203274655,0.005127932853001643
2024-03-07,5132.3798828125,5165.6201171875,5128.2099609375,5157.35986328125,4137980000.0,Thursday,March,70.330078125,5054.939404296875,0.010304127925951478,0.010251402284983627
2024-03-08,5164.4599609375,5189.259765625,5117.5,5123.68994140625,4208870000.0,Friday,March,34.89013671875,5059.793408203125,-0.0065285190034379825,-0.006549922992050337
2024-03-11,5111.9599609375,5124.66015625,5091.14013671875,5117.93994140625,3896430000.0,Monday,March,48.41015625,5064.598413085938,-0.001122238087346461,-0.0011228682680281005
2024-03-12,5134.2998046875,5179.8701171875,5114.47998046875,5175.27001953125,4080510000.0,Tuesday,March,97.08984375,5075.70341796875,0.011201787981366396,0.011139512586668012
2024-03-13,5173.490234375,5179.14013671875,5151.8798828125,5165.31005859375,4282890000.0,Wednesday,March,95.55029296875,5083.937915039062,-0.0019245297153407392,-0.0019263840021219723
2024-03-14,5175.14013671875,5176.85009765625,5123.2998046875,5150.47998046875,4687970000.0,Thursday,March,54.2099609375,5089.975415039063,-0.0028710915621273925,-0.002875221051495188
2024-03-15,5123.31005859375,5136.85986328125,5104.35009765625,5117.08984375,7753670000.0,Friday,March,-19.990234375,5095.551416015625,-0.006482917484461503,-0.0065040228597376655
2024-03-18,5154.77001953125,5175.60009765625,5145.47021484375,5149.419921875,4036220000.0,Monday,March,18.4697265625,5102.743920898438,0.006318059504952345,0.006298184238480456
2024-03-19,5139.08984375,5180.31005859375,5131.58984375,5178.509765625,4031760000.0,Tuesday,March,99.85986328125,5112.8939208984375,0.0056491496501236416,0.00563325304434312
2024-03-20,5181.68994140625,5226.18994140625,5171.5498046875,5224.6201171875,4064850000.0,Wednesday,March,119.8603515625,5125.034936523438,0.008904173912846591,0.008864765516360184
2024-03-21,5253.43017578125,5261.10009765625,5240.66015625,5241.52978515625,4207730000.0,Thursday,March,84.169921875,5132.759936523437,0.0032365354015160275,0.003231309094528888
2024-03-22,5242.47998046875,5246.08984375,5229.8701171875,5234.18017578125,3374700000.0,Friday,March,110.490234375,5140.028955078125,-0.0014021878490156903,-0.0014031718343267125
2024-03-25,5219.52001953125,5229.08984375,5216.08984375,5218.18994140625,3331360000.0,Monday,March,100.25,5147.461962890625,-0.0030549644525015296,-0.0030596403820319297
2024-03-26,5228.85009765625,5235.16015625,5203.419921875,5203.580078125,3871790000.0,Tuesday,March,28.31005859375,5153.731958007813,-0.002799795225030266,-0.002803721982805726
2024-03-27,5226.31005859375,5249.259765625,5213.919921875,5248.490234375,3850500000.0,Wednesday,March,83.18017578125,5162.668481445313,0.008630626525532925,0.008593595582706042
2024-03-28,5248.02978515625,5264.85009765625,5245.81982421875,5254.35009765625,3998270000.0,Thursday,March,103.8701171875,5170.572485351562,0.0011164855071790214,0.0011158627007616052
2024-03-29,5248.02978515625,5264.85009765625,5245.81982421875,5254.35009765625,3998270000.0,Friday,March,137.26025390625,5176.435986328125,0.0,0.0
2024-04-01,5257.97021484375,5263.9501953125,5229.2001953125,5243.77001953125,3325930000.0,Monday,April,94.35009765625,5182.076977539063,-0.0020135845401164643,-0.0020156145269577246
2024-04-02,5204.2900390625,5208.33984375,5184.0498046875,5205.81005859375,3886590000.0,Tuesday,April,27.30029296875,5188.434985351562,-0.0072390590731691296,-0.007265388203672426
2024-04-03,5194.3701171875,5228.75,5194.3701171875,5211.490234375,3703250000.0,Wednesday,April,-13.1298828125,5193.771508789063,0.001091122364688113,0.001090527523337898
2024-04-04,5244.0498046875,5256.58984375,5146.06005859375,5147.2099609375,4075680000.0,Thursday,April,-94.31982421875,5193.264013671875,-0.012334336350379616,-0.01241103561926225
2024-04-05,5158.9501953125,5222.18017578125,5157.2099609375,5204.33984375,3386780000.0,Friday,April,-29.84033203125,5197.2965087890625,0.011099194174331695,0.011038050135699558
2024-04-08,5211.3701171875,5219.56982421875,5197.35009765625,5202.39013671875,3278180000.0,Monday,April,-15.7998046875,5201.519018554687,-0.00037463099831791524,-0.0003747011900415767
2024-04-09,5217.02978515625,5224.81005859375,5160.77978515625,5209.91015625,3400680000.0,Tuesday,April,6.330078125,5203.251025390625,0.0014454931932483817,0.0014444494736345207
2024-04-10,5167.8798828125,5178.43017578125,5138.7001953125,5160.64013671875,3845930000.0,Wednesday,April,-87.85009765625,5203.017529296875,-0.009456980649108493,-0.009501981832212592
2024-04-11,5172.9501953125,5211.77978515625,5138.77001953125,5199.06005859375,3509380000.0,Thursday,April,-55.2900390625,5205.446533203125,0.007444797710585593,0.007417221983342437
2024-04-12,5171.509765625,5175.02978515625,5107.93994140625,5123.41015625,3963220000.0,Friday,April,-130.93994140625,5205.762548828125,-0.01455068829580164,-0.014657587802248536
2024-04-15,5149.669921875,5168.43017578125,5052.47021484375,5061.81982421875,3950210000.0,Monday,April,-181.9501953125,5201.382543945312,-0.01202135494776202,-0.012094195787459195
2024-04-16,5064.58984375,5079.83984375,5039.830078125,5051.41015625,4006200000.0,Tuesday,April,-154.39990234375,5195.027563476562,-0.0020565070133361507,-0.0020586245275039964
2024-04-17,5068.97021484375,5077.9599609375,5007.25,5022.2099609375,3596130000.0,Wednesday,April,-189.2802734375,5184.907055664063,-0.005780602724641426,-0.005797375076004185
2024-04-18,5031.52001953125,5056.66015625,5001.89013671875,5011.1201171875,3619760000.0,Thursday,April,-136.08984375,5173.386572265625,-0.002208160119998248,-0.0022106017004853043
2024-04-19,5005.43994140625,5019.02001953125,4953.56005859375,4967.22998046875,3878750000.0,Friday,April,-237.10986328125,5160.0390625,-0.00875854812743615,-0.008797129654056974
2024-04-22,4987.330078125,5038.83984375,4969.39990234375,5010.60009765625,3820250000.0,Monday,April,-191.7900390625,5149.6595703125,0.008731248071466746,0.00869335115683908
2024-04-23,5028.85009765625,5076.1201171875,5027.9599609375,5070.5498046875,3751400000.0,Tuesday,April,-139.3603515625,5143.008056640625,0.011964576270872662,0.01189356656772209
2024-04-24,5084.85986328125,5089.47998046875,5047.02001953125,5071.6298828125,3656740000.0,Wednesday,April,-89.01025390625,5134.1650390625,0.0002130100613548791,0.00021298737793290078
2024-04-25,5019.8798828125,5057.75,4990.580078125,5048.419921875,3958050000.0,Thursday,April,-150.64013671875,5123.8685302734375,-0.004576430353515626,-0.0045869342701194095
2024-04-26,5084.64990234375,5114.6201171875,5073.14013671875,5099.9599609375,3604140000.0,Friday,April,-23.4501953125,5116.1490234375,0.01020914263474304,0.010157381332325343
2024-04-29,5114.1298828125,5123.490234375,5088.64990234375,5116.169921875,3447450000.0,Monday,April,54.35009765625,5109.769018554687,0.0031784486665891176,0.0031734080766393944
2024-04-30,5103.77978515625,5110.830078125,5035.31005859375,5035.68994140625,4082470000.0,Tuesday,April,-15.72021484375,5101.263012695313,-0.01573051358686217,-0.015855551118928123
2024-05-01,5029.02978515625,5096.1201171875,5013.4501953125,5018.39013671875,4544170000.0,Wednesday,May,-3.81982421875,5091.6080078125,-0.0034354388154940185,-0.0034413534856316866
2024-05-02,5049.31982421875,5073.2099609375,5011.0498046875,5064.2001953125,4381660000.0,Thursday,May,53.080078125,5087.45751953125,0.009128437077573048,0.009087024725084856
2024-05-03,5122.77978515625,5139.1201171875,5101.22021484375,5127.7900390625,3924990000.0,Friday,May,160.56005859375,5083.630029296875,0.012556739721478527,0.012478557659508005
2024-05-06,5142.419921875,5181.0,5142.419921875,5180.740234375,3683250000.0,Monday,May,170.14013671875,5082.547534179687,0.01032612390701182,0.010273173691247842
2024-05-07,5187.2001953125,5200.22998046875,5178.9599609375,5187.7001953125,3987890000.0,Tuesday,May,117.150390625,5081.437036132813,0.0013434298232750663,0.0013425282288256131
2024-05-08,5168.97998046875,5191.9501953125,5165.85986328125,5187.669921875,3842100000.0,Wednesday,May,116.0400390625,5082.788525390625,-5.835618166138978e-06,-5.835635193424912e-06
2024-05-09,5189.02978515625,5215.2998046875,5180.41015625,5214.080078125,3727370000.0,Thursday,May,165.66015625,5083.539526367187,0.005090947698625836,0.005078032639106711
2024-05-10,5225.490234375,5239.66015625,5209.68017578125,5222.68017578125,3617900000.0,Friday,May,122.72021484375,5088.50302734375,0.001649398844549843,0.001648040080166728
2024-05-13,5233.080078125,5237.259765625,5211.16015625,5221.419921875,4255710000.0,Monday,May,105.25,5096.4830322265625,-0.00024130405535727206,-0.00024133317386520824
2024-05-14,5221.10009765625,5250.3701171875,5217.97998046875,5246.68017578125,4763580000.0,Tuesday,May,210.990234375,5106.246533203125,0.004837813139759728,0.004826148527454041
2024-05-15,5263.259765625,5311.759765625,5263.259765625,5308.14990234375,4360810000.0,Wednesday,May,289.759765625,5120.543530273438,0.011715927882596233,0.01164782778729962
2024-05-16,5310.06982421875,5325.490234375,5296.18994140625,5297.10009765625,3817470000.0,Thursday,May,232.89990234375,5134.842529296875,-0.0020816677921287052,-0.0020838374740880464
2024-05-17,5303.10009765625,5305.4501953125,5283.58984375,5303.27001953125,3578120000.0,Friday,May,175.47998046875,5151.64453125,0.0011647735102702228,0.0011640956878937513
2024-05-20,5305.35009765625,5325.31982421875,5302.39990234375,5308.1298828125,3420100000.0,Monday,May,127.3896484375,5166.521020507813,0.0009163899374069473,0.0009159703084911664
2024-05-21,5298.68994140625,5324.31982421875,5297.8701171875,5321.41015625,3662240000.0,Tuesday,May,133.7099609375,5179.064038085938,0.002501874243978186,0.0024987497668926086
2024-05-22,5319.27978515625,5323.18017578125,5286.009765625,5307.009765625,3847130000.0,Wednesday,May,119.33984375,5190.833032226563,-0.002706123039226127,-0.0027097912093521476
2024-05-23,5340.259765625,5341.8798828125,5256.93017578125,5267.83984375,3869520000.0,Thursday,May,53.759765625,5201.804028320313,-0.0073807894850155265,-0.007408162283471933
2024-05-24,5281.4501953125,5311.64990234375,5278.39013671875,5304.72021484375,3005510000.0,Friday,May,82.0400390625,5212.042041015625,0.0070010425881694704,0.0069766490766732595
2024-05-27,5281.4501953125,5311.64990234375,5278.39013671875,5304.72021484375,3005510000.0,Monday,May,83.30029296875,5221.469555664063,0.0,0.0
2024-05-28,5315.91015625,5315.91015625,5280.89013671875,5306.0400390625,3751540000.0,Tuesday,May,59.35986328125,5234.987060546875,0.0002488018529340774,0.00024877090688591537
2024-05-29,5278.72998046875,5282.27001953125,5262.7001953125,5266.9501953125,3552750000.0,Wednesday,May,-41.19970703125,5247.415063476563,-0.007367046509680453,-0.007394317215742535
2024-05-30,5259.77001953125,5260.2099609375,5222.10009765625,5235.47998046875,3818750000.0,Thursday,May,-61.6201171875,5255.979052734375,-0.005975035585443322,-0.005992957535754186
2024-05-31,5243.2099609375,5280.330078125,5191.68017578125,5277.509765625,5437160000.0,Friday,May,-25.76025390625,5263.4650390625,0.00802787620486467,0.007995824231928897
2024-06-03,5297.14990234375,5302.10986328125,5234.31982421875,5283.39990234375,4046920000.0,Monday,June,-24.72998046875,5268.5980224609375,0.0011160825806737495,0.0011154602235352391
2024-06-04,5278.240234375,5298.7998046875,5257.6298828125,5291.33984375,3707900000.0,Tuesday,June,-30.0703125,5273.780004882812,0.0015028090913065117,0.0015016810037827531
2024-06-05,5314.47998046875,5354.16015625,5297.64013671875,5354.02978515625,3591460000.0,Wednesday,June,47.02001953125,5282.097998046875,0.011847649793331305,0.011778015849957281
2024-06-06,5357.7998046875,5362.35009765625,5335.35986328125,5352.9599609375,3609990000.0,Thursday,June,85.1201171875,5289.0419921875,-0.00019981663563317653,-0.00019983660163685183
2024-06-07,5343.81005859375,5375.080078125,5331.330078125,5346.990234375,3692760000.0,Friday,June,42.27001953125,5295.257495117187,-0.0011152197300303701,-0.0011158420502790662
2024-06-10,5341.22021484375,5365.7900390625,5331.52001953125,5360.7900390625,3622280000.0,Monday,June,56.06982421875,5302.226000976562,0.0025808546645145203,0.002577529978240972
2024-06-11,5353.0,5375.9501953125,5327.25,5375.31982421875,3568030000.0,Tuesday,June,69.27978515625,5308.657983398438,0.0027103813151374556,0.0027067148552095224
2024-06-12,5409.1298828125,5447.25,5409.1298828125,5421.02978515625,3962840000.0,Wednesday,June,154.07958984375,5314.301977539062,0.008503672791998707,0.008467720241887338
2024-06-13,5441.93017578125,5441.93017578125,5402.509765625,5433.740234375,3530380000.0,Thursday,June,198.26025390625,5321.133984375,0.0023446558536817097,0.00234191143711672
2024-06-14,5424.080078125,5432.39013671875,5403.75,5431.60009765625,3438650000.0,Friday,June,154.09033203125,5327.55048828125,-0.000393860697500914,-0.00039393828099749413
2024-06-17,5431.10986328125,5488.5,5420.39990234375,5473.22998046875,3447840000.0,Monday,June,189.830078125,5335.805493164063,0.007664386564552705,0.007635164372320518
2024-06-18,5476.14990234375,5490.3798828125,5471.31982421875,5487.02978515625,3544330000.0,Tuesday,June,195.68994140625,5344.086474609375,0.0025213273947457537,0.0025181541815171163
2024-06-19,5476.14990234375,5490.3798828125,5471.31982421875,5487.02978515625,3544330000.0,Wednesday,June,133.0,5353.087475585938,0.0,0.0
2024-06-20,5499.990234375,5505.52978515625,5455.56005859375,5473.169921875,3847060000.0,Thursday,June,120.2099609375,5363.353979492187,-0.0025259318472709014,-0.0025291273954115403
2024-06-21,5466.77001953125,5478.31005859375,5452.02978515625,5464.6201171875,6773800000.0,Friday,June,117.6298828125,5371.348974609375,-0.001562130321101196,-0.0015633517188252497
2024-06-24,5459.580078125,5490.66015625,5447.58984375,5447.8701171875,3696750000.0,Monday,June,87.080078125,5378.5064697265625,-0.003065171894990004,-0.0030698791558664423
2024-06-25,5460.72998046875,5472.8798828125,5446.56005859375,5469.2998046875,3591960000.0,Tuesday,June,93.97998046875,5386.669458007813,0.003933590015736899,0.003925873679181344
2024-06-26,5460.7099609375,5483.14013671875,5451.8701171875,5477.89990234375,3563920000.0,Wednesday,June,56.8701171875,5397.216943359375,0.0015724312002203256,0.0015711962247204525
2024-06-27,5473.58984375,5490.81005859375,5467.5400390625,5482.8701171875,3589530000.0,Thursday,June,49.1298828125,5409.586450195313,0.0009073212238914774,0.0009069098567990731
2024-06-28,5488.47998046875,5523.64013671875,5451.1201171875,5460.47998046875,7199220000.0,Friday,June,28.8798828125,5418.7349609375,-0.004083652583445674,-0.0040920134623695995
2024-07-01,5471.080078125,5479.5498046875,5446.52978515625,5475.08984375,3488760000.0,Monday,July,1.85986328125,5428.3194580078125,0.0026755639309195,0.0026719909814295235
2024-07-02,5461.83984375,5509.68994140625,5458.43017578125,5509.009765625,3329950000.0,Tuesday,July,21.97998046875,5439.202954101563,0.006195317856513505,0.0061762057711850496
2024-07-03,5507.43994140625,5539.27001953125,5507.419921875,5537.02001953125,2179470000.0,Wednesday,July,49.990234375,5448.352465820312,0.005084444409779065,0.0050715622695336636
2024-07-04,5507.43994140625,5539.27001953125,5507.419921875,5537.02001953125,2179470000.0,Thursday,July,63.85009765625,5457.55546875,0.0,0.0
2024-07-05,5537.91015625,5570.330078125,5531.6298828125,5567.18994140625,3253080000.0,Friday,July,102.56982421875,5468.565454101563,0.005448765178485582,0.00543397436096954
2024-07-08,5572.75,5583.10986328125,5562.509765625,5572.85009765625,3185670000.0,Monday,July,124.97998046875,5479.16845703125,0.0010166989647510949,0.0010161824764044329
2024-07-09,5584.240234375,5590.75,5574.56982421875,5576.97998046875,3232920000.0,Tuesday,July,107.68017578125,5489.25146484375,0.0007410719362856977,0.0007407974780654752
2024-07-10,5591.259765625,5635.39013671875,5586.43994140625,5633.91015625,3336100000.0,Wednesday,July,156.01025390625,5499.895483398437,0.010208065293514812,0.010156314878105886
2024-07-11,5635.2099609375,5642.4501953125,5576.52978515625,5584.5400390625,4020950000.0,Thursday,July,101.669921875,5507.435473632812,-0.008763028841120457,-0.008801649969266724
2024-07-12,5590.759765625,5655.56005859375,5590.43994140625,5615.35009765625,3700280000.0,Friday,July,154.8701171875,5516.622973632812,0.0055170270744306915,0.00550186402496512
2024-07-15,5638.16015625,5666.93994140625,5614.75,5631.22021484375,3620470000.0,Monday,July,156.13037109375,5524.522485351563,0.0028262026252154904,0.0028222164233526843
2024-07-16,5644.08984375,5669.669921875,5639.02001953125,5667.2001953125,4041760000.0,Tuesday,July,158.1904296875,5533.531005859375,0.006389375498743188,0.0063690499714532745
2024-07-17,5610.06982421875,5622.490234375,5584.81005859375,5588.27001953125,4246450000.0,Wednesday,July,51.25,5538.593017578125,-0.013927543241993745,-0.014025441523645543
2024-07-18,5608.56005859375,5614.0498046875,5522.81005859375,5544.58984375,4007510000.0,Thursday,July,7.56982421875,5542.164013671875,-0.007816403936922511,-0.007847112145350072
2024-07-19,5543.3701171875,5557.5,5497.0400390625,5505.0,3760570000.0,Friday,July,-62.18994140625,5544.1830078125,-0.007140265531926926,-0.007165879226406085
2024-07-22,5544.5400390625,5570.35986328125,5529.0400390625,5564.41015625,3375180000.0,Monday,July,-8.43994140625,5550.010009765625,0.01079203564940956,0.010734217246220293
2024-07-23,5565.2998046875,5585.33984375,5550.89990234375,5555.740234375,3500210000.0,Tuesday,July,-21.23974609375,5554.33203125,-0.001558102589770738,-0.0015593176939461904
2024-07-24,5505.83984375,5508.0400390625,5419.97998046875,5427.1298828125,3945550000.0,Wednesday,July,-206.7802734375,5551.793530273438,-0.02314909375473495,-0.02342124222289286
2024-07-25,5428.7001953125,5491.58984375,5390.9501953125,5399.22021484375,4592120000.0,Thursday,July,-185.31982421875,5547.61103515625,-0.005142620237842288,-0.005155889019717259
2024-07-26,5433.669921875,5488.31982421875,5430.7001953125,5459.10009765625,3638770000.0,Friday,July,-156.25,5547.542041015625,0.011090468702846357,0.011029420409570924
2024-07-29,5476.5498046875,5487.740234375,5444.43994140625,5463.5400390625,3379970000.0,Monday,July,-167.68017578125,5546.96455078125,0.0008133101292933098,0.0008129795718284517
2024-07-30,5478.72998046875,5489.4599609375,5401.7001953125,5436.43994140625,3777740000.0,Tuesday,July,-230.76025390625,5543.3360595703125,-0.004960171878030217,-0.0049725143613676215
2024-07-31,5505.58984375,5551.509765625,5493.75,5522.2998046875,4546910000.0,Wednesday,July,-65.97021484375,5542.600048828125,0.0157933986591674,0.015669980701917767
2024-08-01,5537.83984375,5566.16015625,5410.419921875,5446.68017578125,4703620000.0,Thursday,August,-97.90966796875,5538.083056640625,-0.013693502993456064,-0.013788123791990166
2024-08-02,5376.6298828125,5383.89013671875,5302.02978515625,5346.56005859375,5156450000.0,Friday,August,-158.43994140625,5527.0515625,-0.018381860868696753,-0.01855290660855327
2024-08-05,5151.14013671875,5250.89013671875,5119.259765625,5186.330078125,5333250000.0,Monday,August,-378.080078125,5507.725561523437,-0.02996879838863975,-0.0304270413923931
2024-08-06,5206.419921875,5312.33984375,5193.56005859375,5240.02978515625,4690190000.0,Tuesday,August,-315.71044921875,5490.8780517578125,0.010354085880061037,0.010300849493599515
2024-08-07,5293.1298828125,5330.64013671875,5195.5400390625,5199.5,4558260000.0,Wednesday,August,-227.6298828125,5469.157543945313,-0.007734647858502863,-0.007764715388769489
2024-08-08,5252.56982421875,5328.02978515625,5233.85009765625,5319.31005859375,4016830000.0,Thursday,August,-79.91015625,5455.896044921875,0.023042611519136447,0.02278113959089888
2024-08-09,5314.66015625,5358.669921875,5300.83984375,5344.16015625,3516400000.0,Friday,August,-114.93994140625,5442.3365478515625,0.004671676849538509,0.004660798434381699
2024-08-12,5351.8798828125,5371.2001953125,5324.3701171875,5344.39013671875,3360160000.0,Monday,August,-119.14990234375,5427.995043945312,4.303397765514916e-05,4.30330517200971e-05
2024-08-13,5376.97998046875,5436.5,5376.97998046875,5434.43017578125,3648980000.0,Tuesday,August,-2.009765625,5416.35654296875,0.016847579753558328,0.016707233419049988
2024-08-14,5442.35986328125,5463.22021484375,5415.91015625,5455.2099609375,3380050000.0,Wednesday,August,-67.08984375,5409.703540039062,0.0038237284285767004,0.00381643656119841
2024-08-15,5501.1298828125,5546.22998046875,5501.1298828125,5543.22021484375,3723310000.0,Thursday,August,96.5400390625,5409.63505859375,0.016133247764330783,0.01600448993130413
2024-08-16,5530.5,5561.97998046875,5525.169921875,5554.25,3357690000.0,Friday,August,207.68994140625,5412.09755859375,0.001989779357261412,0.0019878023683961516
2024-08-19,5557.22998046875,5608.2998046875,5550.740234375,5608.25,3222050000.0,Monday,August,421.919921875,5414.28955078125,0.009722284736913167,0.009675327436177775
2024-08-20,5602.8798828125,5620.509765625,5585.5,5597.1201171875,2994420000.0,Tuesday,August,357.09033203125,5416.358544921875,-0.0019845553982971165,-0.001986527237609709
2024-08-21,5603.08984375,5632.68017578125,5591.56982421875,5620.85009765625,3119670000.0,Wednesday,August,421.35009765625,5426.0445556640625,0.004239676828782013,0.004230714721006796
2024-08-22,5637.77001953125,5643.22021484375,5560.9501953125,5570.64013671875,2981530000.0,Thursday,August,251.330078125,5434.615551757813,-0.008932805548120926,-0.00897294225665722
2024-08-23,5602.490234375,5641.81982421875,5585.16015625,5634.60986328125,3291940000.0,Friday,August,290.44970703125,5443.391040039062,0.01148337085011919,0.01141793740166443
2024-08-26,5639.66015625,5651.6201171875,5602.33984375,5616.83984375,2938570000.0,Monday,August,272.44970703125,5451.0560302734375,-0.0031537266931381813,-0.0031587101696058145
2024-08-27,5602.89013671875,5631.18017578125,5593.47998046875,5625.7998046875,2798990000.0,Tuesday,August,191.36962890625,5460.5240234375,0.0015951960865450143,0.0015939251127232035
2024-08-28,5624.509765625,5627.02978515625,5560.9501953125,5592.18017578125,3053450000.0,Wednesday,August,136.97021484375,5464.018041992187,-0.00597597320797616,-0.005993900794735212
2024-08-29,5607.2998046875,5646.9501953125,5583.7099609375,5591.9599609375,3065640000.0,Thursday,August,48.73974609375,5471.28203125,-3.937906806072977e-05,-3.937984343658622e-05
2024-08-30,5612.740234375,5651.3701171875,5581.7900390625,5648.39990234375,4185850000.0,Friday,August,94.14990234375,5486.3740234375,0.010093051774424433,0.010042457079144168
2024-09-02,5612.740234375,5651.3701171875,5581.7900390625,5648.39990234375,4185850000.0,Monday,September,40.14990234375,5509.477514648437,0.0,0.0
2024-09-03,5623.89013671875,5623.89013671875,5504.330078125,5528.93017578125,3866350000.0,Tuesday,September,-68.18994140625,5523.922534179687,-0.02115107439771169,-0.021377963372397696
2024-09-04,5506.68017578125,5552.990234375,5503.66015625,5520.06982421875,3478140000.0,Wednesday,September,-100.7802734375,5539.951025390625,-0.0016025435809103872,-0.0016038290273809634
2024-09-05,5520.080078125,5546.2998046875,5480.5400390625,5503.41015625,3521650000.0,Thursday,September,-67.22998046875,5549.156030273438,-0.003018017615584734,-0.003022581014674196
2024-09-06,5507.330078125,5522.47021484375,5402.6201171875,5408.419921875,3822800000.0,Friday,September,-226.18994140625,5552.3690185546875,-0.01726024985928465,-0.017410944507424406
2024-09-09,5442.06982421875,5484.2001953125,5434.490234375,5471.0498046875,3825940000.0,Monday,September,-145.7900390625,5558.702001953125,0.0115800702824842,0.011513534435818254
2024-09-10,5490.509765625,5497.91015625,5441.72021484375,5495.52001953125,3848180000.0,Tuesday,September,-130.27978515625,5561.756494140625,0.004472672652839682,0.004462699977793541
2024-09-11,5496.419921875,5560.41015625,5406.9599609375,5554.1298828125,3839450000.0,Wednesday,September,-38.05029296875,5566.702490234375,0.010665025888896507,0.01060855564984334
2024-09-12,5557.47998046875,5600.7099609375,5535.5,5595.759765625,3655070000.0,Thursday,September,3.7998046875,5569.3294677734375,0.007495302358939249,0.00746735215680267
2024-09-13,5603.33984375,5636.27001953125,5601.64990234375,5626.02001953125,3500790000.0,Friday,September,-22.3798828125,5572.91796875,0.005407711405364557,0.0053931422343560355
2024-09-16,5615.2099609375,5636.0498046875,5604.52978515625,5633.08984375,3437070000.0,Monday,September,-15.31005859375,5574.1599609375,0.0012566297656613212,0.0012558408673102855
2024-09-17,5655.509765625,5670.81005859375,5614.0498046875,5634.580078125,3443600000.0,Tuesday,September,105.64990234375,5576.032958984375,0.00026455008109871336,0.00026451509389645083
2024-09-18,5641.68017578125,5689.75,5615.080078125,5618.259765625,3691390000.0,Wednesday,September,98.18994140625,5575.9034423828125,-0.002896455862498093,-0.0029006587083132912
2024-09-19,5702.6298828125,5733.56982421875,5686.419921875,5713.64013671875,4024530000.0,Thursday,September,210.22998046875,5583.053442382812,0.01697685316676334,0.016834356892725128
2024-09-20,5709.64013671875,5715.14013671875,5674.490234375,5702.5498046875,7867260000.0,Friday,September,294.1298828125,5586.450439453125,-0.0019410273951238066,-0.0019429136300157343
2024-09-23,5711.89990234375,5725.35986328125,5704.22021484375,5718.56982421875,3529550000.0,Monday,September,247.52001953125,5591.536938476563,0.0028092730585327352,0.0028053344257131223
2024-09-24,5727.66015625,5735.31982421875,5698.990234375,5732.93017578125,3872710000.0,Tuesday,September,237.41015625,5596.89345703125,0.0025111788443470395,0.002508031103345345
2024-09-25,5733.64990234375,5741.02978515625,5712.06005859375,5722.259765625,3624910000.0,Wednesday,September,168.1298828125,5603.397436523437,-0.0018612489301417234,-0.001862983206212128
2024-09-26,5762.22021484375,5767.3701171875,5721.009765625,5745.3701171875,4391180000.0,Thursday,September,149.6103515625,5611.067944335938,0.00403867571712313,0.004030542158199222
2024-09-27,5755.35986328125,5763.77978515625,5727.33984375,5738.169921875,3898530000.0,Friday,September,112.14990234375,5615.5564453125,-0.0012532169669905446,-0.0012540029000721238
2024-09-30,5726.52001953125,5765.14013671875,5703.52978515625,5762.47998046875,4425730000.0,Monday,September,129.39013671875,5621.26044921875,0.004236552581176722,0.004227603658441509
2024-10-01,5757.72998046875,5757.72998046875,5681.27978515625,5708.75,4025180000.0,Tuesday,October,74.169921875,5630.251440429687,-0.009324107094664358,-0.009367848694454447
2024-10-02,5698.14013671875,5719.6298828125,5674.0,5709.5400390625,3829050000.0,Wednesday,October,91.2802734375,5639.724951171875,0.00013839090212397487,0.00013838132698647728
2024-10-03,5698.18994140625,5718.77978515625,5677.3701171875,5699.93994140625,3597450000.0,Thursday,October,-13.7001953125,5649.551440429687,-0.001681413492255035,-0.0016828286544586894
2024-10-04,5737.47998046875,5753.2099609375,5702.830078125,5751.06982421875,3479400000.0,Friday,October,48.52001953125,5666.683935546875,0.008970249395274354,0.008930255699186382
2024-10-07,5737.7998046875,5739.33984375,5686.85009765625,5695.93994140625,3637790000.0,Monday,October,-22.6298828125,5677.928442382812,-0.009586022165882668,-0.009632263829388773
2024-10-08,5719.14013671875,5757.60009765625,5714.56005859375,5751.1298828125,3393400000.0,Tuesday,October,18.19970703125,5690.708935546875,0.009689347495581924,0.009642706804694385
2024-10-09,5751.7998046875,5796.7998046875,5745.02001953125,5792.0400390625,3650340000.0,Wednesday,October,69.7802734375,5702.604443359375,0.007113411987488272,0.007088231016994585
2024-10-10,5778.35986328125,5795.02978515625,5764.759765625,5780.0498046875,3208790000.0,Thursday,October,34.6796875,5711.8189453125,-0.002070122839989974,-0.0020722685059824846
2024-10-11,5775.08984375,5822.1298828125,5775.08984375,5815.02978515625,3208720000.0,Friday,October,76.85986328125,5721.26943359375,0.006051847587953629,0.00603360870729872
2024-10-14,5829.81005859375,5871.41015625,5829.56982421875,5859.85009765625,3005250000.0,Monday,October,97.3701171875,5732.607446289063,0.0077076668832223305,0.007678114574594323
2024-10-15,5866.740234375,5870.35986328125,5804.47998046875,5815.259765625,3882120000.0,Tuesday,October,106.509765625,5741.641430664063,-0.007609466332438197,-0.0076385660375134215
2024-10-16,5816.580078125,5846.52001953125,5808.33984375,5842.47021484375,3467230000.0,Wednesday,October,132.93017578125,5752.851953125,0.004679145956573816,0.004668232782779766
2024-10-17,5875.6201171875,5878.4599609375,5840.25,5841.47021484375,3480010000.0,Thursday,October,141.5302734375,5759.24345703125,-0.00017116047891174713,-0.00017117512853816633
2024-10-18,5859.43017578125,5872.169921875,5846.10986328125,5864.669921875,3374490000.0,Friday,October,113.60009765625,5767.349462890625,0.00397155273894878,0.003963686942774387
2024-10-21,5857.81982421875,5866.919921875,5824.7900390625,5853.97998046875,3407010000.0,Monday,October,158.0400390625,5774.119970703125,-0.0018227694906369774,-0.001824432756419033
2024-10-22,5832.7001953125,5863.0400390625,5821.169921875,5851.2001953125,3342080000.0,Tuesday,October,100.0703125,5780.033471679688,-0.0004748538883844189,-0.0004749666671957937
2024-10-23,5834.5,5834.85009765625,5762.41015625,5797.419921875,3532650000.0,Wednesday,October,5.3798828125,5783.791479492187,-0.009191323428069387,-0.009233824267679564
2024-10-24,5817.7998046875,5817.7998046875,5784.919921875,5809.85986328125,3543030000.0,Thursday,October,29.81005859375,5787.015966796875,0.002145772011323821,0.0021434731305568283
2024-10-25,5826.75,5862.81982421875,5799.97998046875,5808.1201171875,3501280000.0,Friday,October,-6.90966796875,5790.5134765625,-0.00029944716993013376,-0.00029949201318627087
2024-10-28,5833.93017578125,5842.919921875,5823.080078125,5823.52001953125,3691280000.0,Monday,October,-36.330078125,5793.565478515625,0.0026514435020339455,0.002647934626732945
2024-10-29,5819.68017578125,5847.18994140625,5802.169921875,5832.919921875,3879100000.0,Tuesday,October,17.66015625,5799.773974609375,0.001614127248163344,0.0016128259449012198
2024-10-30,5832.64990234375,5850.93994140625,5811.27978515625,5813.669921875,3851120000.0,Wednesday,October,-28.80029296875,5804.98046875,-0.003300233889343751,-0.0033056916724881185
2024-10-31,5775.33984375,5775.33984375,5702.85986328125,5705.4501953125,4425660000.0,Thursday,October,-136.02001953125,5805.2559814453125,-0.018614700871699585,-0.018790134928745348
2024-11-01,5723.22021484375,5772.52001953125,5723.22021484375,5728.7998046875,3796450000.0,Friday,November,-135.8701171875,5804.14248046875,0.004092509543626166,0.004084158004525459
2024-11-04,5725.14990234375,5741.43017578125,5696.509765625,5712.68994140625,3602060000.0,Monday,November,-141.2900390625,5804.97998046875,-0.002812083478299976,-0.0028160448131902913
2024-11-05,5722.43017578125,5783.43994140625,5722.10009765625,5782.759765625,3768310000.0,Tuesday,November,-68.4404296875,5806.561474609375,0.012265644545291332,0.012191031029563081
2024-11-06,5864.89013671875,5936.14013671875,5864.89013671875,5929.0400390625,6329530000.0,Wednesday,November,131.6201171875,5813.411474609375,0.025295927786425976,0.024981280957186654
2024-11-07,5947.2099609375,5983.83984375,5947.2099609375,5973.10009765625,4925740000.0,Thursday,November,163.240234375,5823.063989257813,0.007431229727488331,0.007403754173995657
2024-11-08,5976.759765625,6012.4501953125,5976.759765625,5995.5400390625,4666740000.0,Friday,November,187.419921875,5832.089501953125,0.0037568333092317108,0.0037497940357180464
2024-11-11,6008.85986328125,6017.31005859375,5986.68994140625,6001.35009765625,4333000000.0,Monday,November,177.830078125,5839.164501953125,0.0009690634297987444,0.0009685941909569238
2024-11-12,6003.60009765625,6009.919921875,5960.080078125,5983.990234375,4243400000.0,Tuesday,November,151.0703125,5847.601025390625,-0.00289265965137242,-0.0028968514769364996
2024-11-13,5985.75,6008.18994140625,5965.91015625,5985.3798828125,4220180000.0,Wednesday,November,171.7099609375,5854.746508789062,0.00023222772482434095,0.00023220076414018386
2024-11-14,5989.68017578125,5993.8798828125,5942.27978515625,5949.169921875,4184570000.0,Thursday,November,243.7197265625,5860.131494140625,-0.006049734794859041,-0.006068108582244
2024-11-15,5912.7900390625,5915.31982421875,5853.009765625,5870.6201171875,4590960000.0,Friday,November,141.8203125,5860.42900390625,-0.013203489851361216,-0.013291430866793769
2024-11-18,5874.169921875,5908.1201171875,5865.9501953125,5893.6201171875,3983860000.0,Monday,November,180.93017578125,5862.4110107421875,0.003917814394541086,0.003910159746206537
2024-11-19,5870.0498046875,5923.509765625,5855.2900390625,5916.97998046875,4036940000.0,Tuesday,November,134.22021484375,5865.7,0.003963584828470035,0.003955750520596487
2024-11-20,5914.33984375,5920.669921875,5860.56005859375,5917.10986328125,3772620000.0,Wednesday,November,-11.93017578125,5871.684497070312,2.195086225209586e-05,2.19506213354446e-05
2024-11-21,5940.580078125,5963.31982421875,5887.259765625,5948.7099609375,4230120000.0,Thursday,November,-24.39013671875,5878.627001953125,0.0053404615405816536,0.005326251844288491
2024-11-22,5944.35986328125,5972.89990234375,5944.35986328125,5969.33984375,4141420000.0,Friday,November,-26.2001953125,5886.68798828125,0.003467959094991535,0.0034619595915364653
2024-11-25,5992.27978515625,6020.75,5963.91015625,5987.3701171875,5633150000.0,Monday,November,-13.97998046875,5894.8804931640625,0.003020480305938378,0.0030159278201245415
2024-11-26,6000.02978515625,6025.419921875,5992.27001953125,6021.6298828125,3835170000.0,Tuesday,November,37.6396484375,5904.315991210938,0.005722005647630368,0.005705697155263866
2024-11-27,6014.10986328125,6020.16015625,5984.8701171875,5998.740234375,3363340000.0,Wednesday,November,13.3603515625,5913.569506835937,-0.003801238017440034,-0.003808481083577712
2024-11-28,6014.10986328125,6020.16015625,5984.8701171875,5998.740234375,3363340000.0,Thursday,November,49.5703125,5928.2340087890625,0.0,0.0
2024-11-29,6003.97998046875,6044.169921875,6003.97998046875,6032.3798828125,2444420000.0,Friday,November,161.759765625,5943.413012695312,0.005607785488815242,0.005592120396801623
2024-12-02,6040.10986328125,6053.580078125,6035.330078125,6047.14990234375,4412470000.0,Monday,December,153.52978515625,5960.136010742188,0.0024484564662998753,0.0024454638805813736
2024-12-03,6042.97021484375,6052.06982421875,6033.39013671875,6049.8798828125,4095000000.0,Tuesday,December,132.89990234375,5973.492016601563,0.0004514491145146682,0.0004513472420221813
2024-12-04,6069.39013671875,6089.83984375,6061.06005859375,6086.490234375,4003390000.0,Wednesday,December,169.38037109375,5981.364526367188,0.006051417924264779,0.00603318162813612
2024-12-05,6089.02978515625,6094.5498046875,6072.89990234375,6075.10986328125,4212020000.0,Thursday,December,126.39990234375,5986.465014648437,-0.0018697756269248078,-0.0018715258393823342
2024-12-06,6081.3798828125,6099.97021484375,6079.97998046875,6090.27001953125,3924830000.0,Friday,December,120.93017578125,5991.201513671875,0.0024954538421815275,0.0024923453675383123
2024-12-09,6083.009765625,6088.509765625,6048.6298828125,6052.85009765625,4556460000.0,Monday,December,65.47998046875,5993.776513671875,-0.006144213927296471,-0.006163167285227462
2024-12-10,6057.58984375,6065.39990234375,6029.89013671875,6034.91015625,4048410000.0,Tuesday,December,13.2802734375,5996.322509765625,-0.002963883313944371,-0.002968284314279252
2024-12-11,6060.14990234375,6092.58984375,6060.14990234375,6084.18994140625,4269950000.0,Wednesday,December,85.44970703125,6001.263012695313,0.008165786048233592,0.008132626411368235
2024-12-12,6074.2900390625,6079.68017578125,6051.25,6051.25,3678010000.0,Thursday,December,52.509765625,6006.367016601563,-0.005414022527810203,-0.005428731461463251
2024-12-13,6068.169921875,6078.580078125,6035.77001953125,6051.08984375,3584960000.0,Friday,December,18.7099609375,6015.3905029296875,-2.6466639124200775e-05,-2.646698937187397e-05
2024-12-16,6063.7900390625,6085.18994140625,6059.14013671875,6074.080078125,4391100000.0,Monday,December,26.93017578125,6024.413500976562,0.0037993543260221863,0.0037921550087844295
2024-12-17,6052.5498046875,6057.68017578125,6035.18994140625,6050.60986328125,4544500000.0,Tuesday,December,0.72998046875,6031.094995117188,-0.003863994965801476,-0.0038714794806554956
2024-12-18,6047.64990234375,6070.669921875,5867.7900390625,5872.16015625,5246960000.0,Wednesday,December,-214.330078125,6028.847509765625,-0.02949284635160343,-0.02993650530451818
2024-12-19,5912.7099609375,5935.52001953125,5866.06982421875,5867.080078125,4896880000.0,Thursday,December,-208.02978515625,6024.766015625,-0.0008651123249070469,-0.0008654867505367934
2024-12-20,5842.0,5982.06005859375,5832.2998046875,5930.85009765625,8223220000.0,Friday,December,-159.419921875,6022.841528320312,0.010869123768910471,0.010810479402397299
2024-12-23,5940.25,5978.25,5902.56982421875,5974.06982421875,3593280000.0,Monday,December,-78.7802734375,6022.176513671875,0.007287273468533639,0.007260849585616372
2024-12-24,5984.6298828125,6040.10009765625,5981.43994140625,6040.0400390625,1757720000.0,Tuesday,December,5.1298828125,6023.097021484375,0.01104275925539211,0.010982233165126825
2024-12-25,5984.6298828125,6040.10009765625,5981.43994140625,6040.0400390625,1757720000.0,Wednesday,December,-44.14990234375,6025.16201171875,0.0,0.0
2024-12-26,6024.97021484375,6049.75,6007.3701171875,6037.58984375,2904530000.0,Thursday,December,-13.66015625,6027.1044921875,-0.00040565878647391695,-0.0004057410882578191
2024-12-27,6006.169921875,6006.169921875,5932.9501953125,5970.83984375,3159610000.0,Friday,December,-80.25,6024.027490234375,-0.011055736101235558,-0.01111730496491221
2024-12-30,5920.669921875,5940.7900390625,5869.16015625,5906.93994140625,3433250000.0,Monday,December,-167.14013671875,6017.0169921875,-0.010701995701766776,-0.010759673941729728
2024-12-31,5919.740234375,5929.740234375,5868.85986328125,5881.6298828125,3128350000.0,Tuesday,December,-168.97998046875,6008.6044921875,-0.004284800394927402,-0.0042940064589823065
2025-01-01,5919.740234375,5929.740234375,5868.85986328125,5881.6298828125,3128350000.0,Wednesday,January,9.4697265625,5998.361474609375,0.0,0.0
2025-01-02,5903.259765625,5935.08984375,5829.52978515625,5868.5498046875,3621680000.0,Thursday,January,1.4697265625,5988.033471679688,-0.0022238866412221947,-0.002226363149448992
2025-01-03,5891.06982421875,5949.33984375,5888.66015625,5942.47021484375,3667340000.0,Friday,January,11.6201171875,5980.643481445312,0.01259602672149196,0.01251735670782609
2025-01-06,5982.81005859375,6021.0400390625,5960.009765625,5975.3798828125,4940120000.0,Monday,January,1.31005859375,5976.769970703125,0.005538045085450305,0.005522766496818171
2025-01-07,5993.259765625,6000.68017578125,5890.68017578125,5909.02978515625,4517330000.0,Tuesday,January,-131.01025390625,5970.4759521484375,-0.01110391288210788,-0.011166021516637011
2025-01-08,5910.66015625,5927.89013671875,5874.77978515625,5918.25,4441740000.0,Wednesday,January,-121.7900390625,5962.178955078125,0.001560360190925314,0.0015591440938312422
2025-01-09,5910.66015625,5927.89013671875,5874.77978515625,5918.25,4441740000.0,Thursday,January,-119.33984375,5955.528955078125,0.0,0.0
2025-01-10,5890.35009765625,5890.35009765625,5807.77978515625,5827.0400390625,4751930000.0,Friday,January,-143.7998046875,5944.32646484375,-0.01541164380306681,-0.015531637650233373
2025-01-13,5782.02001953125,5838.60986328125,5773.31005859375,5836.22021484375,4421200000.0,Monday,January,-70.7197265625,5932.4334716796875,0.0015754440882007614,0.0015742043780551176
2025-01-14,5859.27001953125,5871.919921875,5805.419921875,5842.91015625,4142280000.0,Tuesday,January,-38.7197265625,5922.048486328125,0.0011462798112440442,0.001145623334164268
2025-01-15,5905.2099609375,5960.60986328125,5905.2099609375,5949.91015625,4544570000.0,Wednesday,January,68.2802734375,5925.935986328125,0.018312792279639112,0.018147132504516373
2025-01-16,5963.60986328125,5964.68994140625,5930.72021484375,5937.33984375,4285810000.0,Thursday,January,68.7900390625,5929.448974609375,-0.0021126894641922966,-0.0021149243408667613
2025-01-17,5995.39990234375,6014.9599609375,5978.43994140625,5996.66015625,4366830000.0,Friday,January,54.18994140625,5932.739477539062,0.009991058969353706,0.009941478308394033
2025-01-20,5995.39990234375,6014.9599609375,5978.43994140625,5996.66015625,4366830000.0,Monday,January,21.2802734375,5933.868994140625,0.0,0.0
2025-01-21,6014.1201171875,6051.509765625,6006.8798828125,6049.240234375,4702920000.0,Tuesday,January,140.21044921875,5934.32900390625,0.008768227105582893,0.00873000944059605
2025-01-22,6081.39013671875,6100.81005859375,6076.1298828125,6086.3701171875,4323040000.0,Wednesday,January,168.1201171875,5936.6455078125,0.006137941522227575,0.006119181086994129
2025-01-23,6076.31982421875,6118.72998046875,6074.669921875,6118.7099609375,4432250000.0,Thursday,January,200.4599609375,5940.701513671875,0.00531348622041139,0.005299419459529372
2025-01-24,6121.43017578125,6128.18017578125,6088.740234375,6101.240234375,4214250000.0,Friday,January,274.2001953125,5947.221533203125,-0.002855132319398823,-0.002859215984467759
2025-01-27,5969.0400390625,6017.169921875,5962.919921875,6012.27978515625,5198750000.0,Monday,January,176.0595703125,5952.488525390625,-0.014580715690809543,-0.014688059032112328
2025-01-28,6026.97021484375,6074.5400390625,5994.6298828125,6067.7001953125,4473640000.0,Tuesday,January,224.7900390625,5961.792041015625,0.009217869449967608,0.009175644177716802
2025-01-29,6057.7001953125,6062.830078125,6012.9599609375,6039.31005859375,4115310000.0,Wednesday,January,89.39990234375,5969.676049804688,-0.004678895760321544,-0.004689876056919602
2025-01-30,6050.75,6086.64013671875,6027.4599609375,6071.169921875,4634620000.0,Thursday,January,133.830078125,5979.807055664062,0.005275414405311762,0.005261548152180238
2025-01-31,6096.7900390625,6120.91015625,6030.93017578125,6040.52978515625,4843770000.0,Friday,January,43.86962890625,5984.710034179688,-0.005046825754019935,-0.005059603990267195
2025-02-03,5969.64990234375,6022.1298828125,5923.93017578125,5994.56982421875,4797210000.0,Monday,February,-2.09033203125,5985.66953125,-0.007608597684666707,-0.007637690729495203
2025-02-04,5998.14013671875,6042.47998046875,5990.8701171875,6037.8798828125,4410160000.0,Tuesday,February,-11.3603515625,5992.112036132812,0.007224881828679752,0.007198907403029113
2025-02-05,6020.4501953125,6062.85986328125,6007.06005859375,6061.47998046875,4756250000.0,Wednesday,February,-24.89013671875,5999.27353515625,0.003908672930614365,0.003901053915613614
2025-02-06,6072.22021484375,6084.02978515625,6046.830078125,6083.56982421875,4847120000.0,Thursday,February,-35.14013671875,6007.539526367187,0.003644298722618622,0.003637674355266266
2025-02-07,6083.1298828125,6101.27978515625,6019.9599609375,6025.990234375,4766900000.0,Friday,February,-75.25,6017.487036132812,-0.009464770111542897,-0.0095098456936602
2025-02-10,6046.39990234375,6073.3798828125,6044.83984375,6066.43994140625,4458760000.0,Monday,February,54.16015625,6028.998022460937,0.006712541085862833,0.006690112295455172
2025-02-11,6049.31982421875,6076.27978515625,6042.33984375,6068.5,4324880000.0,Tuesday,February,0.7998046875,6040.277514648437,0.00033958278885926063,0.00033952514367385523
2025-02-12,6025.080078125,6063.0,6003.0,6051.97021484375,4627960000.0,Wednesday,February,12.66015625,6045.380517578125,-0.0027238667143857365,-0.0027275831896475754
2025-02-13,6060.58984375,6116.91015625,6050.9501953125,6115.06982421875,4763800000.0,Thursday,February,43.89990234375,6054.267016601562,0.010426292122230674,0.010372313214235747
2025-02-14,6115.52001953125,6127.47021484375,6107.6201171875,6114.6298828125,4335190000.0,Friday,February,74.10009765625,6060.165502929687,-7.194380749464546e-05,-7.19463955744955e-05
2025-02-17,6115.52001953125,6127.47021484375,6107.6201171875,6114.6298828125,4335190000.0,Monday,February,120.06005859375,6066.063989257813,0.0,0.0
2025-02-18,6121.60009765625,6129.6298828125,6099.509765625,6129.580078125,4684980000.0,Tuesday,February,91.7001953125,6070.080981445312,0.0024449877750611915,0.002442003655551809
2025-02-19,6117.759765625,6147.43017578125,6111.14990234375,6144.14990234375,4562330000.0,Wednesday,February,82.669921875,6072.969970703125,0.0023769693899173827,0.0023741488668242434
2025-02-20,6134.5,6134.5,6084.58984375,6117.52001953125,4813690000.0,Thursday,February,33.9501953125,6072.910473632813,-0.0043341850761716705,-0.004343604884290259
2025-02-21,6114.10009765625,6114.81982421875,6008.56005859375,6013.1298828125,5434560000.0,Friday,February,-12.8603515625,6068.504956054688,-0.01706412670256352,-0.017211396672539132
2025-02-24,6026.68994140625,6043.64990234375,5977.830078125,5983.25,4990120000.0,Monday,February,-83.18994140625,6067.053466796875,-0.00496910650440241,-0.004981493566252351
2025-02-25,5982.72998046875,5992.64990234375,5908.490234375,5955.25,5374690000.0,Tuesday,February,-113.25,6061.43095703125,-0.004679730915472358,-0.004690715138395557
2025-02-26,5970.8701171875,6009.81982421875,5932.68994140625,5956.06005859375,4869580000.0,Wednesday,February,-95.91015625,6057.26845703125,0.00013602428004699796,0.00013601502958346571
2025-02-27,5981.8798828125,5993.68994140625,5858.77978515625,5861.56982421875,5057680000.0,Thursday,February,-253.5,6046.7884521484375,-0.015864553655509872,-0.015991742678524653
2025-02-28,5856.740234375,5959.39990234375,5837.66015625,5954.5,6441140000.0,Friday,February,-160.1298828125,6042.486962890625,0.01585414463498891,0.015729780420663385
2025-03-03,5968.330078125,5986.08984375,5810.91015625,5849.72021484375,5613850000.0,Monday,March,-264.90966796875,6035.244482421875,-0.0175967394669998,-0.017753402648308866
2025-03-04,5811.97998046875,5865.080078125,5732.58984375,5778.14990234375,6138110000.0,Tuesday,March,-351.43017578125,6022.257983398437,-0.012234826602200433,-0.012310288231505477
2025-03-05,5781.35986328125,5860.58984375,5742.35009765625,5842.6298828125,5285970000.0,Wednesday,March,-301.52001953125,6011.315478515625,0.011159277893187936,0.011097472528735688
2025-03-06,5785.8701171875,5812.080078125,5711.64013671875,5738.52001953125,5165080000.0,Thursday,March,-379.0,5994.06298828125,-0.017819007085749905,-0.017979677107455568
2025-03-07,5726.009765625,5783.009765625,5666.2900390625,5770.2001953125,5705140000.0,Friday,March,-242.9296875,5981.273486328125,0.00552061780274804,0.005505435045454467
2025-03-10,5705.3701171875,5705.3701171875,5564.02001953125,5614.56005859375,6409370000.0,Monday,March,-368.68994140625,5958.6794921875,-0.0269730913054258,-0.027343541788428148
2025-03-11,5603.64990234375,5636.2998046875,5528.41015625,5572.06982421875,6221240000.0,Tuesday,March,-383.18017578125,5933.857983398438,-0.007567865323653167,-0.007596646918536578
2025-03-12,5624.83984375,5642.18994140625,5546.08984375,5599.2998046875,5219830000.0,Wednesday,March,-356.76025390625,5911.224462890625,0.004886869929446425,0.004874967940490777
2025-03-13,5594.4501953125,5597.77978515625,5504.64990234375,5521.52001953125,5018980000.0,Thursday,March,-340.0498046875,5881.54697265625,-0.013890984206835322,-0.013988366806464148
2025-03-14,5563.85009765625,5645.27001953125,5563.85009765625,5638.93994140625,4863180000.0,Friday,March,-315.56005859375,5857.762475585938,0.021265869083087807,0.02104290595319694
2025-03-17,5635.60009765625,5703.52001953125,5631.1201171875,5675.1201171875,5031770000.0,Monday,March,-174.60009765625,5835.7869873046875,0.006416130719105961,0.0063956349746060355
2025-03-18,5654.52978515625,5654.52978515625,5597.759765625,5614.66015625,4666270000.0,Tuesday,March,-163.48974609375,5810.040991210937,-0.010653512117636543,-0.010710667074319702
2025-03-19,5632.3701171875,5715.330078125,5622.2001953125,5675.2900390625,4660090000.0,Wednesday,March,-167.33984375,5786.597998046875,0.010798495567894584,0.010740608172953766
2025-03-20,5646.919921875,5711.14990234375,5632.330078125,5662.89013671875,4678420000.0,Thursday,March,-75.6298828125,5763.86650390625,-0.0021848931523151816,-0.002187283513782985
2025-03-21,5630.72998046875,5670.83984375,5603.10009765625,5667.56005859375,9367460000.0,Friday,March,-102.64013671875,5746.5880126953125,0.0008246534476661349,0.0008243136078323211
2025-03-24,5718.080078125,5775.14013671875,5718.080078125,5767.56982421875,4517990000.0,Monday,March,153.009765625,5735.80400390625,0.017646000146633645,0.01749211712863917
2025-03-25,5775.9599609375,5786.9501953125,5760.419921875,5776.64990234375,4467340000.0,Tuesday,March,204.580078125,5726.873999023437,0.0015743334544251475,0.0015730954906538206
2025-03-26,5771.66015625,5783.6201171875,5694.41015625,5712.2001953125,4183140000.0,Wednesday,March,112.900390625,5714.681005859375,-0.011156934922627149,-0.011219640357598032
2025-03-27,5695.64013671875,5732.27978515625,5670.93994140625,5693.31005859375,4403460000.0,Thursday,March,171.7900390625,5706.268017578125,-0.003306980860763864,-0.0033124610071321114
2025-03-28,5679.2001953125,5685.89013671875,5572.419921875,5580.93994140625,4513330000.0,Friday,March,-58.0,5687.590014648437,-0.01973722070834405,-0.019934601126853548
2025-03-31,5527.91015625,5627.56005859375,5488.72998046875,5611.85009765625,5257250000.0,Monday,March,-63.27001953125,5675.696508789062,0.005538521570653376,0.005523240357645722
2025-04-01,5597.52978515625,5650.56982421875,5558.52001953125,5633.06982421875,4434500000.0,Tuesday,April,18.40966796875,5668.4425048828125,0.0037812354559083605,0.0037741045552120668
2025-04-02,5580.759765625,5695.31005859375,5571.47998046875,5670.97021484375,4243830000.0,Wednesday,April,-4.31982421875,5659.859521484375,0.006728194715792668,0.006705661429484109
2025-04-03,5492.740234375,5499.52978515625,5390.830078125,5396.52001953125,7210470000.0,Thursday,April,-266.3701171875,5642.759521484375,-0.04839563335990149,-0.04960591182899663
2025-04-04,5292.14013671875,5292.14013671875,5069.89990234375,5074.080078125,8853500000.0,Friday,April,-593.47998046875,5607.953515625,-0.05974960534553109,-0.061609061898230934
2025-04-07,4953.7900390625,5246.56982421875,4835.0400390625,5062.25,8691980000.0,Monday,April,-705.31982421875,5580.3380126953125,-0.0023314724921273955,-0.0023341946059635883
2025-04-08,5193.56982421875,5267.47021484375,4910.419921875,4982.77001953125,7408140000.0,Tuesday,April,-793.8798828125,5550.873022460937,-0.015700524562941354,-0.015825083277054855
2025-04-09,4965.27978515625,5481.33984375,4948.43017578125,5456.89990234375,9489600000.0,Wednesday,April,-255.30029296875,5543.75302734375,0.09515387644904849,0.09089487983303646
2025-04-10,5353.14990234375,5353.14990234375,5115.27001953125,5268.0498046875,6677140000.0,Thursday,April,-425.26025390625,5531.079516601562,-0.03460757958472693,-0.03522060702411168
2025-04-11,5255.56005859375,5381.4599609375,5220.77001953125,5363.35986328125,5602550000.0,Friday,April,-217.580078125,5517.300512695312,0.018092095201708958,0.01793038083577807
2025-04-14,5441.9599609375,5459.4599609375,5358.02001953125,5405.97021484375,5031440000.0,Monday,April,-205.8798828125,5503.843017578125,0.007944712390868913,0.007913319326342991
2025-04-15,5411.990234375,5450.41015625,5386.43994140625,5396.6298828125,4317110000.0,Tuesday,April,-236.43994140625,5492.94150390625,-0.0017277808903947145,-0.001729275225300909
2025-04-16,5335.75,5367.240234375,5220.7900390625,5275.7001953125,4607750000.0,Wednesday,April,-395.27001953125,5472.96201171875,-0.0224083715440897,-0.022663253964902527
2025-04-17,5305.4501953125,5328.31005859375,5255.580078125,5282.7001953125,4714880000.0,Thursday,April,-113.81982421875,5453.9525146484375,0.0013268380955802073,0.0013259586237727749
2025-04-18,5305.4501953125,5328.31005859375,5255.580078125,5282.7001953125,4714880000.0,Friday,April,208.6201171875,5434.709521484375,0.0,0.0
2025-04-21,5232.93994140625,5232.93994140625,5101.6298828125,5158.2001953125,4226340000.0,Monday,April,95.9501953125,5404.241040039063,-0.023567493023827546,-0.02384964833401801
2025-04-22,5207.669921875,5309.60986328125,5207.669921875,5287.759765625,4666950000.0,Tuesday,April,304.98974609375,5379.796533203125,0.025117204723895226,0.02480695212545062
2025-04-23,5395.919921875,5469.68994140625,5356.169921875,5375.85986328125,5371390000.0,Wednesday,April,-81.0400390625,5362.979516601563,0.01666113847096007,0.016523864366879457
2025-04-24,5381.3798828125,5489.39990234375,5371.9599609375,5484.77001953125,4697710000.0,Thursday,April,216.72021484375,5352.552514648438,0.020259113708281262,0.020056628082583162
2025-04-25,5489.72998046875,5528.10986328125,5455.85986328125,5525.2099609375,4236580000.0,Friday,April,161.85009765625,5349.766015625,0.007373133469998461,0.0073460847957005125
2025-04-28,5529.22021484375,5553.66015625,5468.64013671875,5528.75,4257880000.0,Monday,April,122.77978515625,5345.611010742187,0.0006407067039131409,0.0006405015390019333
2025-04-29,5508.8701171875,5571.9501953125,5505.7001953125,5560.830078125,4747150000.0,Tuesday,April,164.2001953125,5341.9990234375,0.005802410694099036,0.005785641545556399
2025-04-30,5499.43994140625,5581.83984375,5433.240234375,5569.06005859375,5449490000.0,Wednesday,April,293.35986328125,5336.903515625,0.00147999135976562,0.0014788972519335208
2025-05-01,5625.14013671875,5658.91015625,5597.35009765625,5604.14013671875,4935270000.0,Thursday,May,321.43994140625,5347.284521484375,0.006299102138585644,0.006279345716451974
2025-05-02,5645.8798828125,5700.7001953125,5642.27978515625,5686.669921875,4854380000.0,Friday,May,403.9697265625,5377.914013671875,0.01472657412963474,0.014619191109112719
2025-05-05,5655.31982421875,5683.3798828125,5634.47998046875,5650.3798828125,4358260000.0,Monday,May,492.1796875,5407.3205078125,-0.006381597588933863,-0.006402047029318447
2025-05-06,5605.8701171875,5649.580078125,5586.0400390625,5606.91015625,4717260000.0,Tuesday,May,319.150390625,5438.527514648437,-0.007693239651855532,-0.007722985278391797
2025-05-07,5614.18017578125,5654.72998046875,5578.64013671875,5631.27978515625,4987440000.0,Wednesday,May,255.419921875,5447.246508789062,0.00434635623313584,0.004336938106710132
2025-05-08,5663.60009765625,5720.10009765625,5635.3798828125,5663.93994140625,5627400000.0,Thursday,May,179.169921875,5467.041015625,0.005799775094835535,0.005783021147465641
2025-05-09,5679.64990234375,5691.68994140625,5644.14990234375,5659.91015625,4645090000.0,Friday,May,134.7001953125,5481.8685302734375,-0.0007114809122162891,-0.0007117341348763632
2025-05-12,5807.2001953125,5845.3701171875,5786.080078125,5844.18994140625,6014580000.0,Monday,May,315.43994140625,5503.779516601562,0.032558782749008364,0.03203997667702081
2025-05-13,5854.14990234375,5906.64013671875,5845.02001953125,5886.5498046875,5516290000.0,Tuesday,May,325.7197265625,5528.2755126953125,0.0072482009835321826,0.007222059020245977
2025-05-14,5896.740234375,5906.5498046875,5872.10986328125,5892.580078125,5233450000.0,Wednesday,May,323.52001953125,5559.1195068359375,0.001024415597859818,0.001023891242276054
2025-05-15,5869.81982421875,5924.2099609375,5865.16015625,5916.93017578125,4991290000.0,Thursday,May,312.7900390625,5590.831005859375,0.004132332074135769,0.004123817438757677
2025-05-16,5929.08984375,5958.6201171875,5907.35986328125,5958.3798828125,4850850000.0,Friday,May,271.7099609375,5624.614990234375,0.007005272294898557,0.006980849368100189
2025-05-19,5902.8798828125,5968.60986328125,5895.68994140625,5963.60009765625,4144010000.0,Monday,May,313.22021484375,5664.884985351562,0.0008761131291423752,0.0008757295660482738
2025-05-20,5944.66015625,5953.06005859375,5909.259765625,5940.4599609375,4416850000.0,Tuesday,May,333.5498046875,5697.519995117187,-0.0038802294486252054,-0.0038877770695725784
2025-05-21,5910.18017578125,5938.3701171875,5830.91015625,5844.60986328125,5254250000.0,Wednesday,May,213.330078125,5720.957495117187,-0.01613513066101424,-0.016266719267758897
2025-05-22,5841.259765625,5878.080078125,5825.81982421875,5842.009765625,5157050000.0,Thursday,May,178.06982421875,5738.819482421875,-0.00044487103794299543,-0.0004449700224211693
2025-05-23,5781.89013671875,5829.509765625,5767.41015625,5802.81982421875,4662820000.0,Friday,May,142.90966796875,5752.699975585938,-0.006708297825321674,-0.006730899591473139
2025-05-26,5781.89013671875,5829.509765625,5767.41015625,5802.81982421875,4662820000.0,Monday,May,-41.3701171875,5766.403466796875,0.0,0.0
2025-05-27,5854.06982421875,5924.330078125,5854.06982421875,5921.5400390625,5366380000.0,Tuesday,May,34.990234375,5784.43896484375,0.0204590558452733,0.02025258080218437
2025-05-28,5925.5400390625,5939.919921875,5881.8798828125,5888.5498046875,4665050000.0,Wednesday,May,-4.0302734375,5800.4134521484375,-0.005571225417268844,-0.005586802576444734
2025-05-29,5939.9599609375,5943.1298828125,5873.7998046875,5912.169921875,4569750000.0,Thursday,May,-4.76025390625,5815.81494140625,0.004011194261904327,0.0040031708706317415
2025-05-30,5903.669921875,5922.14013671875,5843.66015625,5911.68994140625,6378540000.0,Friday,May,-46.68994140625,5827.065942382813,-8.118516130162234e-05,-8.118845699520562e-05
2025-06-02,5896.68017578125,5937.39990234375,5861.43017578125,5935.93994140625,4832240000.0,Monday,June,-27.66015625,5841.3439453125,0.0041020419271569075,0.004093651490626028
2025-06-03,5938.56005859375,5981.35009765625,5929.0,5970.3701171875,5026680000.0,Tuesday,June,29.91015625,5859.516943359375,0.005800290454605506,0.005783533535368979
2025-06-04,5978.93994140625,5990.47998046875,5966.10986328125,5970.81005859375,4767050000.0,Wednesday,June,126.2001953125,5876.49345703125,7.36874595066439e-05,7.368474471916267e-05
2025-06-05,5985.669921875,5999.7001953125,5921.2001953125,5939.2998046875,5091850000.0,Thursday,June,97.2900390625,5890.261450195312,-0.005277383403094138,-0.005291357978698112
2025-06-06,5987.06005859375,6016.8701171875,5978.6298828125,6000.35986328125,4355710000.0,Friday,June,197.5400390625,5907.283935546875,0.010280683010067904,0.010228196215376713
2025-06-09,6004.6298828125,6021.31005859375,5994.18017578125,6005.8798828125,4642360000.0,Monday,June,203.06005859375,5915.368432617188,0.0009199480792858594,0.0009195251863913659
2025-06-10,6009.91015625,6043.009765625,6000.27978515625,6038.81005859375,4882880000.0,Tuesday,June,117.27001953125,5922.9814453125,0.00548298940767844,0.005468012541646841
2025-06-11,6049.3798828125,6059.39990234375,6002.31982421875,6022.240234375,5111550000.0,Wednesday,June,133.6904296875,5929.464453125,-0.002743888954607865,-0.002747660318287345
2025-06-12,6009.89990234375,6045.43017578125,6003.8798828125,6045.259765625,4669500000.0,Thursday,June,133.08984375,5935.880932617188,0.0038224199557175265,0.0038151330716763875
2025-06-13,6000.56005859375,6026.16015625,5963.2099609375,5976.97021484375,5258910000.0,Friday,June,65.2802734375,5936.81044921875,-0.011296379879250695,-0.01136066859010289
2025-06-16,6004.0,6050.830078125,6004.0,6033.10986328125,5111710000.0,Monday,June,97.169921875,5940.2859375,0.009392659896159117,0.0093488231481891
2025-06-17,6012.14990234375,6023.25,5974.7998046875,5982.72021484375,4955700000.0,Tuesday,June,12.35009765625,5942.398950195313,-0.008352184790166306,-0.008387259723643134
2025-06-18,5987.93017578125,6018.25,5971.89013671875,5980.8701171875,5106470000.0,Wednesday,June,10.06005859375,5949.211962890625,-0.0003092402101070313,-0.00030928803472058796
2025-06-19,5987.93017578125,6018.25,5971.89013671875,5980.8701171875,5106470000.0,Thursday,June,41.5703125,5956.15498046875,0.0,0.0
2025-06-20,5999.669921875,6018.2001953125,5952.56005859375,5967.83984375,7451500000.0,Friday,June,-32.52001953125,5964.405981445312,-0.002178658486505891,-0.002181035215587759
2025-06-23,5969.669921875,6028.77001953125,5943.22998046875,6025.169921875,5597000000.0,Monday,June,19.2900390625,5975.523486328125,0.009606504133156335,0.009560655071259439
2025-06-24,6061.2099609375,6101.759765625,6059.25,6092.18017578125,5443690000.0,Tuesday,June,53.3701171875,5984.055493164063,0.01112172017970181,0.011060328616958607
2025-06-25,6104.22998046875,6108.509765625,6080.08984375,6092.16015625,5171110000.0,Wednesday,June,69.919921875,5994.236010742187,-3.2861029504172024e-06,-3.286108349665331e-06
2025-06-26,6112.08984375,6146.52001953125,6107.27001953125,6141.02001953125,5308140000.0,Thursday,June,95.76025390625,6005.678515625,0.008020121275230219,0.007988131032516797
2025-06-27,6150.7001953125,6187.68017578125,6132.35009765625,6173.06982421875,7889350000.0,Friday,June,196.099609375,6018.747509765625,0.005218970885222163,0.005205399256150098
2025-06-30,6193.35986328125,6215.080078125,6174.97021484375,6204.9501953125,5782900000.0,Monday,June,171.84033203125,6032.198022460938,0.005164427424532603,0.005151137506128882
2025-07-01,6187.25,6210.77978515625,6177.97021484375,6198.009765625,6275310000.0,Tuesday,July,215.28955078125,6043.580004882812,-0.001118531087121899,-0.0011191571098791433
2025-07-02,6193.8798828125,6227.60009765625,6188.2900390625,6227.419921875,5645710000.0,Wednesday,July,246.5498046875,6056.410498046875,0.004745096791088033,0.0047338743064907745
2025-07-03,6246.4599609375,6284.64990234375,6246.4599609375,6279.35009765625,3378110000.0,Thursday,July,298.47998046875,6073.413012695312,0.008338955206607324,0.00830437821066394
2025-07-04,6246.4599609375,6284.64990234375,6246.4599609375,6279.35009765625,3378110000.0,Friday,July,311.51025390625,6087.362524414062,0.0,0.0
2025-07-07,6259.0400390625,6262.06982421875,6201.0,6229.97998046875,5236740000.0,Monday,July,204.81005859375,6098.567529296875,-0.007862297279128794,-0.007893368104244017
2025-07-08,6234.02978515625,6242.7001953125,6217.75,6225.52001953125,5739030000.0,Tuesday,July,133.33984375,6107.90302734375,-0.0007158868810946961,-0.0007161432504695748
2025-07-09,6243.330078125,6269.16015625,6231.43017578125,6263.259765625,4813340000.0,Wednesday,July,171.099609375,6119.95400390625,0.0060621034026635545,0.00604380277677969
2025-07-10,6266.7998046875,6290.22021484375,6251.43994140625,6280.4599609375,5367350000.0,Thursday,July,139.43994140625,6131.714013671875,0.0027462050044453346,0.0027424410729257912
2025-07-11,6255.68017578125,6269.43994140625,6237.60009765625,6259.75,4656210000.0,Friday,July,86.68017578125,6145.853002929687,-0.0032975229626984737,-0.0033029717732258423
2025-07-14,6255.14990234375,6273.31005859375,6239.22021484375,6268.56005859375,4722250000.0,Monday,July,63.60986328125,6157.625512695313,0.001407413809457303,0.0014064243309367943
2025-07-15,6295.2900390625,6302.0400390625,6241.68017578125,6243.759765625,5133670000.0,Tuesday,July,45.75,6170.677490234375,-0.003956298214731202,-0.003964145065672561
2025-07-16,6254.5,6268.1201171875,6201.58984375,6263.7001953125,5177460000.0,Wednesday,July,36.2802734375,6184.818994140625,0.003193657417327689,0.0031885685253844154
2025-07-17,6263.39990234375,6304.68994140625,6262.27001953125,6297.35986328125,5512290000.0,Thursday,July,18.009765625,6200.643481445312,0.00537376740890938,0.005359380240011013
2025-07-18,6312.9501953125,6315.60986328125,6285.27001953125,6296.7900390625,5184700000.0,Friday,July,17.43994140625,6217.090991210937,-9.048620868445933e-05,-9.049030280841674e-05
2025-07-21,6304.740234375,6336.080078125,6303.7900390625,6305.60009765625,5010840000.0,Monday,July,75.6201171875,6231.1125,0.001399134882868358,0.001398157005673256
2025-07-22,6306.60009765625,6316.1201171875,6281.7099609375,6309.6201171875,5662040000.0,Tuesday,July,84.10009765625,6241.9844970703125,0.0006375316336257875,0.0006373284966667569
2025-07-23,6326.89990234375,6360.64013671875,6317.490234375,6358.91015625,5642510000.0,Wednesday,July,95.650390625,6255.321997070312,0.007811886951519131,0.007781532145702873
2025-07-24,6368.60009765625,6381.31005859375,6360.56982421875,6363.35009765625,5282720000.0,Thursday,July,82.89013671875,6266.438500976563,0.0006982236416543941,0.0006979799969332514
2025-07-25,6370.009765625,6395.81982421875,6368.52978515625,6388.64013671875,4470720000.0,Friday,July,128.89013671875,6277.217016601562,0.00397432777929585,0.003966451001680552
2025-07-28,6397.68994140625,6401.06982421875,6375.7900390625,6389.77001953125,4565620000.0,Monday,July,121.2099609375,6286.4580078125,0.00017685810881817865,0.00017684247126657597
2025-07-29,6405.6201171875,6409.259765625,6363.919921875,6370.85986328125,5076120000.0,Tuesday,July,127.10009765625,6295.100512695312,-0.002959442388724254,-0.002963830197466829
2025-07-30,6381.22998046875,6396.5400390625,6336.3798828125,6362.89990234375,5375070000.0,Wednesday,July,99.19970703125,6301.87451171875,-0.0012494327466496813,-0.0012502139385094711
2025-07-31,6427.02001953125,6427.02001953125,6327.64013671875,6339.39013671875,6077080000.0,Thursday,July,42.0302734375,6304.876513671875,-0.0036948193411530106,-0.003701662046374567
2025-08-01,6287.27978515625,6287.27978515625,6212.68994140625,6238.009765625,5827150000.0,Friday,August,-58.7802734375,6302.809497070312,-0.015992133140148468,-0.0161213871855698
2025-08-04,6271.7099609375,6330.68994140625,6271.7099609375,6329.93994140625,4842580000.0,Monday,August,24.33984375,6307.8074951171875,0.01473710033091602,0.014629564491414495
2025-08-05,6336.6298828125,6346.0,6289.3701171875,6299.18994140625,5517410000.0,Tuesday,August,-10.43017578125,6311.490991210938,-0.004857865996303334,-0.004869703780462017
2025-08-06,6309.2998046875,6352.830078125,6301.10986328125,6345.06005859375,5408560000.0,Wednesday,August,-13.85009765625,6315.581005859375,0.007281907295092482,0.007255522219852605
2025-08-07,6374.31982421875,6389.7099609375,6310.31982421875,6340.0,5306090000.0,Thursday,August,-23.35009765625,6318.5580078125,-0.0007974800154801898,-0.0007977981718278668
2025-08-08,6355.22021484375,6395.16015625,6355.22021484375,6389.4501953125,4769910000.0,Friday,August,0.81005859375,6325.043017578125,0.007799715348974834,0.0077694548163894745
2025-08-11,6389.669921875,6407.25,6364.06005859375,6373.4501953125,4652400000.0,Monday,August,-16.31982421875,6330.287524414062,-0.0025041278217863283,-0.0025072683938851073
2025-08-12,6395.169921875,6446.5498046875,6385.759765625,6445.759765625,5135300000.0,Tuesday,August,74.89990234375,6340.387524414063,0.01134543584661274,0.011281559075170764
2025-08-13,6462.669921875,6480.27978515625,6445.02001953125,6466.580078125,5195950000.0,Wednesday,August,103.68017578125,6350.531518554688,0.0032300788824048965,0.0032248733840464015
2025-08-14,6453.4599609375,6473.919921875,6441.06982421875,6468.5400390625,4462050000.0,Thursday,August,129.14990234375,6359.09052734375,0.00030309080129242716,0.00030304487855445177
2025-08-15,6477.3798828125,6481.33984375,6441.85009765625,6449.7998046875,4575060000.0,Friday,August,211.7900390625,6366.741015625,-0.0028971350972291088,-0.0029013399163647113
2025-08-18,6445.02001953125,6455.35009765625,6437.7001953125,6449.14990234375,4162290000.0,Monday,August,119.2099609375,6373.918505859375,-0.00010076318078544588,-0.00010076825773579619
2025-08-19,6446.240234375,6456.47998046875,6400.22021484375,6411.3701171875,4377440000.0,Tuesday,August,112.18017578125,6379.006005859375,-0.005858103118756786,-0.005875329112207127
2025-08-20,6406.6201171875,6408.39990234375,6343.85986328125,6395.77978515625,4470390000.0,Wednesday,August,50.7197265625,6380.8494873046875,-0.0024316693228262354,-0.002434630632264957
2025-08-21,6380.830078125,6393.64990234375,6352.7099609375,6370.169921875,4013560000.0,Thursday,August,30.169921875,6381.190478515625,-0.004004181529308926,-0.004012219728951123
2025-08-22,6384.58984375,6478.89013671875,6384.58984375,6466.91015625,5046860000.0,Friday,August,77.4599609375,6385.103979492187,0.015186444876893468,0.015072285158779139
2025-08-25,6457.669921875,6466.89013671875,6438.06005859375,6439.31982421875,4059070000.0,Monday,August,65.86962890625,6387.581469726562,-0.004266385548063467,-0.004275512539646319
2025-08-26,6435.490234375,6468.3701171875,6429.2099609375,6465.93994140625,4867680000.0,Tuesday,August,20.18017578125,6392.335473632813,0.004133995191134998,0.00412547371011636
2025-08-27,6462.259765625,6487.06005859375,6457.83984375,6481.39990234375,4143680000.0,Wednesday,August,14.81982421875,6398.260473632812,0.0023909843081744153,0.0023881304533030262
2025-08-28,6483.83984375,6508.22998046875,6466.9599609375,6501.85986328125,4283760000.0,Thursday,August,33.31982421875,6406.383959960937,0.0031567194195349924,0.003151747441466755
2025-08-29,6489.27978515625,6491.759765625,6444.56982421875,6460.259765625,4234840000.0,Friday,August,10.4599609375,6417.4964599609375,-0.00639818429357164,-0.006418740402792551
2025-09-01,6489.27978515625,6491.759765625,6444.56982421875,6460.259765625,4234840000.0,Monday,September,11.10986328125,6424.012451171875,0.0,0.0
2025-09-02,6401.509765625,6416.5400390625,6360.580078125,6415.5400390625,4784000000.0,Tuesday,September,4.169921875,6429.8299560546875,-0.006922279936861564,-0.006946350061030363
2025-09-03,6445.81982421875,6453.669921875,6416.169921875,6448.259765625,4465360000.0,Wednesday,September,52.47998046875,6434.98994140625,0.0051000736279842585,0.005087112302941308
2025-09-04,6456.60009765625,6502.5400390625,6445.97998046875,6502.080078125,4670770000.0,Thursday,September,131.91015625,6443.0939453125,0.008346486409699372,0.008311847102873571
2025-09-05,6529.080078125,6532.64990234375,6443.97998046875,6481.5,5066120000.0,Friday,September,14.58984375,6447.696435546875,-0.003165152978388819,-0.00317017266993674
2025-09-08,6498.08984375,6508.669921875,6483.2900390625,6495.14990234375,5211500000.0,Monday,September,55.830078125,6453.781420898437,0.0021059789159529885,0.0021037644508885675
2025-09-09,6503.330078125,6518.22998046875,6483.080078125,6512.60986328125,4798350000.0,Tuesday,September,46.669921875,6457.12392578125,0.0026881536531127015,0.0026845470300734414
2025-09-10,6550.2900390625,6555.97021484375,6516.33984375,6532.0400390625,5253010000.0,Wednesday,September,50.64013671875,6460.396923828125,0.002983469943562689,0.0029790282293981275
2025-09-11,6554.41015625,6592.89013671875,6545.7998046875,6587.47021484375,5426460000.0,Thursday,September,85.6103515625,6466.343432617187,0.008485890387959882,0.008450087623093565
2025-09-12,6590.66015625,6600.2099609375,6579.490234375,6584.2900390625,4641640000.0,Friday,September,124.0302734375,6473.067944335938,-0.00048276131466740146,-0.00048287788142832935
2025-09-15,6603.490234375,6619.6201171875,6602.06982421875,6615.27978515625,5045020000.0,Monday,September,155.02001953125,6481.374438476562,0.004706619226962694,0.004695577726559718
2025-09-16,6624.1298828125,6626.990234375,6600.10986328125,6606.759765625,5359510000.0,Tuesday,September,191.2197265625,6491.1439208984375,-0.0012879303382402618,-0.0012887604333313247
2025-09-17,6604.8701171875,6624.39013671875,6551.14990234375,6600.35009765625,5805340000.0,Wednesday,September,152.09033203125,6501.3724365234375,-0.0009701681605103207,-0.0009706390782443865
2025-09-18,6626.85009765625,6656.7998046875,6611.89013671875,6631.9599609375,5292400000.0,Thursday,September,129.8798828125,6514.461938476563,0.004789119185128365,0.004777687836708263
2025-09-19,6647.10986328125,6671.81982421875,6630.31005859375,6664.35986328125,9125960000.0,Friday,September,182.85986328125,6524.334423828125,0.004885418870829605,0.004873523937481177
2025-09-22,6654.27978515625,6698.8798828125,6648.06982421875,6693.75,5642620000.0,Monday,September,198.60009765625,6537.055932617188,0.004410046474333074,0.004400350714762291
2025-09-23,6692.43994140625,6699.52001953125,6645.580078125,6656.919921875,5633620000.0,Tuesday,September,144.31005859375,6546.604931640625,-0.005502159197012135,-0.005517351828739721
2025-09-24,6669.7900390625,6672.66015625,6621.759765625,6637.97021484375,5459180000.0,Wednesday,September,105.93017578125,6554.433447265625,-0.002846617843333288,-0.0028506771652953692
2025-09-25,6608.18994140625,6619.0,6569.22021484375,6604.72021484375,5874670000.0,Thursday,September,17.25,6559.57646484375,-0.0050090613431266195,-0.005021648742526333
2025-09-26,6615.3798828125,6648.97021484375,6604.43017578125,6643.7001953125,5103110000.0,Friday,September,59.41015625,6568.748486328125,0.005901836747171263,0.005884489130413512
2025-09-29,6661.580078125,6677.31005859375,6644.490234375,6661.2099609375,5358760000.0,Monday,September,45.93017578125,6578.79599609375,0.00263554421636214,0.002632077259912619
2025-09-30,6656.18994140625,6691.25,6641.0,6688.4599609375,6057210000.0,Tuesday,September,81.7001953125,6592.4419921875,0.0040908483833717035,0.004082503613507919
2025-10-01,6664.919921875,6718.47998046875,6656.2001953125,6711.2001953125,6037950000.0,Wednesday,October,110.85009765625,6605.589013671875,0.003399920834961989,0.0033941541712235066
2025-10-02,6731.31005859375,6731.93994140625,6693.22998046875,6715.35009765625,5416130000.0,Thursday,October,83.39013671875,6616.252514648438,0.0006183547238911569,0.0006181636213842448
2025-10-03,6722.14013671875,6750.8701171875,6705.669921875,6715.7900390625,5713110000.0,Friday,October,51.43017578125,6627.967016601562,6.551280273581206e-05,6.55106568658717e-05
2025-10-06,6733.85986328125,6749.52001953125,6717.77978515625,6740.27978515625,5604460000.0,Monday,October,46.52978515625,6640.2235107421875,0.0036465919796933033,0.003639959282762629
2025-10-07,6746.14013671875,6754.490234375,6699.9599609375,6714.58984375,5546150000.0,Tuesday,October,57.669921875,6650.322509765625,-0.0038114057910215715,-0.003818687706853079
2025-10-08,6723.8701171875,6755.64013671875,6718.08984375,6753.72021484375,5383130000.0,Wednesday,October,115.75,6661.406518554688,0.0058276636405680815,0.005810748494187323
2025-10-09,6760.5,6764.580078125,6716.169921875,6735.10986328125,5385020000.0,Thursday,October,130.3896484375,6668.788500976562,-0.002755570407195318,-0.0027593739802789824
2025-10-10,6740.490234375,6762.39990234375,6550.77978515625,6552.509765625,6596610000.0,Friday,October,-91.1904296875,6667.199487304688,-0.02711167321141361,-0.027485975439899807
2025-10-13,6622.52978515625,6668.68017578125,6620.7099609375,6654.72021484375,5303960000.0,Monday,October,-6.48974609375,6669.1715087890625,0.015598671787557583,0.015478263036934031
2025-10-14,6602.490234375,6680.7001953125,6555.06982421875,6644.31005859375,5666920000.0,Tuesday,October,-44.14990234375,6671.0490234375,-0.0015643266604626893,-0.00156555149694257
2025-10-15,6688.27001953125,6724.1201171875,6612.10986328125,6671.06005859375,5633060000.0,Wednesday,October,-40.14013671875,6674.584521484375,0.004026001159503689,0.004017918503427979
2025-10-16,6689.02001953125,6709.33984375,6593.990234375,6629.06982421875,6048180000.0,Thursday,October,-86.2802734375,6674.440014648438,-0.006294387099829435,-0.006314280275141975
2025-10-17,6613.27001953125,6678.8798828125,6603.759765625,6664.009765625,5358120000.0,Friday,October,-51.7802734375,6674.422509765625,0.0052707155502571545,0.0052568739445263
2025-10-20,6690.0498046875,6744.35009765625,6690.0498046875,6735.1298828125,4672170000.0,Monday,October,-5.14990234375,6676.49150390625,0.010672270853256949,0.010615724136144117
2025-10-21,6736.75,6752.16015625,6722.02978515625,6735.35009765625,5245020000.0,Tuesday,October,20.76025390625,6680.413012695312,3.2696450934288634e-05,3.269591641698797e-05
2025-10-22,6741.33984375,6741.75,6655.68994140625,6699.39990234375,5710010000.0,Wednesday,October,-54.3203125,6683.4844970703125,-0.005337539220865439,-0.005351834774743029
2025-10-23,6703.64990234375,6749.52978515625,6700.14013671875,6738.43994140625,5565750000.0,Thursday,October,3.330078125,6690.170483398438,0.0058273934429324825,0.0058104798620133855
2025-10-24,6772.06982421875,6807.10986328125,6772.06982421875,6791.68994140625,5058220000.0,Friday,October,239.18017578125,6697.569970703125,0.00790242258787388,0.007871361975244856
2025-10-27,6845.4599609375,6877.27978515625,6843.93994140625,6875.16015625,5290650000.0,Monday,October,220.43994140625,6708.26748046875,0.012290050865671143,0.012215141327379352
2025-10-28,6897.740234375,6911.2998046875,6870.72998046875,6890.89013671875,5695930000.0,Tuesday,October,246.580078125,6718.388989257813,0.0022879438603986557,0.0022853305022299255
2025-10-29,6910.9501953125,6920.33984375,6851.91015625,6890.58984375,6280130000.0,Wednesday,October,219.52978515625,6727.358471679688,-4.3578255173426506e-05,-4.3579204733175357e-05
2025-10-30,6860.5,6880.75,6820.68994140625,6822.33984375,6052700000.0,Thursday,October,193.27001953125,6732.707958984375,-0.00990481243951924,-0.009954191424534511
2025-10-31,6879.169921875,6879.169921875,6814.259765625,6840.2001953125,6398280000.0,Friday,October,176.1904296875,6738.928466796875,0.0026179217059763005,0.0026145009178832708
2025-11-03,6882.31982421875,6882.31982421875,6820.6201171875,6851.97021484375,6065720000.0,Monday,November,116.84033203125,6744.51298828125,0.0017207127269924793,0.0017192339969181521
2025-11-04,6788.52001953125,6820.2099609375,6766.7099609375,6771.5498046875,5739510000.0,Tuesday,November,36.19970703125,6747.360986328125,-0.011736830084583816,-0.011806250392326717
2025-11-05,6769.77001953125,6829.77978515625,6763.10986328125,6796.2900390625,5939600000.0,Wednesday,November,96.89013671875,6749.489477539062,0.0036535556982648654,0.0036468976756877185
2025-11-06,6787.58984375,6796.68017578125,6707.509765625,6720.31982421875,6051900000.0,Thursday,November,-18.1201171875,6748.749975585937,-0.011178189042419073,-0.011241134514722728
2025-11-07,6696.18017578125,6730.10986328125,6631.43994140625,6728.7998046875,5926070000.0,Friday,November,-62.89013671875,6757.564477539063,0.0012618418007710464,0.0012610463474931072
2025-11-10,6785.35986328125,6841.31982421875,6770.56005859375,6832.43017578125,5366050000.0,Monday,November,-42.72998046875,6766.449975585938,0.01540101862170995,0.015283626703501816
2025-11-11,6815.64013671875,6855.1298828125,6806.8701171875,6846.60986328125,4983490000.0,Tuesday,November,-44.2802734375,6776.564965820313,0.002075350517340535,0.0020731999523923177
2025-11-12,6867.77001953125,6869.91015625,6829.6201171875,6850.919921875,5293610000.0,Wednesday,November,-39.669921875,6785.557958984375,0.0006295171887717999,0.0006293191259445972
2025-11-13,6826.47021484375,6828.0498046875,6724.72021484375,6737.490234375,5473720000.0,Thursday,November,-84.849609375,6790.978979492187,-0.01655685496159698,-0.01669545163092778
2025-11-14,6672.14013671875,6774.31005859375,6646.8701171875,6734.10986328125,5042660000.0,Friday,November,-106.09033203125,6794.483984375,-0.0005017255648851471,-0.0005018514712717733
2025-11-17,6713.60986328125,6754.5,6638.89990234375,6672.41015625,5204220000.0,Monday,November,-179.56005859375,6791.347998046875,-0.00916226617680782,-0.009204497894305158
2025-11-18,6641.18994140625,6666.6298828125,6574.31982421875,6617.31982421875,5159390000.0,Tuesday,November,-154.22998046875,6785.446484375,-0.008256436690967983,-0.008290709844169318
2025-11-19,6625.83984375,6689.75,6603.5,6642.16015625,5021610000.0,Wednesday,November,-154.1298828125,6782.584497070313,0.0037538357962292324,0.00374680773726533
2025-11-20,6737.93017578125,6770.35009765625,6534.0498046875,6538.759765625,5596080000.0,Thursday,November,-181.56005859375,6772.60048828125,-0.015567283563270418,-0.01568972611631523
2025-11-21,6555.77001953125,6660.0498046875,6521.919921875,6602.990234375,5929930000.0,Friday,November,-125.8095703125,6763.165502929687,0.009823035415319481,0.009775103041592069
2025-11-24,6636.5400390625,6715.75,6630.7001953125,6705.1201171875,6039740000.0,Monday,November,-127.31005859375,6754.663500976562,0.015467217001293498,0.015348818899081837
2025-11-25,6697.02978515625,6776.39990234375,6659.97998046875,6765.8798828125,5003330000.0,Tuesday,November,-80.72998046875,6748.41298828125,0.009061696817220577,0.009020886000832944
2025-11-26,6793.5498046875,6831.43994140625,6783.8701171875,6812.60986328125,4485000000.0,Wednesday,November,-38.31005859375,6744.513989257813,0.006906711511012631,0.006882969436149685
2025-11-27,6793.5498046875,6831.43994140625,6783.8701171875,6812.60986328125,4485000000.0,Thursday,November,75.11962890625,6744.027490234375,0.0,0.0
2025-11-28,6822.52001953125,6850.85986328125,6819.75,6849.08984375,2558540000.0,Friday,November,114.97998046875,6744.47197265625,0.005354773163420257,0.005340487341137372
2025-12-01,6812.2998046875,6843.64990234375,6799.93994140625,6812.6298828125,4549370000.0,Monday,December,140.2197265625,6742.504956054688,-0.005323329342915684,-0.005337548746055966
2025-12-02,6830.9599609375,6851.5498046875,6806.7099609375,6829.3701171875,4582290000.0,Tuesday,December,212.05029296875,6745.395971679687,0.002457235261999813,0.002454221195936617
2025-12-03,6815.2900390625,6862.419921875,6810.43017578125,6849.72021484375,4736780000.0,Wednesday,December,207.56005859375,6748.06748046875,0.0029797912994984355,0.0029753605210852863
2025-12-04,6866.47021484375,6866.47021484375,6827.1201171875,6857.1201171875,4872440000.0,Thursday,December,318.3603515625,6754.907495117188,0.0010803218396737702,0.001079738711974404
2025-12-05,6866.31982421875,6895.77978515625,6858.2900390625,6870.39990234375,4944560000.0,Friday,December,267.40966796875,6761.9875,0.001936641757662061,0.0019347688846794776
2025-12-08,6875.2001953125,6878.27001953125,6827.18994140625,6846.509765625,4757130000.0,Monday,December,141.3896484375,6762.691479492188,-0.003477255626794018,-0.0034833153316476935
2025-12-09,6840.60986328125,6864.919921875,6837.43017578125,6840.509765625,4508050000.0,Tuesday,December,74.6298828125,6762.386474609375,-0.0008763589340257116,-0.0008767431610132386
2025-12-10,6833.490234375,6900.669921875,6824.68994140625,6886.68017578125,5526570000.0,Wednesday,December,74.0703125,6764.174487304687,0.00674955693920154,0.006726880659139976
2025-12-11,6861.2998046875,6903.4599609375,6833.4501953125,6901.0,5021060000.0,Thursday,December,88.39013671875,6772.3499755859375,0.002079350841514227,0.00207719198371703
2025-12-12,6886.85009765625,6899.85009765625,6801.7900390625,6827.41015625,4910160000.0,Friday,December,-21.6796875,6777.014990234375,-0.010663649289958,-0.010720913458554537
2025-12-15,6860.18994140625,6861.58984375,6801.490234375,6816.509765625,4975600000.0,Monday,December,3.8798828125,6784.219970703125,-0.0015965630269072495,-0.0015978388918367072
2025-12-16,6800.1201171875,6819.27001953125,6759.740234375,6800.259765625,4983180000.0,Tuesday,December,-29.1103515625,6793.366967773438,-0.0023839179519623555,-0.00238676400843967
2025-12-17,6802.8798828125,6812.259765625,6720.43017578125,6721.43017578125,5122120000.0,Wednesday,December,-128.2900390625,6797.33046875,-0.011592143912241393,-0.01165985661137129
2025-12-18,6778.06005859375,6816.1298828125,6758.5,6774.759765625,5101190000.0,Thursday,December,-82.3603515625,6809.13046875,0.007934262269941872,0.007902951520479156
2025-12-19,6792.6201171875,6840.02001953125,6792.6201171875,6834.5,8554470000.0,Friday,December,-35.89990234375,6820.70595703125,0.008818059450332205,0.008779407421828872
2025-12-22,6865.2099609375,6882.02978515625,6855.740234375,6878.490234375,4465030000.0,Monday,December,31.98046875,6829.374462890625,0.006436496360377575,0.006415870575561936
2025-12-23,6872.41015625,6910.8798828125,6868.81005859375,6909.7900390625,3820560000.0,Tuesday,December,69.2802734375,6836.569970703125,0.004550388765703239,0.004540067046788208
2025-12-24,6904.91015625,6937.31982421875,6904.91015625,6932.0498046875,1798270000.0,Wednesday,December,45.36962890625,6842.541967773437,0.0032214822012188726,0.003216304344700708
2025-12-25,6904.91015625,6937.31982421875,6904.91015625,6932.0498046875,1798270000.0,Thursday,December,31.0498046875,6848.51396484375,0.0,0.0
2025-12-26,6936.02001953125,6945.77001953125,6921.60009765625,6929.93994140625,2586550000.0,Friday,December,102.52978515625,6852.556469726563,-0.00030436354912266594,-0.00030440987710828846
2025-12-29,6903.60009765625,6920.2099609375,6888.759765625,6905.740234375,3541750000.0,Monday,December,89.23046875,6857.211987304688,-0.00349205148036813,-0.003498162923937312
2025-12-30,6900.43994140625,6913.25,6893.47021484375,6896.240234375,3309930000.0,Tuesday,December,95.98046875,6860.555493164063,-0.0013756671519022934,-0.0013766142506534472
2025-12-31,6898.81982421875,6901.419921875,6844.5498046875,6845.5,3261830000.0,Wednesday,December,124.06982421875,6860.344482421875,-0.007357666300846111,-0.007384867434248815
2026-01-01,6898.81982421875,6901.419921875,6844.5498046875,6845.5,3261830000.0,Thursday,January,70.740234375,6859.7634765625,0.0,0.0
2026-01-02,6878.10986328125,6894.8701171875,6824.31005859375,6858.47021484375,4184120000.0,Friday,January,23.97021484375,6859.1669921875,0.0018947067188299638,0.0018929140261155547
2026-01-05,6892.18994140625,6920.3798828125,6891.56005859375,6902.0498046875,5771930000.0,Monday,January,23.5595703125,6861.943994140625,0.006354126864826393,0.006334024511051582
2026-01-06,6908.02978515625,6948.68994140625,6904.02001953125,6944.81982421875,5509680000.0,Tuesday,January,35.02978515625,6867.159497070313,0.006196712678341321,0.0061775920038938375
2026-01-07,6945.06982421875,6965.68994140625,6919.18994140625,6920.93017578125,5214480000.0,Wednesday,January,-11.11962890625,6868.871997070312,-0.003439923431013958,-0.0034458535710101927
2026-01-08,6914.10986328125,6931.27978515625,6899.330078125,6921.4599609375,5333200000.0,Thursday,January,-10.58984375,6869.894995117187,7.65482590914246e-05,7.654532942294603e-05
2026-01-09,6927.830078125,6978.35986328125,6917.64013671875,6966.27978515625,5163900000.0,Friday,January,36.33984375,6876.8384765625,0.006475487031883276,0.006454611138321038
2026-01-12,6944.1201171875,6986.330078125,6934.06982421875,6977.27001953125,5019040000.0,Monday,January,71.52978515625,6884.876489257813,0.001577633215136931,0.0015763900591805138
2026-01-13,6977.41015625,6985.830078125,6938.77001953125,6963.740234375,5091730000.0,Tuesday,January,67.5,6893.050512695312,-0.0019391230550597216,-0.0019410055882070072
2026-01-14,6937.41015625,6941.2998046875,6885.740234375,6926.60009765625,5530830000.0,Wednesday,January,81.10009765625,6903.309008789062,-0.005333360445499591,-0.005347633584135448
2026-01-15,6969.4599609375,6979.33984375,6937.93017578125,6944.47021484375,5114050000.0,Thursday,January,98.97021484375,6911.79453125,0.0025799262171273263,0.002576603920444464
2026-01-16,6960.5400390625,6967.2998046875,6925.08984375,6940.009765625,5356550000.0,Friday,January,81.53955078125,6917.07001953125,-0.0006423023039563436,-0.0006425086684515026
2026-01-19,6960.5400390625,6967.2998046875,6925.08984375,6940.009765625,5356550000.0,Monday,January,37.9599609375,6920.14599609375,0.0,0.0
2026-01-20,6865.240234375,6871.169921875,6789.0498046875,6796.85986328125,5769500000.0,Tuesday,January,-147.9599609375,6914.499487304687,-0.02062675805627745,-0.020842460953261224
2026-01-21,6810.7099609375,6910.39013671875,6804.9599609375,6875.6201171875,5835520000.0,Wednesday,January,-45.31005859375,6911.678002929688,0.011587741323274559,0.01152111763356032
2026-01-22,6914.43994140625,6934.75,6893.6201171875,6913.35009765625,5307580000.0,Thursday,January,-8.10986328125,6910.743017578125,0.005487502192628835,0.0054725007079021405
2026-01-23,6907.85009765625,6932.9599609375,6895.5,6915.60986328125,4871930000.0,Friday,January,-50.669921875,6910.026513671875,0.0003268698377891788,0.0003268164274822459
2026-01-26,6923.22998046875,6964.66015625,6921.60009765625,6950.22998046875,4968050000.0,Monday,January,-27.0400390625,6912.251000976563,0.005006083031276365,0.00499359426016032
2026-01-27,6965.9599609375,6988.81982421875,6958.830078125,6978.60009765625,5331720000.0,Tuesday,January,14.85986328125,6916.368994140625,0.004081896177137168,0.004073587840441241
2026-01-28,7002.0,7002.27978515625,6963.4599609375,6978.02978515625,5507670000.0,Wednesday,January,51.4296875,6922.9954833984375,-8.172305219089626e-05,-8.172639170147053e-05
2026-01-29,6977.740234375,6992.83984375,6870.7998046875,6969.009765625,6877780000.0,Thursday,January,24.53955078125,6929.170971679688,-0.001292631274007694,-0.0012934674424623016
2026-01-30,6947.27001953125,6964.08984375,6893.47998046875,6939.02978515625,6697340000.0,Friday,January,-0.97998046875,6933.198950195312,-0.004301899620894223,-0.0043111794144580756
2026-02-02,6916.64013671875,6991.919921875,6914.33984375,6976.43994140625,5772050000.0,Monday,February,36.43017578125,6936.91845703125,0.00539126612916796,0.005376785277364613
2026-02-03,6985.4501953125,6993.080078125,6862.0498046875,6917.81005859375,7017660000.0,Tuesday,February,120.9501953125,6935.56796875,-0.008403983020698336,-0.008439495590663714
2026-02-04,6924.5,6936.08984375,6838.7998046875,6882.72021484375,7475750000.0,Wednesday,February,7.10009765625,6933.657470703125,-0.005072391906223106,-0.005085300155013826
2026-02-05,6837.39013671875,6857.85009765625,6780.1298828125,6798.39990234375,6989120000.0,Thursday,February,-114.9501953125,6927.504467773438,-0.012251015567674717,-0.01232667785383289
2026-02-06,6816.740234375,6944.89013671875,6816.740234375,6932.2998046875,6283680000.0,Friday,February,16.68994140625,6925.80546875,0.0196957966973359,0.019504344282200718
2026-02-09,6917.259765625,6980.10009765625,6905.8701171875,6964.81982421875,5650260000.0,Monday,February,14.58984375,6925.182958984375,0.004691086716887227,0.004680117860123293
2026-02-10,6974.490234375,6986.830078125,6937.52978515625,6941.81005859375,5595950000.0,Tuesday,February,-36.7900390625,6924.086450195313,-0.003303712975458173,-0.0033091822845107053
2026-02-11,6976.47998046875,6993.47998046875,6911.97021484375,6941.47021484375,6175510000.0,Wednesday,February,-36.5595703125,6924.8299560546875,-4.895607156218951e-05,-4.89572699497733e-05
2026-02-12,6957.5400390625,6973.22021484375,6824.0400390625,6832.759765625,7118700000.0,Thursday,February,-136.25,6919.24443359375,-0.01566101212770199,-0.01578494138611745
2026-02-13,6834.27001953125,6881.9599609375,6794.5498046875,6836.169921875,5718360000.0,Friday,February,-102.85986328125,6914.05244140625,0.0004990891480125548,0.0004989646444475858
2026-02-16,6834.27001953125,6881.9599609375,6794.5498046875,6836.169921875,5718360000.0,Monday,February,-140.27001953125,6908.86044921875,0.0,0.0
2026-02-17,6819.85986328125,6866.990234375,6775.5,6843.22021484375,5418480000.0,Tuesday,February,-74.58984375,6911.178466796875,0.0010313220779065713,0.0010307906306565179
2026-02-18,6855.47998046875,6909.1201171875,6849.66015625,6881.31005859375,5098160000.0,Wednesday,February,-1.41015625,6911.462963867188,0.005566070147410729,0.005550636821134019
2026-02-19,6861.33984375,6879.1201171875,6833.06005859375,6861.89013671875,5151690000.0,Thursday,February,63.490234375,6908.889965820313,-0.0028221256867719813,-0.0028261153915347848
2026-02-20,6843.259765625,6915.85986328125,6836.330078125,6909.509765625,5432480000.0,Friday,February,-22.7900390625,6908.5849609375,0.006939724763506794,0.006915755702175204
2026-02-23,6901.25,6916.9599609375,6819.81982421875,6837.75,5638350000.0,Monday,February,-127.06982421875,6902.960961914063,-0.010385652247284827,-0.01043995947145646
2026-02-24,6837.3701171875,6899.169921875,6815.43017578125,6890.06982421875,5266090000.0,Tuesday,February,-51.740234375,6898.534448242188,0.0076516140863223114,0.007622488962383376
2026-02-25,6915.14990234375,6952.509765625,6915.14990234375,6946.1298828125,5328060000.0,Wednesday,February,4.65966796875,6896.939453125,0.008136355657339944,0.0081034339701294
2026-02-26,6944.740234375,6947.25,6859.72998046875,6908.85986328125,5889550000.0,Thursday,February,76.10009765625,6893.931958007813,-0.005365580569328343,-0.005380026995566101
2026-02-27,6856.5400390625,6882.9599609375,6831.740234375,6878.8798828125,6665660000.0,Friday,February,42.7099609375,6890.924462890625,-0.00433935281103115,-0.004348795128037643
2026-03-02,6824.35986328125,6901.009765625,6796.85009765625,6881.6201171875,6079080000.0,Monday,March,45.4501953125,6886.1834716796875,0.0003983547353176853,0.0003982754131349892
2026-03-03,6800.259765625,6840.0498046875,6710.419921875,6816.6298828125,6442080000.0,Tuesday,March,-26.59033203125,6881.124462890625,-0.009444031095625416,-0.009488908731312503
2026-03-04,6831.68994140625,6885.93994140625,6811.64013671875,6869.5,5252170000.0,Wednesday,March,-11.81005859375,6880.463452148438,0.007756049264286302,0.00772612574014956
2026-03-05,6851.080078125,6870.43017578125,6770.77978515625,6830.7099609375,5989300000.0,Thursday,March,-31.18017578125,6882.078955078125,-0.005646704863891072,-0.005662707772703004
2026-03-06,6769.02978515625,6773.419921875,6711.56005859375,6740.02001953125,5793120000.0,Friday,March,-169.48974609375,6872.4649658203125,-0.013276795812569242,-0.013365720432496335
2026-03-09,6699.7998046875,6810.43994140625,6636.0400390625,6795.990234375,6709410000.0,Monday,March,-41.759765625,6864.023486328125,0.008304161513105202,0.008269871665388671
2026-03-10,6796.56005859375,6845.080078125,6759.740234375,6781.47998046875,5944950000.0,Tuesday,March,-108.58984375,6856.006982421875,-0.0021351198877325173,-0.002137402505887721
2026-03-11,6790.08984375,6811.14990234375,6745.58984375,6775.7998046875,5511090000.0,Wednesday,March,-170.330078125,6847.723461914063,-0.0008376012017449197,-0.0008379521856348736
2026-03-12,6740.8798828125,6740.8798828125,6670.39990234375,6672.6201171875,6292170000.0,Thursday,March,-236.23974609375,6839.716479492187,-0.015227676506708532,-0.015344808189494536
2026-03-13,6673.490234375,6733.2998046875,6623.919921875,6632.18994140625,5337120000.0,Friday,March,-246.68994140625,6829.51748046875,-0.006059115470564369,-0.006077546398501344
2026-03-16,6674.3701171875,6729.7900390625,6674.3701171875,6699.3798828125,5176290000.0,Monday,March,-182.240234375,6822.677978515625,0.010130883162251969,0.010079909746818997
2026-03-17,6722.35009765625,6754.2998046875,6710.7998046875,6716.08984375,5063390000.0,Tuesday,March,-100.5400390625,6816.321459960937,0.0024942548757938,0.002491149384952951
2026-03-18,6697.16015625,6705.18017578125,6621.66015625,6624.7001953125,5275480000.0,Wednesday,March,-244.7998046875,6803.490966796875,-0.013607567880073446,-0.013700999383730839
2026-03-19,6583.1201171875,6636.740234375,6557.81982421875,6606.490234375,5973390000.0,Thursday,March,-224.2197265625,6790.720971679688,-0.002748797741878972,-0.002752582623899739
2026-03-20,6594.66015625,6594.66015625,6473.52001953125,6506.47998046875,10025820000.0,Friday,March,-233.5400390625,6770.569482421875,-0.015138182356779217,-0.015253934307770224
2026-03-23,6574.9599609375,6651.6201171875,6565.5498046875,6581.0,6020650000.0,Monday,March,-214.990234375,6757.731982421875,0.011453200463990454,0.0113881090950741
2026-03-24,6552.08984375,6595.75,6525.10986328125,6556.3701171875,5278580000.0,Tuesday,March,-225.10986328125,6741.0469970703125,-0.0037425745042546366,-0.0037495954593205535
2026-03-25,6598.35009765625,6633.93994140625,6568.41015625,6591.89990234375,4936720000.0,Wednesday,March,-183.89990234375,6723.335498046875,0.005419124381509377,0.005404493759949214
2026-03-26,6555.85986328125,6573.22021484375,6473.7900390625,6477.16015625,4845560000.0,Thursday,March,-195.4599609375,6701.750512695313,-0.017406172392416708,-0.017559440961209507
2026-03-27,6453.89013671875,6453.89013671875,6356.080078125,6368.85009765625,5303490000.0,Friday,March,-263.33984375,6676.2490234375,-0.01672184352107431,-0.01686323194605131
2026-03-30,6403.3701171875,6427.31005859375,6316.91015625,6343.72021484375,5458640000.0,Monday,March,-355.65966796875,6649.354028320313,-0.003945748828622642,-0.003953553833355896
2026-03-31,6395.8798828125,6539.0498046875,6395.8798828125,6528.52001953125,6396100000.0,Tuesday,March,-187.56982421875,6634.94853515625,0.02913114047102594,0.028714893309798716
2026-04-01,6556.56005859375,6609.669921875,6554.2900390625,6575.31982421875,5637260000.0,Wednesday,April,-49.38037109375,6620.239526367188,0.007168516684867399,0.0071429450037592815
2026-04-02,6512.60986328125,6601.91015625,6474.93994140625,6582.68994140625,4740740000.0,Thursday,April,-23.80029296875,6607.838525390625,0.0011208758485563575,0.0011202481362370179
2026-04-03,6512.60986328125,6601.91015625,6474.93994140625,6582.68994140625,4740740000.0,Friday,April,76.2099609375,6599.972021484375,0.0,0.0
2026-04-06,6587.66015625,6618.1298828125,6579.72021484375,6611.830078125,3906440000.0,Monday,April,30.830078125,6590.764013671875,0.0044267825126402816,0.004417013131605809
2026-04-07,6601.93017578125,6618.259765625,6534.5498046875,6616.85009765625,4555680000.0,Tuesday,April,60.47998046875,6582.53251953125,0.0007592481161695641,0.0007589600331270599
2026-04-08,6754.35986328125,6793.5,6740.27978515625,6782.81005859375,5904880000.0,Wednesday,April,190.91015625,6582.883032226562,0.025081414644149813,0.024772038357183543
2026-04-09,6783.68994140625,6835.31005859375,6761.5498046875,6824.66015625,4912410000.0,Thursday,April,347.5,6590.485034179687,0.006170023529293189,0.006151066869514015
2026-04-10,6839.240234375,6845.77001953125,6808.4599609375,6816.89013671875,4393220000.0,Friday,April,448.0400390625,6599.720043945313,-0.0011385210916523558,-0.0011391696991393636
2026-04-13,6806.47021484375,6887.0,6790.02001953125,6886.240234375,4785840000.0,Monday,April,542.52001953125,6609.063061523438,0.010173274948748201,0.010121875493741075
2026-04-14,6910.2001953125,6969.419921875,6905.169921875,6967.3798828125,5032380000.0,Tuesday,April,438.85986328125,6621.6275634765625,0.011782866364792755,0.011713988916143619
2026-04-15,6978.169921875,7026.240234375,6967.1298828125,7022.9501953125,5278610000.0,Wednesday,April,447.63037109375,6641.540063476563,0.007975783355387733,0.00794414491156507
2026-04-16,7037.77978515625,7051.22998046875,7008.52001953125,7041.27978515625,5173650000.0,Thursday,April,458.58984375,6663.279541015625,0.0026099558353673835,0.002606555815286028
2026-04-17,7074.5498046875,7147.52001953125,7074.5498046875,7126.06005859375,6145300000.0,Friday,April,543.3701171875,6694.258544921875,0.012040463669150903,0.011968553928737802
2026-04-20,7117.0498046875,7122.64990234375,7084.41015625,7109.14013671875,4661130000.0,Monday,April,497.31005859375,6720.665551757813,-0.002374372617670484,-0.0023771959102520377
2026-04-21,7122.64013671875,7137.27001953125,7050.2001953125,7064.009765625,5160270000.0,Tuesday,April,447.15966796875,6746.047534179687,-0.006348217959672997,-0.00636845358085314
2026-04-22,7102.91015625,7138.64013671875,7102.91015625,7137.89990234375,4919460000.0,Wednesday,April,355.08984375,6773.3475341796875,0.010460084168953943,0.010405756011537825
2026-04-23,7118.7998046875,7147.77978515625,7046.5498046875,7108.39990234375,5307260000.0,Thursday,April,283.73974609375,6804.909521484375,-0.004132868267081369,-0.004141432170939999
2026-04-24,7136.47998046875,7168.58984375,7112.81982421875,7165.080078125,4608830000.0,Friday,April,348.18994140625,6844.721020507813,0.007973689797975636,0.007942067917632457
2026-04-27,7152.72021484375,7178.740234375,7146.72021484375,7173.91015625,4783750000.0,Monday,April,287.669921875,6886.230517578125,0.0012323767534654362,0.0012316180005498539
2026-04-28,7133.740234375,7152.52001953125,7115.169921875,7138.7998046875,4900650000.0,Tuesday,April,171.419921875,6916.7445068359375,-0.004894172187521972,-0.0049061878687959495
2026-04-29,7131.60986328125,7145.6298828125,7107.85986328125,7135.9501953125,5123100000.0,Wednesday,April,113.0,6944.776025390625,-0.0003991720531409948,-0.00039925174351248426
2026-04-30,7161.75,7219.830078125,7126.14990234375,7209.009765625,5723790000.0,Thursday,April,167.72998046875,6976.092016601562,0.010238239941821936,0.010186184168105012
2026-05-01,7234.5400390625,7272.52001953125,7229.31982421875,7230.1201171875,4847390000.0,Friday,May,104.06005859375,7008.463525390625,0.002928328889657106,0.00292404968652147
2026-05-04,7228.3798828125,7244.5400390625,7174.1201171875,7200.75,5215480000.0,Monday,May,91.60986328125,7037.909521484375,-0.004062189384334225,-0.004070462487840939
2026-05-05,7233.6201171875,7273.259765625,7233.6201171875,7259.22021484375,5279760000.0,Tuesday,May,195.21044921875,7070.02802734375,0.008120017337603702,0.008087227380575185
2026-05-06,7294.14013671875,7369.22021484375,7294.14013671875,7365.1201171875,6579640000.0,Wednesday,May,227.22021484375,7099.143530273437,0.014588330317794274,0.014482944327746904
2026-05-07,7376.77978515625,7385.02001953125,7321.25,7337.10986328125,6237040000.0,Thursday,May,228.7099609375,7124.766015625,-0.003803095327784889,-0.0038103454826786936
2026-05-08,7362.97021484375,7401.5,7362.97021484375,7398.93017578125,5302740000.0,Friday,May,233.85009765625,7153.868017578125,0.008425703533400997,0.008390405429031966
2026-05-11,7385.31005859375,7428.97021484375,7384.2001953125,7412.83984375,5821910000.0,Monday,May,238.9296875,7180.197998046875,0.0018799566475542484,0.0018781917406753333
2026-05-12,7390.6298828125,7409.56982421875,7338.5400390625,7400.9599609375,5624790000.0,Tuesday,May,262.16015625,7201.877001953125,-0.0016026088601545085,-0.0016038944114079717
2026-05-13,7409.1201171875,7460.0400390625,7375.1298828125,7444.25,5716600000.0,Wednesday,May,308.2998046875,7222.9419921875,0.005849246488426552,0.005832206062995343
2026-05-14,7454.39990234375,7517.1201171875,7454.39990234375,7501.240234375,5267050000.0,Thursday,May,292.23046875,7245.940014648438,0.007655604577358366,0.007626449143738461
2026-05-15,7445.10986328125,7454.85009765625,7397.5,7408.5,5582070000.0,Friday,May,178.3798828125,7260.06201171875,-0.012363320128051747,-0.012440381787730354
2026-05-18,7415.06982421875,7434.06005859375,7353.169921875,7403.0498046875,5489500000.0,Monday,May,202.2998046875,7274.757495117187,-0.0007356678561787344,-0.0007359385925655567
2026-05-19,7375.75,7395.31982421875,7333.68017578125,7353.60986328125,5441140000.0,Tuesday,May,94.3896484375,7289.2375,-0.006678320788135905,-0.006700720556670582
2026-05-20,7369.18994140625,7435.68994140625,7357.4599609375,7432.97021484375,5384150000.0,Wednesday,May,67.85009765625,7303.991015625,0.010792026370445518,0.010734208066325955
2026-05-21,7410.77978515625,7465.9599609375,7389.47998046875,7445.72021484375,5440620000.0,Thursday,May,108.6103515625,7320.85703125,0.0017153304306989359,0.0017138609316666425
2026-05-22,7468.81982421875,7506.31982421875,7463.2900390625,7473.47021484375,4952440000.0,Friday,May,74.5400390625,7336.276538085937,0.0037269732409066503,0.003720045284340991
2026-05-25,7468.81982421875,7506.31982421875,7463.2900390625,7473.47021484375,4952440000.0,Monday,May,60.63037109375,7351.254541015625,0.0,0.0
2026-05-26,7511.7900390625,7539.08984375,7501.10009765625,7519.1201171875,5496060000.0,Tuesday,May,118.16015625,7370.270556640625,0.006108260424063872,0.006089680623147164
2026-05-27,7526.009765625,7530.72021484375,7499.72021484375,7520.35986328125,5524250000.0,Wednesday,May,76.10986328125,7389.491040039063,0.00016487914469087706,0.00016486555361860245
2026-05-28,7519.81982421875,7568.72021484375,7508.0400390625,7563.6298828125,5494860000.0,Thursday,May,62.3896484375,7407.2220458984375,0.005753716619668614,0.0057372272122164095
2026-05-29,7579.330078125,7599.3798828125,7563.5498046875,7580.06005859375,7858290000.0,Friday,May,171.56005859375,7424.71904296875,0.002172260678511728,0.0021699047314878454
2026-06-01,7582.2900390625,7617.66015625,7562.60986328125,7599.9599609375,6583960000.0,Monday,June,196.91015625,7444.679541015625,0.0026252961308912415,0.0026218560604907887
2026-06-02,7595.39990234375,7620.89990234375,7582.990234375,7609.77978515625,5904410000.0,Tuesday,June,256.169921875,7462.20751953125,0.0012920889411551784,0.0012912549125880068
2026-06-03,7605.31005859375,7605.35009765625,7551.22021484375,7553.68017578125,5753860000.0,Wednesday,June,120.7099609375,7471.635522460938,-0.007372041104846239,-0.007399348892067432
2026-06-04,7516.5400390625,7598.18994140625,7516.5400390625,7584.31005859375,5398910000.0,Thursday,June,138.58984375,7483.995532226562,0.004054961568363158,0.0040467623691873905
2026-06-05,7537.35986328125,7541.81005859375,7368.6298828125,7383.740234375,5591290000.0,Friday,June,-89.72998046875,7483.23603515625,-0.026445361894386843,-0.026801330315360895
2026-06-08,7440.56982421875,7466.81005859375,7395.1298828125,7405.72998046875,4898180000.0,Monday,June,-67.740234375,7482.880541992187,0.0029781310549599205,0.0029737052076611974
2026-06-09,7438.66015625,7483.14990234375,7237.85009765625,7386.64990234375,6006390000.0,Tuesday,June,-132.47021484375,7482.1650390625,-0.0025763939780845124,-0.0025797185926219454
2026-06-10,7350.5400390625,7396.56005859375,7265.93017578125,7266.990234375,5247300000.0,Wednesday,June,-253.36962890625,7473.30205078125,-0.016199450298948426,-0.016332095868206012
2026-06-11,7287.669921875,7412.68017578125,7257.330078125,7394.2998046875,5658920000.0,Thursday,June,-169.330078125,7467.955029296875,0.017518885564244746,0.01736719891346488
2026-06-12,7410.85009765625,7456.39990234375,7363.009765625,7431.4599609375,4950530000.0,Friday,June,-148.60009765625,7469.10302734375,0.0050255138730570525,0.005012928127161434
2026-06-15,7516.75,7577.919921875,7516.75,7554.2900390625,5674670000.0,Monday,June,-45.669921875,7476.6650390625,0.016528391294663436,0.01639328413858115
2026-06-16,7548.77978515625,7564.9599609375,7508.68017578125,7511.35009765625,5286210000.0,Tuesday,June,-98.4296875,7484.55205078125,-0.005684179609759754,-0.005700396039273383
2026-06-17,7524.5,7532.169921875,7402.60986328125,7420.10009765625,5883740000.0,Wednesday,June,-133.580078125,7483.908544921875,-0.012148282108228825,-0.012222675603360274
2026-06-18,7487.35986328125,7511.06982421875,7468.31982421875,7500.580078125,9061110000.0,Thursday,June,-83.72998046875,7486.651538085937,0.010846212235623431,0.010787813962926182
2026-06-19,7487.35986328125,7511.06982421875,7468.31982421875,7500.580078125,9061110000.0,Friday,June,116.83984375,7488.00703125,0.0,0.0
2026-06-22,7500.43994140625,7530.009765625,7460.009765625,7472.7900390625,5976740000.0,Monday,June,67.06005859375,7487.9730224609375,-0.003705051979052687,-0.003711932684976348
2026-06-23,7366.509765625,7424.169921875,7347.60009765625,7365.4599609375,5640530000.0,Tuesday,June,-21.18994140625,7480.290014648437,-0.014362785193208105,-0.014466928386098657
2026-06-24,7370.8798828125,7428.06005859375,7336.81982421875,7358.22021484375,5994860000.0,Wednesday,June,91.22998046875,7472.183032226562,-0.0009829319733113406,-0.000983415367731934
2026-06-25,7404.91015625,7419.080078125,7323.5,7357.490234375,5565760000.0,Thursday,June,-36.8095703125,7461.876049804688,-9.92061187945481e-05,-9.921104004703284e-05
2026-06-26,7312.740234375,7392.9501953125,7294.18017578125,7354.02001953125,9105600000.0,Friday,June,-77.43994140625,7450.574047851563,-0.00047165741757115853,-0.0004717686829183932
2026-06-29,7391.8798828125,7444.31982421875,7348.8798828125,7440.43017578125,5794570000.0,Monday,June,-113.85986328125,7442.59755859375,0.011750057250389023,0.01168156135934559
2026-06-30,7441.27001953125,7508.2900390625,7438.0400390625,7499.35986328125,6037540000.0,Tuesday,June,-11.990234375,7437.0765625,0.007920198981480553,0.007888998838148293
2026-07-01,7478.83984375,7521.81005859375,7449.6298828125,7483.22998046875,5782730000.0,Wednesday,July,63.1298828125,7433.554052734375,-0.0021508346187620875,-0.0021531509855513085
2026-07-02,7495.14013671875,7540.75,7427.5498046875,7483.240234375,5463520000.0,Thursday,July,-17.33984375,7428.500561523438,1.3702513856905796e-06,1.370250446897007e-06
2026-07-03,7495.14013671875,7540.75,7427.5498046875,7483.240234375,5463520000.0,Friday,July,-17.33984375,7433.475561523437,0.0,0.0
2026-07-06,7506.9599609375,7551.31005859375,7500.97021484375,7537.43017578125,4971110000.0,Monday,July,64.64013671875,7440.060571289063,0.00724150765029874,0.0072154138304445295
2026-07-07,7516.6298828125,7536.06005859375,7478.6298828125,7503.85009765625,5049590000.0,Tuesday,July,138.39013671875,7445.920581054687,-0.0044551096782159405,-0.004465063253185491
2026-07-08,7476.5400390625,7488.509765625,7421.81982421875,7482.7099609375,5102020000.0,Wednesday,July,124.48974609375,7456.706567382813,-0.002817238676629863,-0.0028212145626126694
2026-07-09,7491.60009765625,7546.89013671875,7481.72998046875,7543.64013671875,4442950000.0,Thursday,July,186.14990234375,7464.173583984375,0.008142795337428232,0.008109821657156896
2026-07-10,7547.64013671875,7579.93017578125,7508.16015625,7575.39013671875,4006370000.0,Friday,July,221.3701171875,7471.370092773437,0.004208843399813977,0.004200010992571727
2026-07-13,7547.52978515625,7565.3701171875,7506.41015625,7515.33984375,4729990000.0,Monday,July,74.90966796875,7469.422583007812,-0.007927023147980106,-0.007958609028043705
2026-07-14,7536.7001953125,7557.43994140625,7513.22998046875,7543.58984375,4836950000.0,Tuesday,July,44.22998046875,7471.0345703125,0.0037589783811964317,0.003751931076883282
2026-07-15,7571.72021484375,7581.5,7526.9501953125,7572.39990234375,5236550000.0,Wednesday,July,89.169921875,7478.649560546875,0.003819144358387927,0.003811869942054222
2026-07-16,7558.7998046875,7570.740234375,7504.02001953125,7533.77001953125,5365300000.0,Thursday,July,50.52978515625,7480.309057617187,-0.005101405539945647,-0.005114462132765812
2026-07-17,7447.52001953125,7498.47021484375,7431.259765625,7457.68994140625,5303290000.0,Friday,July,-25.55029296875,7478.16455078125,-0.010098540030789804,-0.010149876192112738
2026-07-20,7489.18017578125,7513.22998046875,7440.52978515625,7443.27978515625,5152910000.0,Monday,July,-94.150390625,7476.689038085938,-0.0019322546744660052,-0.0019341238867804414
2026-07-21,7489.9501953125,7515.31005859375,7467.85986328125,7509.2001953125,5149030000.0,Tuesday,July,5.35009765625,7483.876049804688,0.008856366018608064,0.008817378432212827
2026-07-22,7497.47021484375,7525.93994140625,7485.85009765625,7498.9599609375,4890390000.0,Wednesday,July,16.25,7490.913037109375,-0.0013636917526039793,-0.0013646224263997142
2026-07-23,7418.2900390625,7450.1201171875,7376.0,7408.2998046875,5515210000.0,Thursday,July,-135.34033203125,7493.453515625,-0.012089697334330851,-0.012163372131276511
2026-07-24,7406.2998046875,7460.97998046875,7396.52978515625,7411.97998046875,4860620000.0,Friday,July,-163.41015625,7496.351513671875,0.0004967638835191579,0.0004966405371888175
2026-07-27,7464.2001953125,7480.56982421875,7382.740234375,7413.18017578125,5038290000.0,Monday,July,-102.15966796875,7494.989013671875,0.0001619264104413265,0.00016191330177520104
2026-07-28,7395.5498046875,7452.08984375,7382.9501953125,7428.77978515625,5590890000.0,Tuesday,July,-114.81005859375,7491.460009765625,0.002104307328987254,0.0021020963754603476
2026-07-29,7418.16015625,7450.83984375,7313.919921875,7316.14990234375,5836350000.0,Wednesday,July,-256.25,7483.106005859375,-0.015161289750108109,-0.015277397157074194
